2026-03-09 11:36:30 - INFO - com.gotcha.gotcha_api.GotchaApiApplication - Starting GotchaApiApplication using Java 23.0.1 with PID 11460 (G:\Work\gotcha-cafe\gotcha-api\gotcha-api\target\classes started by Maksym in G:\Work\gotcha-cafe\gotcha-api\gotcha-api)
2026-03-09 11:36:30 - INFO - com.gotcha.gotcha_api.GotchaApiApplication - No active profile set, falling back to 1 default profile: "default"
2026-03-09 11:36:31 - INFO - org.springframework.data.repository.config.RepositoryConfigurationDelegate - Bootstrapping Spring Data JPA repositories in DEFAULT mode.
2026-03-09 11:36:31 - INFO - org.springframework.data.repository.config.RepositoryConfigurationDelegate - Finished Spring Data repository scanning in 76 ms. Found 6 JPA repository interfaces.
2026-03-09 11:36:31 - INFO - org.springframework.boot.tomcat.TomcatWebServer - Tomcat initialized with port 8080 (http)
2026-03-09 11:36:31 - INFO - org.apache.catalina.core.StandardService - Starting service [Tomcat]
2026-03-09 11:36:31 - INFO - org.apache.catalina.core.StandardEngine - Starting Servlet engine: [Apache Tomcat/11.0.15]
2026-03-09 11:36:31 - INFO - org.springframework.boot.web.context.servlet.WebApplicationContextInitializer - Root WebApplicationContext: initialization completed in 1345 ms
2026-03-09 11:36:31 - INFO - com.gotcha.gotcha_api.service.JWTService - Generated key length: 256 bits
2026-03-09 11:36:32 - INFO - com.zaxxer.hikari.HikariDataSource - HikariPool-1 - Starting...
2026-03-09 11:36:32 - INFO - com.zaxxer.hikari.pool.HikariPool - HikariPool-1 - Added connection org.postgresql.jdbc.PgConnection@6ce15112
2026-03-09 11:36:32 - INFO - com.zaxxer.hikari.HikariDataSource - HikariPool-1 - Start completed.
2026-03-09 11:36:32 - INFO - org.flywaydb.core.FlywayExecutor - Database: jdbc:postgresql://localhost:5432/gotcha (PostgreSQL 18.1)
2026-03-09 11:36:32 - INFO - org.flywaydb.core.internal.schemahistory.JdbcTableSchemaHistory - Repair of failed migration in Schema History table "public"."flyway_schema_history" not necessary. No failed migration detected.
2026-03-09 11:36:32 - INFO - org.flywaydb.core.internal.command.DbRepair - Successfully repaired schema history table "public"."flyway_schema_history" (execution time 00:00.187s).
2026-03-09 11:36:32 - INFO - org.flywaydb.core.internal.command.DbValidate - Successfully validated 18 migrations (execution time 00:00.018s)
2026-03-09 11:36:32 - INFO - org.flywaydb.core.internal.command.DbMigrate - Current version of schema "public": 18
2026-03-09 11:36:32 - INFO - org.flywaydb.core.internal.command.DbMigrate - Schema "public" is up to date. No migration necessary.
2026-03-09 11:36:33 - INFO - org.hibernate.orm.jpa - HHH008540: Processing PersistenceUnitInfo [name: default]
2026-03-09 11:36:33 - INFO - org.hibernate.orm.core - HHH000001: Hibernate ORM core version 7.2.1.Final
2026-03-09 11:36:33 - INFO - org.springframework.orm.jpa.persistenceunit.SpringPersistenceUnitInfo - No LoadTimeWeaver setup: ignoring JPA class transformer
2026-03-09 11:36:33 - INFO - org.hibernate.orm.connections.pooling - HHH10001005: Database info:
	Database JDBC URL [jdbc:postgresql://localhost:5432/gotcha]
	Database driver: PostgreSQL JDBC Driver
	Database dialect: PostgreSQLDialect
	Database version: 18.1
	Default catalog/schema: gotcha/public
	Autocommit mode: undefined/unknown
	Isolation level: READ_COMMITTED [default READ_COMMITTED]
	JDBC fetch size: none
	Pool: DataSourceConnectionProvider
	Minimum pool size: undefined/unknown
	Maximum pool size: undefined/unknown
2026-03-09 11:36:34 - INFO - org.hibernate.orm.core - HHH000489: No JTA platform available (set 'hibernate.transaction.jta.platform' to enable JTA platform integration)
2026-03-09 11:36:35 - INFO - org.springframework.orm.jpa.LocalContainerEntityManagerFactoryBean - Initialized JPA EntityManagerFactory for persistence unit 'default'
2026-03-09 11:36:35 - INFO - org.springframework.data.jpa.repository.query.QueryEnhancerFactories - Hibernate is in classpath; If applicable, HQL parser will be used.
2026-03-09 11:36:35 - INFO - org.springframework.security.config.annotation.authentication.configuration.InitializeAuthenticationProviderBeanManagerConfigurer$InitializeAuthenticationProviderManagerConfigurer - Global AuthenticationManager configured with AuthenticationProvider bean with name authProvider
2026-03-09 11:36:35 - WARN - org.springframework.security.config.annotation.authentication.configuration.InitializeUserDetailsBeanManagerConfigurer$InitializeUserDetailsManagerConfigurer - Global AuthenticationManager configured with an AuthenticationProvider bean. UserDetailsService beans will not be used by Spring Security for automatically configuring username/password login. Consider removing the AuthenticationProvider bean. Alternatively, consider using the UserDetailsService in a manually instantiated DaoAuthenticationProvider. If the current configuration is intentional, to turn off this warning, increase the logging level of 'org.springframework.security.config.annotation.authentication.configuration.InitializeUserDetailsBeanManagerConfigurer' to ERROR
2026-03-09 11:36:36 - WARN - org.springframework.boot.jpa.autoconfigure.JpaBaseConfiguration$JpaWebConfiguration - spring.jpa.open-in-view is enabled by default. Therefore, database queries may be performed during view rendering. Explicitly configure spring.jpa.open-in-view to disable this warning
2026-03-09 11:36:36 - DEBUG - org.springframework.security.web.DefaultSecurityFilterChain - Will secure any request with filters: DisableEncodeUrlFilter, WebAsyncManagerIntegrationFilter, SecurityContextHolderFilter, HeaderWriterFilter, LogoutFilter, JWTFilter, RequestCacheAwareFilter, SecurityContextHolderAwareRequestFilter, AnonymousAuthenticationFilter, SessionManagementFilter, ExceptionTranslationFilter, AuthorizationFilter
2026-03-09 11:36:36 - INFO - org.springframework.boot.tomcat.TomcatWebServer - Tomcat started on port 8080 (http) with context path '/'
2026-03-09 11:36:36 - INFO - com.gotcha.gotcha_api.GotchaApiApplication - Started GotchaApiApplication in 6.67 seconds (process running for 7.484)
2026-03-09 11:39:41 - INFO - org.apache.catalina.core.ContainerBase.[Tomcat].[localhost].[/] - Initializing Spring DispatcherServlet 'dispatcherServlet'
2026-03-09 11:39:41 - INFO - org.springframework.web.servlet.DispatcherServlet - Initializing Servlet 'dispatcherServlet'
2026-03-09 11:39:41 - INFO - org.springframework.web.servlet.DispatcherServlet - Completed initialization in 0 ms
2026-03-09 11:39:41 - DEBUG - org.springframework.security.web.FilterChainProxy - Securing POST /api/webhook/stripe
2026-03-09 11:39:41 - DEBUG - org.springframework.security.web.authentication.AnonymousAuthenticationFilter - Set SecurityContextHolder to anonymous SecurityContext
2026-03-09 11:39:41 - DEBUG - org.springframework.security.web.FilterChainProxy - Secured POST /api/webhook/stripe
2026-03-09 11:39:41 - INFO - com.gotcha.gotcha_api.controller.WebhookController - Received Stripe webhook event: type=customer.created, id=evt_1T928kHk0gTF58U3puJ398bc
2026-03-09 11:39:41 - INFO - com.gotcha.gotcha_api.controller.WebhookController - Unhandled event type: customer.created
2026-03-09 11:39:41 - DEBUG - org.springframework.security.web.FilterChainProxy - Securing POST /api/webhook/stripe
2026-03-09 11:39:41 - DEBUG - org.springframework.security.web.authentication.AnonymousAuthenticationFilter - Set SecurityContextHolder to anonymous SecurityContext
2026-03-09 11:39:41 - DEBUG - org.springframework.security.web.FilterChainProxy - Secured POST /api/webhook/stripe
2026-03-09 11:39:41 - INFO - com.gotcha.gotcha_api.controller.WebhookController - Received Stripe webhook event: type=payment_method.attached, id=evt_1T928lHk0gTF58U3samTywxp
2026-03-09 11:39:41 - INFO - com.gotcha.gotcha_api.controller.WebhookController - Unhandled event type: payment_method.attached
2026-03-09 11:39:42 - DEBUG - org.springframework.security.web.FilterChainProxy - Securing POST /api/webhook/stripe
2026-03-09 11:39:42 - DEBUG - org.springframework.security.web.authentication.AnonymousAuthenticationFilter - Set SecurityContextHolder to anonymous SecurityContext
2026-03-09 11:39:42 - DEBUG - org.springframework.security.web.FilterChainProxy - Secured POST /api/webhook/stripe
2026-03-09 11:39:42 - INFO - com.gotcha.gotcha_api.controller.WebhookController - Received Stripe webhook event: type=customer.updated, id=evt_1T928mHk0gTF58U366e1NJox
2026-03-09 11:39:42 - INFO - com.gotcha.gotcha_api.controller.WebhookController - Unhandled event type: customer.updated
2026-03-09 11:39:42 - DEBUG - org.springframework.security.web.FilterChainProxy - Securing POST /api/webhook/stripe
2026-03-09 11:39:42 - DEBUG - org.springframework.security.web.authentication.AnonymousAuthenticationFilter - Set SecurityContextHolder to anonymous SecurityContext
2026-03-09 11:39:42 - DEBUG - org.springframework.security.web.FilterChainProxy - Secured POST /api/webhook/stripe
2026-03-09 11:39:42 - INFO - com.gotcha.gotcha_api.controller.WebhookController - Received Stripe webhook event: type=invoiceitem.created, id=evt_1T928mHk0gTF58U3LgDHGGMh
2026-03-09 11:39:42 - INFO - com.gotcha.gotcha_api.controller.WebhookController - Unhandled event type: invoiceitem.created
2026-03-09 11:39:42 - DEBUG - org.springframework.security.web.FilterChainProxy - Securing POST /api/webhook/stripe
2026-03-09 11:39:42 - DEBUG - org.springframework.security.web.authentication.AnonymousAuthenticationFilter - Set SecurityContextHolder to anonymous SecurityContext
2026-03-09 11:39:42 - DEBUG - org.springframework.security.web.FilterChainProxy - Secured POST /api/webhook/stripe
2026-03-09 11:39:42 - INFO - com.gotcha.gotcha_api.controller.WebhookController - Received Stripe webhook event: type=invoice.created, id=evt_1T928mHk0gTF58U37t3sL0mn
2026-03-09 11:39:42 - INFO - com.gotcha.gotcha_api.controller.WebhookController - Unhandled event type: invoice.created
2026-03-09 11:39:45 - DEBUG - org.springframework.security.web.FilterChainProxy - Securing POST /api/webhook/stripe
2026-03-09 11:39:45 - DEBUG - org.springframework.security.web.authentication.AnonymousAuthenticationFilter - Set SecurityContextHolder to anonymous SecurityContext
2026-03-09 11:39:45 - DEBUG - org.springframework.security.web.FilterChainProxy - Secured POST /api/webhook/stripe
2026-03-09 11:39:45 - INFO - com.gotcha.gotcha_api.controller.WebhookController - Received Stripe webhook event: type=charge.succeeded, id=evt_3T928nHk0gTF58U30VpXmO5G
2026-03-09 11:39:45 - INFO - com.gotcha.gotcha_api.controller.WebhookController - Unhandled event type: charge.succeeded
2026-03-09 11:39:45 - DEBUG - org.springframework.security.web.FilterChainProxy - Securing POST /api/webhook/stripe
2026-03-09 11:39:45 - DEBUG - org.springframework.security.web.authentication.AnonymousAuthenticationFilter - Set SecurityContextHolder to anonymous SecurityContext
2026-03-09 11:39:45 - DEBUG - org.springframework.security.web.FilterChainProxy - Secured POST /api/webhook/stripe
2026-03-09 11:39:45 - INFO - com.gotcha.gotcha_api.controller.WebhookController - Received Stripe webhook event: type=payment_intent.succeeded, id=evt_3T928nHk0gTF58U30jiBVEcS
2026-03-09 11:39:45 - INFO - com.gotcha.gotcha_api.controller.WebhookController - Unhandled event type: payment_intent.succeeded
2026-03-09 11:39:45 - DEBUG - org.springframework.security.web.FilterChainProxy - Securing POST /api/webhook/stripe
2026-03-09 11:39:45 - DEBUG - org.springframework.security.web.authentication.AnonymousAuthenticationFilter - Set SecurityContextHolder to anonymous SecurityContext
2026-03-09 11:39:45 - DEBUG - org.springframework.security.web.FilterChainProxy - Secured POST /api/webhook/stripe
2026-03-09 11:39:45 - INFO - com.gotcha.gotcha_api.controller.WebhookController - Received Stripe webhook event: type=payment_intent.created, id=evt_3T928nHk0gTF58U30jsgnNWI
2026-03-09 11:39:45 - INFO - com.gotcha.gotcha_api.controller.WebhookController - Unhandled event type: payment_intent.created
2026-03-09 11:39:46 - DEBUG - org.springframework.security.web.FilterChainProxy - Securing POST /api/webhook/stripe
2026-03-09 11:39:46 - DEBUG - org.springframework.security.web.authentication.AnonymousAuthenticationFilter - Set SecurityContextHolder to anonymous SecurityContext
2026-03-09 11:39:46 - DEBUG - org.springframework.security.web.FilterChainProxy - Secured POST /api/webhook/stripe
2026-03-09 11:39:46 - INFO - com.gotcha.gotcha_api.controller.WebhookController - Received Stripe webhook event: type=invoice.updated, id=evt_1T928qHk0gTF58U3PeGck8B4
2026-03-09 11:39:46 - INFO - com.gotcha.gotcha_api.controller.WebhookController - Unhandled event type: invoice.updated
2026-03-09 11:39:46 - DEBUG - org.springframework.security.web.FilterChainProxy - Securing POST /api/webhook/stripe
2026-03-09 11:39:46 - DEBUG - org.springframework.security.web.authentication.AnonymousAuthenticationFilter - Set SecurityContextHolder to anonymous SecurityContext
2026-03-09 11:39:46 - DEBUG - org.springframework.security.web.FilterChainProxy - Secured POST /api/webhook/stripe
2026-03-09 11:39:46 - INFO - com.gotcha.gotcha_api.controller.WebhookController - Received Stripe webhook event: type=invoice.finalized, id=evt_1T928qHk0gTF58U3hHhLYxYp
2026-03-09 11:39:46 - INFO - com.gotcha.gotcha_api.controller.WebhookController - Unhandled event type: invoice.finalized
2026-03-09 11:39:46 - DEBUG - org.springframework.security.web.FilterChainProxy - Securing POST /api/webhook/stripe
2026-03-09 11:39:46 - DEBUG - org.springframework.security.web.authentication.AnonymousAuthenticationFilter - Set SecurityContextHolder to anonymous SecurityContext
2026-03-09 11:39:46 - DEBUG - org.springframework.security.web.FilterChainProxy - Secured POST /api/webhook/stripe
2026-03-09 11:39:46 - INFO - com.gotcha.gotcha_api.controller.WebhookController - Received Stripe webhook event: type=invoice.paid, id=evt_1T928qHk0gTF58U3HHyVLk0O
2026-03-09 11:39:46 - DEBUG - org.springframework.security.web.FilterChainProxy - Securing POST /api/webhook/stripe
2026-03-09 11:39:46 - DEBUG - org.springframework.security.web.authentication.AnonymousAuthenticationFilter - Set SecurityContextHolder to anonymous SecurityContext
2026-03-09 11:39:46 - DEBUG - org.springframework.security.web.FilterChainProxy - Secured POST /api/webhook/stripe
2026-03-09 11:39:46 - INFO - com.gotcha.gotcha_api.controller.WebhookController - Received Stripe webhook event: type=invoice.payment_succeeded, id=evt_1T928qHk0gTF58U3mInkCF6F
2026-03-09 11:39:46 - INFO - com.gotcha.gotcha_api.controller.WebhookController - Unhandled event type: invoice.payment_succeeded
2026-03-09 11:39:47 - INFO - com.gotcha.gotcha_api.controller.WebhookController - invoice.paid: activating subscription for customer=cus_U7GgOGEXogqjre
2026-03-09 11:40:23 - DEBUG - org.springframework.security.web.FilterChainProxy - Securing POST /api/webhook/stripe
2026-03-09 11:40:23 - DEBUG - org.springframework.security.web.authentication.AnonymousAuthenticationFilter - Set SecurityContextHolder to anonymous SecurityContext
2026-03-09 11:40:23 - DEBUG - org.springframework.security.web.FilterChainProxy - Secured POST /api/webhook/stripe
2026-03-09 11:40:23 - INFO - com.gotcha.gotcha_api.controller.WebhookController - Received Stripe webhook event: type=invoice_payment.paid, id=evt_1T929RHk0gTF58U3ejWOdSBr
2026-03-09 11:40:23 - INFO - com.gotcha.gotcha_api.controller.WebhookController - Unhandled event type: invoice_payment.paid
2026-03-09 11:41:42 - DEBUG - org.springframework.security.web.FilterChainProxy - Securing POST /api/login
2026-03-09 11:41:42 - DEBUG - org.springframework.security.web.authentication.AnonymousAuthenticationFilter - Set SecurityContextHolder to anonymous SecurityContext
2026-03-09 11:41:42 - DEBUG - org.springframework.security.web.FilterChainProxy - Secured POST /api/login
2026-03-09 11:41:44 - DEBUG - org.springframework.security.authentication.dao.DaoAuthenticationProvider - Authenticated user
2026-03-09 11:41:57 - DEBUG - org.springframework.security.web.FilterChainProxy - Securing POST /api/member/subscription
2026-03-09 11:41:57 - DEBUG - org.springframework.security.web.FilterChainProxy - Secured POST /api/member/subscription
2026-03-09 11:42:00 - DEBUG - org.springframework.security.web.FilterChainProxy - Securing POST /api/webhook/stripe
2026-03-09 11:42:00 - DEBUG - org.springframework.security.web.FilterChainProxy - Securing POST /api/webhook/stripe
2026-03-09 11:42:00 - DEBUG - org.springframework.security.web.authentication.AnonymousAuthenticationFilter - Set SecurityContextHolder to anonymous SecurityContext
2026-03-09 11:42:00 - DEBUG - org.springframework.security.web.authentication.AnonymousAuthenticationFilter - Set SecurityContextHolder to anonymous SecurityContext
2026-03-09 11:42:00 - DEBUG - org.springframework.security.web.FilterChainProxy - Secured POST /api/webhook/stripe
2026-03-09 11:42:00 - DEBUG - org.springframework.security.web.FilterChainProxy - Secured POST /api/webhook/stripe
2026-03-09 11:42:00 - INFO - com.gotcha.gotcha_api.controller.WebhookController - Received Stripe webhook event: type=payment_intent.created, id=evt_3T92AzHk0gTF58U30Qv4hayG
2026-03-09 11:42:00 - INFO - com.gotcha.gotcha_api.controller.WebhookController - Received Stripe webhook event: type=customer.subscription.created, id=evt_1T92B0Hk0gTF58U3VYEuxjii
2026-03-09 11:42:00 - INFO - com.gotcha.gotcha_api.controller.WebhookController - Unhandled event type: payment_intent.created
2026-03-09 11:42:00 - INFO - com.gotcha.gotcha_api.controller.WebhookController - Unhandled event type: customer.subscription.created
2026-03-09 11:42:00 - DEBUG - org.springframework.security.web.FilterChainProxy - Securing POST /api/webhook/stripe
2026-03-09 11:42:00 - DEBUG - org.springframework.security.web.authentication.AnonymousAuthenticationFilter - Set SecurityContextHolder to anonymous SecurityContext
2026-03-09 11:42:00 - DEBUG - org.springframework.security.web.FilterChainProxy - Secured POST /api/webhook/stripe
2026-03-09 11:42:00 - DEBUG - org.springframework.security.web.FilterChainProxy - Securing POST /api/webhook/stripe
2026-03-09 11:42:00 - INFO - com.gotcha.gotcha_api.controller.WebhookController - Received Stripe webhook event: type=invoice.created, id=evt_1T92B0Hk0gTF58U3wibyXbSj
2026-03-09 11:42:00 - DEBUG - org.springframework.security.web.authentication.AnonymousAuthenticationFilter - Set SecurityContextHolder to anonymous SecurityContext
2026-03-09 11:42:00 - INFO - com.gotcha.gotcha_api.controller.WebhookController - Unhandled event type: invoice.created
2026-03-09 11:42:00 - DEBUG - org.springframework.security.web.FilterChainProxy - Secured POST /api/webhook/stripe
2026-03-09 11:42:00 - INFO - com.gotcha.gotcha_api.controller.WebhookController - Received Stripe webhook event: type=invoice.finalized, id=evt_1T92B0Hk0gTF58U3ewXEMQm1
2026-03-09 11:42:00 - INFO - com.gotcha.gotcha_api.controller.WebhookController - Unhandled event type: invoice.finalized
2026-03-09 11:53:42 - WARN - com.zaxxer.hikari.pool.PoolBase - HikariPool-1 - Failed to validate connection org.postgresql.jdbc.PgConnection@77aabc88 (This connection has been closed.). Possibly consider using a shorter maxLifetime value.
2026-03-09 11:53:49 - WARN - com.zaxxer.hikari.pool.PoolBase - HikariPool-1 - Failed to validate connection org.postgresql.jdbc.PgConnection@52a7cabe (This connection has been closed.). Possibly consider using a shorter maxLifetime value.
2026-03-09 11:53:51 - WARN - com.zaxxer.hikari.pool.PoolBase - HikariPool-1 - Failed to validate connection org.postgresql.jdbc.PgConnection@2a7017e6 (This connection has been closed.). Possibly consider using a shorter maxLifetime value.
2026-03-09 11:53:53 - WARN - com.zaxxer.hikari.pool.PoolBase - HikariPool-1 - Failed to validate connection org.postgresql.jdbc.PgConnection@48391ce2 (This connection has been closed.). Possibly consider using a shorter maxLifetime value.
2026-03-09 11:53:59 - WARN - com.zaxxer.hikari.pool.PoolBase - HikariPool-1 - Failed to validate connection org.postgresql.jdbc.PgConnection@24a7dd61 (This connection has been closed.). Possibly consider using a shorter maxLifetime value.
2026-03-09 11:54:07 - WARN - com.zaxxer.hikari.pool.PoolBase - HikariPool-1 - Failed to validate connection org.postgresql.jdbc.PgConnection@25367dd2 (This connection has been closed.). Possibly consider using a shorter maxLifetime value.
2026-03-09 11:54:07 - WARN - com.zaxxer.hikari.pool.PoolBase - HikariPool-1 - Failed to validate connection org.postgresql.jdbc.PgConnection@6ce15112 (This connection has been closed.). Possibly consider using a shorter maxLifetime value.
2026-03-09 11:54:08 - WARN - com.zaxxer.hikari.pool.PoolBase - HikariPool-1 - Failed to validate connection org.postgresql.jdbc.PgConnection@3f3e2683 (This connection has been closed.). Possibly consider using a shorter maxLifetime value.
2026-03-09 11:54:24 - WARN - com.zaxxer.hikari.pool.PoolBase - HikariPool-1 - Failed to validate connection org.postgresql.jdbc.PgConnection@2cd91941 (This connection has been closed.). Possibly consider using a shorter maxLifetime value.
2026-03-09 11:55:08 - WARN - com.zaxxer.hikari.pool.PoolBase - HikariPool-1 - Failed to validate connection org.postgresql.jdbc.PgConnection@5ac3f156 (This connection has been closed.). Possibly consider using a shorter maxLifetime value.
2026-03-09 11:55:38 - INFO - org.springframework.boot.tomcat.GracefulShutdown - Commencing graceful shutdown. Waiting for active requests to complete
2026-03-09 11:55:38 - INFO - org.springframework.boot.tomcat.GracefulShutdown - Graceful shutdown complete
2026-03-09 11:55:38 - INFO - org.springframework.orm.jpa.LocalContainerEntityManagerFactoryBean - Closing JPA EntityManagerFactory for persistence unit 'default'
2026-03-09 11:55:38 - INFO - com.zaxxer.hikari.HikariDataSource - HikariPool-1 - Shutdown initiated...
2026-03-09 11:55:38 - INFO - com.zaxxer.hikari.HikariDataSource - HikariPool-1 - Shutdown completed.
2026-03-09 11:58:59 - INFO - com.gotcha.gotcha_api.GotchaApiApplication - Starting GotchaApiApplication using Java 23.0.1 with PID 12728 (G:\Work\gotcha-cafe\gotcha-api\gotcha-api\target\classes started by Maksym in G:\Work\gotcha-cafe\gotcha-api\gotcha-api)
2026-03-09 11:58:59 - INFO - com.gotcha.gotcha_api.GotchaApiApplication - No active profile set, falling back to 1 default profile: "default"
2026-03-09 11:59:00 - INFO - org.springframework.data.repository.config.RepositoryConfigurationDelegate - Bootstrapping Spring Data JPA repositories in DEFAULT mode.
2026-03-09 11:59:00 - INFO - org.springframework.data.repository.config.RepositoryConfigurationDelegate - Finished Spring Data repository scanning in 63 ms. Found 6 JPA repository interfaces.
2026-03-09 11:59:01 - INFO - org.springframework.boot.tomcat.TomcatWebServer - Tomcat initialized with port 8080 (http)
2026-03-09 11:59:01 - INFO - org.apache.catalina.core.StandardService - Starting service [Tomcat]
2026-03-09 11:59:01 - INFO - org.apache.catalina.core.StandardEngine - Starting Servlet engine: [Apache Tomcat/11.0.15]
2026-03-09 11:59:01 - INFO - org.springframework.boot.web.context.servlet.WebApplicationContextInitializer - Root WebApplicationContext: initialization completed in 1167 ms
2026-03-09 11:59:01 - INFO - com.gotcha.gotcha_api.service.JWTService - Generated key length: 256 bits
2026-03-09 11:59:01 - INFO - com.zaxxer.hikari.HikariDataSource - HikariPool-1 - Starting...
2026-03-09 11:59:01 - INFO - com.zaxxer.hikari.pool.HikariPool - HikariPool-1 - Added connection org.postgresql.jdbc.PgConnection@42aa1324
2026-03-09 11:59:01 - INFO - com.zaxxer.hikari.HikariDataSource - HikariPool-1 - Start completed.
2026-03-09 11:59:01 - INFO - org.flywaydb.core.FlywayExecutor - Database: jdbc:postgresql://localhost:5432/gotcha (PostgreSQL 18.1)
2026-03-09 11:59:01 - INFO - org.flywaydb.core.internal.schemahistory.JdbcTableSchemaHistory - Repair of failed migration in Schema History table "public"."flyway_schema_history" not necessary. No failed migration detected.
2026-03-09 11:59:01 - INFO - org.flywaydb.core.internal.command.DbRepair - Successfully repaired schema history table "public"."flyway_schema_history" (execution time 00:00.039s).
2026-03-09 11:59:01 - INFO - org.flywaydb.core.internal.command.DbValidate - Successfully validated 18 migrations (execution time 00:00.012s)
2026-03-09 11:59:01 - INFO - org.flywaydb.core.internal.command.DbMigrate - Current version of schema "public": 18
2026-03-09 11:59:01 - INFO - org.flywaydb.core.internal.command.DbMigrate - Schema "public" is up to date. No migration necessary.
2026-03-09 11:59:01 - INFO - org.hibernate.orm.jpa - HHH008540: Processing PersistenceUnitInfo [name: default]
2026-03-09 11:59:01 - INFO - org.hibernate.orm.core - HHH000001: Hibernate ORM core version 7.2.1.Final
2026-03-09 11:59:02 - INFO - org.springframework.orm.jpa.persistenceunit.SpringPersistenceUnitInfo - No LoadTimeWeaver setup: ignoring JPA class transformer
2026-03-09 11:59:02 - INFO - org.hibernate.orm.connections.pooling - HHH10001005: Database info:
	Database JDBC URL [jdbc:postgresql://localhost:5432/gotcha]
	Database driver: PostgreSQL JDBC Driver
	Database dialect: PostgreSQLDialect
	Database version: 18.1
	Default catalog/schema: gotcha/public
	Autocommit mode: undefined/unknown
	Isolation level: READ_COMMITTED [default READ_COMMITTED]
	JDBC fetch size: none
	Pool: DataSourceConnectionProvider
	Minimum pool size: undefined/unknown
	Maximum pool size: undefined/unknown
2026-03-09 11:59:03 - INFO - org.hibernate.orm.core - HHH000489: No JTA platform available (set 'hibernate.transaction.jta.platform' to enable JTA platform integration)
2026-03-09 11:59:03 - INFO - org.springframework.orm.jpa.LocalContainerEntityManagerFactoryBean - Initialized JPA EntityManagerFactory for persistence unit 'default'
2026-03-09 11:59:03 - INFO - org.springframework.data.jpa.repository.query.QueryEnhancerFactories - Hibernate is in classpath; If applicable, HQL parser will be used.
2026-03-09 11:59:03 - INFO - org.springframework.security.config.annotation.authentication.configuration.InitializeAuthenticationProviderBeanManagerConfigurer$InitializeAuthenticationProviderManagerConfigurer - Global AuthenticationManager configured with AuthenticationProvider bean with name authProvider
2026-03-09 11:59:03 - WARN - org.springframework.security.config.annotation.authentication.configuration.InitializeUserDetailsBeanManagerConfigurer$InitializeUserDetailsManagerConfigurer - Global AuthenticationManager configured with an AuthenticationProvider bean. UserDetailsService beans will not be used by Spring Security for automatically configuring username/password login. Consider removing the AuthenticationProvider bean. Alternatively, consider using the UserDetailsService in a manually instantiated DaoAuthenticationProvider. If the current configuration is intentional, to turn off this warning, increase the logging level of 'org.springframework.security.config.annotation.authentication.configuration.InitializeUserDetailsBeanManagerConfigurer' to ERROR
2026-03-09 11:59:03 - WARN - org.springframework.boot.jpa.autoconfigure.JpaBaseConfiguration$JpaWebConfiguration - spring.jpa.open-in-view is enabled by default. Therefore, database queries may be performed during view rendering. Explicitly configure spring.jpa.open-in-view to disable this warning
2026-03-09 11:59:03 - DEBUG - org.springframework.security.web.DefaultSecurityFilterChain - Will secure any request with filters: DisableEncodeUrlFilter, WebAsyncManagerIntegrationFilter, SecurityContextHolderFilter, HeaderWriterFilter, LogoutFilter, JWTFilter, RequestCacheAwareFilter, SecurityContextHolderAwareRequestFilter, AnonymousAuthenticationFilter, SessionManagementFilter, ExceptionTranslationFilter, AuthorizationFilter
2026-03-09 11:59:04 - INFO - org.springframework.boot.tomcat.TomcatWebServer - Tomcat started on port 8080 (http) with context path '/'
2026-03-09 11:59:04 - INFO - com.gotcha.gotcha_api.GotchaApiApplication - Started GotchaApiApplication in 4.75 seconds (process running for 5.341)
2026-03-09 11:59:28 - INFO - org.apache.catalina.core.ContainerBase.[Tomcat].[localhost].[/] - Initializing Spring DispatcherServlet 'dispatcherServlet'
2026-03-09 11:59:28 - INFO - org.springframework.web.servlet.DispatcherServlet - Initializing Servlet 'dispatcherServlet'
2026-03-09 11:59:28 - INFO - org.springframework.web.servlet.DispatcherServlet - Completed initialization in 5 ms
2026-03-09 11:59:28 - DEBUG - org.springframework.security.web.FilterChainProxy - Securing POST /api/login
2026-03-09 11:59:28 - DEBUG - org.springframework.security.web.authentication.AnonymousAuthenticationFilter - Set SecurityContextHolder to anonymous SecurityContext
2026-03-09 11:59:28 - DEBUG - org.springframework.security.web.FilterChainProxy - Secured POST /api/login
2026-03-09 11:59:32 - DEBUG - org.springframework.security.authentication.dao.DaoAuthenticationProvider - Authenticated user
2026-03-09 11:59:40 - DEBUG - org.springframework.security.web.FilterChainProxy - Securing POST /api/member/subscription
2026-03-09 11:59:41 - DEBUG - org.springframework.security.web.FilterChainProxy - Secured POST /api/member/subscription
2026-03-09 12:01:33 - DEBUG - org.springframework.security.web.FilterChainProxy - Securing POST /api/webhook/stripe
2026-03-09 12:01:33 - DEBUG - org.springframework.security.web.authentication.AnonymousAuthenticationFilter - Set SecurityContextHolder to anonymous SecurityContext
2026-03-09 12:01:33 - DEBUG - org.springframework.security.web.FilterChainProxy - Secured POST /api/webhook/stripe
2026-03-09 12:01:33 - INFO - com.gotcha.gotcha_api.controller.WebhookController - Received Stripe webhook event: type=charge.succeeded, id=evt_3T92S9Hk0gTF58U30BnODYMy
2026-03-09 12:01:33 - INFO - com.gotcha.gotcha_api.controller.WebhookController - Unhandled event type: charge.succeeded
2026-03-09 12:01:33 - DEBUG - org.springframework.security.web.FilterChainProxy - Securing POST /api/webhook/stripe
2026-03-09 12:01:33 - DEBUG - org.springframework.security.web.authentication.AnonymousAuthenticationFilter - Set SecurityContextHolder to anonymous SecurityContext
2026-03-09 12:01:33 - DEBUG - org.springframework.security.web.FilterChainProxy - Secured POST /api/webhook/stripe
2026-03-09 12:01:33 - DEBUG - org.springframework.security.web.FilterChainProxy - Securing POST /api/webhook/stripe
2026-03-09 12:01:33 - DEBUG - org.springframework.security.web.authentication.AnonymousAuthenticationFilter - Set SecurityContextHolder to anonymous SecurityContext
2026-03-09 12:01:33 - DEBUG - org.springframework.security.web.FilterChainProxy - Securing POST /api/webhook/stripe
2026-03-09 12:01:33 - DEBUG - org.springframework.security.web.FilterChainProxy - Secured POST /api/webhook/stripe
2026-03-09 12:01:33 - DEBUG - org.springframework.security.web.authentication.AnonymousAuthenticationFilter - Set SecurityContextHolder to anonymous SecurityContext
2026-03-09 12:01:33 - DEBUG - org.springframework.security.web.FilterChainProxy - Secured POST /api/webhook/stripe
2026-03-09 12:01:33 - INFO - com.gotcha.gotcha_api.controller.WebhookController - Received Stripe webhook event: type=payment_intent.succeeded, id=evt_3T92S9Hk0gTF58U3082wJPp3
2026-03-09 12:01:33 - INFO - com.gotcha.gotcha_api.controller.WebhookController - Unhandled event type: payment_intent.succeeded
2026-03-09 12:01:33 - INFO - com.gotcha.gotcha_api.controller.WebhookController - Received Stripe webhook event: type=customer.subscription.updated, id=evt_1T92TvHk0gTF58U36WykpML8
2026-03-09 12:01:33 - INFO - com.gotcha.gotcha_api.controller.WebhookController - Unhandled event type: customer.subscription.updated
2026-03-09 12:01:33 - INFO - com.gotcha.gotcha_api.controller.WebhookController - Received Stripe webhook event: type=payment_method.attached, id=evt_1T92TvHk0gTF58U3YMiKydGQ
2026-03-09 12:01:33 - INFO - com.gotcha.gotcha_api.controller.WebhookController - Unhandled event type: payment_method.attached
2026-03-09 12:01:33 - DEBUG - org.springframework.security.web.FilterChainProxy - Securing POST /api/webhook/stripe
2026-03-09 12:01:33 - DEBUG - org.springframework.security.web.authentication.AnonymousAuthenticationFilter - Set SecurityContextHolder to anonymous SecurityContext
2026-03-09 12:01:33 - DEBUG - org.springframework.security.web.FilterChainProxy - Securing POST /api/webhook/stripe
2026-03-09 12:01:33 - DEBUG - org.springframework.security.web.authentication.AnonymousAuthenticationFilter - Set SecurityContextHolder to anonymous SecurityContext
2026-03-09 12:01:33 - DEBUG - org.springframework.security.web.FilterChainProxy - Secured POST /api/webhook/stripe
2026-03-09 12:01:33 - DEBUG - org.springframework.security.web.FilterChainProxy - Secured POST /api/webhook/stripe
2026-03-09 12:01:33 - INFO - com.gotcha.gotcha_api.controller.WebhookController - Received Stripe webhook event: type=invoice.updated, id=evt_1T92TvHk0gTF58U35wOqsyAg
2026-03-09 12:01:33 - INFO - com.gotcha.gotcha_api.controller.WebhookController - Unhandled event type: invoice.updated
2026-03-09 12:01:33 - INFO - com.gotcha.gotcha_api.controller.WebhookController - Received Stripe webhook event: type=invoice.paid, id=evt_1T92TvHk0gTF58U3gvM6SIaF
2026-03-09 12:01:33 - DEBUG - org.springframework.security.web.FilterChainProxy - Securing POST /api/webhook/stripe
2026-03-09 12:01:33 - DEBUG - org.springframework.security.web.authentication.AnonymousAuthenticationFilter - Set SecurityContextHolder to anonymous SecurityContext
2026-03-09 12:01:33 - DEBUG - org.springframework.security.web.FilterChainProxy - Secured POST /api/webhook/stripe
2026-03-09 12:01:33 - INFO - com.gotcha.gotcha_api.controller.WebhookController - Received Stripe webhook event: type=invoice.payment_succeeded, id=evt_1T92TvHk0gTF58U3id0Q0gwD
2026-03-09 12:01:33 - INFO - com.gotcha.gotcha_api.controller.WebhookController - Unhandled event type: invoice.payment_succeeded
2026-03-09 12:01:33 - INFO - com.gotcha.gotcha_api.controller.WebhookController - invoice.paid: activating subscription for customer=cus_U6zH0i3u22tqow
2026-03-09 12:02:19 - DEBUG - org.springframework.security.web.FilterChainProxy - Securing POST /api/webhook/stripe
2026-03-09 12:02:19 - DEBUG - org.springframework.security.web.authentication.AnonymousAuthenticationFilter - Set SecurityContextHolder to anonymous SecurityContext
2026-03-09 12:02:19 - DEBUG - org.springframework.security.web.FilterChainProxy - Secured POST /api/webhook/stripe
2026-03-09 12:02:19 - INFO - com.gotcha.gotcha_api.controller.WebhookController - Received Stripe webhook event: type=invoice_payment.paid, id=evt_1T92UfHk0gTF58U3ieBXTob5
2026-03-09 12:02:19 - INFO - com.gotcha.gotcha_api.controller.WebhookController - Unhandled event type: invoice_payment.paid
2026-03-09 12:07:15 - INFO - org.springframework.boot.tomcat.GracefulShutdown - Commencing graceful shutdown. Waiting for active requests to complete
2026-03-09 12:07:15 - INFO - org.springframework.boot.tomcat.GracefulShutdown - Graceful shutdown complete
2026-03-09 12:07:15 - INFO - org.springframework.orm.jpa.LocalContainerEntityManagerFactoryBean - Closing JPA EntityManagerFactory for persistence unit 'default'
2026-03-09 12:07:15 - INFO - com.zaxxer.hikari.HikariDataSource - HikariPool-1 - Shutdown initiated...
2026-03-09 12:07:15 - INFO - com.zaxxer.hikari.HikariDataSource - HikariPool-1 - Shutdown completed.
2026-03-09 12:07:20 - INFO - com.gotcha.gotcha_api.GotchaApiApplication - Starting GotchaApiApplication using Java 23.0.1 with PID 4136 (G:\Work\gotcha-cafe\gotcha-api\gotcha-api\target\classes started by Maksym in G:\Work\gotcha-cafe\gotcha-api\gotcha-api)
2026-03-09 12:07:20 - INFO - com.gotcha.gotcha_api.GotchaApiApplication - No active profile set, falling back to 1 default profile: "default"
2026-03-09 12:07:20 - INFO - org.springframework.data.repository.config.RepositoryConfigurationDelegate - Bootstrapping Spring Data JPA repositories in DEFAULT mode.
2026-03-09 12:07:20 - INFO - org.springframework.data.repository.config.RepositoryConfigurationDelegate - Finished Spring Data repository scanning in 52 ms. Found 6 JPA repository interfaces.
2026-03-09 12:07:21 - INFO - org.springframework.boot.tomcat.TomcatWebServer - Tomcat initialized with port 8080 (http)
2026-03-09 12:07:21 - INFO - org.apache.catalina.core.StandardService - Starting service [Tomcat]
2026-03-09 12:07:21 - INFO - org.apache.catalina.core.StandardEngine - Starting Servlet engine: [Apache Tomcat/11.0.15]
2026-03-09 12:07:21 - INFO - org.springframework.boot.web.context.servlet.WebApplicationContextInitializer - Root WebApplicationContext: initialization completed in 1249 ms
2026-03-09 12:07:21 - INFO - com.gotcha.gotcha_api.service.JWTService - Generated key length: 256 bits
2026-03-09 12:07:21 - INFO - com.zaxxer.hikari.HikariDataSource - HikariPool-1 - Starting...
2026-03-09 12:07:21 - INFO - com.zaxxer.hikari.pool.HikariPool - HikariPool-1 - Added connection org.postgresql.jdbc.PgConnection@42aa1324
2026-03-09 12:07:21 - INFO - com.zaxxer.hikari.HikariDataSource - HikariPool-1 - Start completed.
2026-03-09 12:07:21 - INFO - org.flywaydb.core.FlywayExecutor - Database: jdbc:postgresql://localhost:5432/gotcha (PostgreSQL 18.1)
2026-03-09 12:07:21 - INFO - org.flywaydb.core.internal.schemahistory.JdbcTableSchemaHistory - Repair of failed migration in Schema History table "public"."flyway_schema_history" not necessary. No failed migration detected.
2026-03-09 12:07:21 - INFO - org.flywaydb.core.internal.command.DbRepair - Successfully repaired schema history table "public"."flyway_schema_history" (execution time 00:00.044s).
2026-03-09 12:07:22 - INFO - org.flywaydb.core.internal.command.DbValidate - Successfully validated 18 migrations (execution time 00:00.014s)
2026-03-09 12:07:22 - INFO - org.flywaydb.core.internal.command.DbMigrate - Current version of schema "public": 18
2026-03-09 12:07:22 - INFO - org.flywaydb.core.internal.command.DbMigrate - Schema "public" is up to date. No migration necessary.
2026-03-09 12:07:22 - INFO - org.hibernate.orm.jpa - HHH008540: Processing PersistenceUnitInfo [name: default]
2026-03-09 12:07:22 - INFO - org.hibernate.orm.core - HHH000001: Hibernate ORM core version 7.2.1.Final
2026-03-09 12:07:22 - INFO - org.springframework.orm.jpa.persistenceunit.SpringPersistenceUnitInfo - No LoadTimeWeaver setup: ignoring JPA class transformer
2026-03-09 12:07:22 - INFO - org.hibernate.orm.connections.pooling - HHH10001005: Database info:
	Database JDBC URL [jdbc:postgresql://localhost:5432/gotcha]
	Database driver: PostgreSQL JDBC Driver
	Database dialect: PostgreSQLDialect
	Database version: 18.1
	Default catalog/schema: gotcha/public
	Autocommit mode: undefined/unknown
	Isolation level: READ_COMMITTED [default READ_COMMITTED]
	JDBC fetch size: none
	Pool: DataSourceConnectionProvider
	Minimum pool size: undefined/unknown
	Maximum pool size: undefined/unknown
2026-03-09 12:07:23 - INFO - org.hibernate.orm.core - HHH000489: No JTA platform available (set 'hibernate.transaction.jta.platform' to enable JTA platform integration)
2026-03-09 12:07:23 - INFO - org.springframework.orm.jpa.LocalContainerEntityManagerFactoryBean - Initialized JPA EntityManagerFactory for persistence unit 'default'
2026-03-09 12:07:23 - INFO - org.springframework.data.jpa.repository.query.QueryEnhancerFactories - Hibernate is in classpath; If applicable, HQL parser will be used.
2026-03-09 12:07:23 - INFO - org.springframework.security.config.annotation.authentication.configuration.InitializeAuthenticationProviderBeanManagerConfigurer$InitializeAuthenticationProviderManagerConfigurer - Global AuthenticationManager configured with AuthenticationProvider bean with name authProvider
2026-03-09 12:07:23 - WARN - org.springframework.security.config.annotation.authentication.configuration.InitializeUserDetailsBeanManagerConfigurer$InitializeUserDetailsManagerConfigurer - Global AuthenticationManager configured with an AuthenticationProvider bean. UserDetailsService beans will not be used by Spring Security for automatically configuring username/password login. Consider removing the AuthenticationProvider bean. Alternatively, consider using the UserDetailsService in a manually instantiated DaoAuthenticationProvider. If the current configuration is intentional, to turn off this warning, increase the logging level of 'org.springframework.security.config.annotation.authentication.configuration.InitializeUserDetailsBeanManagerConfigurer' to ERROR
2026-03-09 12:07:24 - WARN - org.springframework.boot.jpa.autoconfigure.JpaBaseConfiguration$JpaWebConfiguration - spring.jpa.open-in-view is enabled by default. Therefore, database queries may be performed during view rendering. Explicitly configure spring.jpa.open-in-view to disable this warning
2026-03-09 12:07:24 - DEBUG - org.springframework.security.web.DefaultSecurityFilterChain - Will secure any request with filters: DisableEncodeUrlFilter, WebAsyncManagerIntegrationFilter, SecurityContextHolderFilter, HeaderWriterFilter, LogoutFilter, JWTFilter, RequestCacheAwareFilter, SecurityContextHolderAwareRequestFilter, AnonymousAuthenticationFilter, SessionManagementFilter, ExceptionTranslationFilter, AuthorizationFilter
2026-03-09 12:07:24 - INFO - org.springframework.boot.tomcat.TomcatWebServer - Tomcat started on port 8080 (http) with context path '/'
2026-03-09 12:07:24 - INFO - com.gotcha.gotcha_api.GotchaApiApplication - Started GotchaApiApplication in 4.918 seconds (process running for 5.444)
2026-03-09 12:07:35 - INFO - org.apache.catalina.core.ContainerBase.[Tomcat].[localhost].[/] - Initializing Spring DispatcherServlet 'dispatcherServlet'
2026-03-09 12:07:35 - INFO - org.springframework.web.servlet.DispatcherServlet - Initializing Servlet 'dispatcherServlet'
2026-03-09 12:07:35 - INFO - org.springframework.web.servlet.DispatcherServlet - Completed initialization in 8 ms
2026-03-09 12:07:35 - DEBUG - org.springframework.security.web.FilterChainProxy - Securing POST /api/login
2026-03-09 12:07:35 - DEBUG - org.springframework.security.web.authentication.AnonymousAuthenticationFilter - Set SecurityContextHolder to anonymous SecurityContext
2026-03-09 12:07:35 - DEBUG - org.springframework.security.web.FilterChainProxy - Secured POST /api/login
2026-03-09 12:07:38 - DEBUG - org.springframework.security.authentication.dao.DaoAuthenticationProvider - Authenticated user
2026-03-09 12:08:10 - DEBUG - org.springframework.security.web.FilterChainProxy - Securing POST /api/member/subscription
2026-03-09 12:08:11 - DEBUG - org.springframework.security.web.FilterChainProxy - Secured POST /api/member/subscription
2026-03-09 12:08:13 - DEBUG - org.springframework.security.web.FilterChainProxy - Securing POST /api/webhook/stripe
2026-03-09 12:08:13 - DEBUG - org.springframework.security.web.authentication.AnonymousAuthenticationFilter - Set SecurityContextHolder to anonymous SecurityContext
2026-03-09 12:08:13 - DEBUG - org.springframework.security.web.FilterChainProxy - Secured POST /api/webhook/stripe
2026-03-09 12:08:13 - INFO - com.gotcha.gotcha_api.controller.WebhookController - Received Stripe webhook event: type=payment_intent.created, id=evt_3T92aMHk0gTF58U30OHOFIPg
2026-03-09 12:08:13 - INFO - com.gotcha.gotcha_api.controller.WebhookController - Unhandled event type: payment_intent.created
2026-03-09 12:08:13 - DEBUG - org.springframework.security.web.FilterChainProxy - Securing POST /api/webhook/stripe
2026-03-09 12:08:13 - DEBUG - org.springframework.security.web.authentication.AnonymousAuthenticationFilter - Set SecurityContextHolder to anonymous SecurityContext
2026-03-09 12:08:13 - DEBUG - org.springframework.security.web.FilterChainProxy - Secured POST /api/webhook/stripe
2026-03-09 12:08:13 - INFO - com.gotcha.gotcha_api.controller.WebhookController - Received Stripe webhook event: type=invoice.created, id=evt_1T92aNHk0gTF58U39mKINEcO
2026-03-09 12:08:13 - INFO - com.gotcha.gotcha_api.controller.WebhookController - Unhandled event type: invoice.created
2026-03-09 12:08:13 - DEBUG - org.springframework.security.web.FilterChainProxy - Securing POST /api/webhook/stripe
2026-03-09 12:08:13 - DEBUG - org.springframework.security.web.authentication.AnonymousAuthenticationFilter - Set SecurityContextHolder to anonymous SecurityContext
2026-03-09 12:08:13 - DEBUG - org.springframework.security.web.FilterChainProxy - Secured POST /api/webhook/stripe
2026-03-09 12:08:14 - INFO - com.gotcha.gotcha_api.controller.WebhookController - Received Stripe webhook event: type=invoice.finalized, id=evt_1T92aOHk0gTF58U3mq3KLvP8
2026-03-09 12:08:14 - INFO - com.gotcha.gotcha_api.controller.WebhookController - Unhandled event type: invoice.finalized
2026-03-09 12:08:14 - DEBUG - org.springframework.security.web.FilterChainProxy - Securing POST /api/webhook/stripe
2026-03-09 12:08:14 - DEBUG - org.springframework.security.web.authentication.AnonymousAuthenticationFilter - Set SecurityContextHolder to anonymous SecurityContext
2026-03-09 12:08:14 - DEBUG - org.springframework.security.web.FilterChainProxy - Secured POST /api/webhook/stripe
2026-03-09 12:08:14 - INFO - com.gotcha.gotcha_api.controller.WebhookController - Received Stripe webhook event: type=customer.subscription.created, id=evt_1T92aNHk0gTF58U3NvJ5yrlP
2026-03-09 12:08:14 - INFO - com.gotcha.gotcha_api.controller.WebhookController - Unhandled event type: customer.subscription.created
2026-03-09 12:08:39 - DEBUG - org.springframework.security.web.FilterChainProxy - Securing POST /api/webhook/stripe
2026-03-09 12:08:39 - DEBUG - org.springframework.security.web.authentication.AnonymousAuthenticationFilter - Set SecurityContextHolder to anonymous SecurityContext
2026-03-09 12:08:39 - DEBUG - org.springframework.security.web.FilterChainProxy - Secured POST /api/webhook/stripe
2026-03-09 12:08:39 - INFO - com.gotcha.gotcha_api.controller.WebhookController - Received Stripe webhook event: type=charge.succeeded, id=evt_3T92aMHk0gTF58U30z2whMe4
2026-03-09 12:08:39 - INFO - com.gotcha.gotcha_api.controller.WebhookController - Unhandled event type: charge.succeeded
2026-03-09 12:08:39 - DEBUG - org.springframework.security.web.FilterChainProxy - Securing POST /api/webhook/stripe
2026-03-09 12:08:39 - DEBUG - org.springframework.security.web.authentication.AnonymousAuthenticationFilter - Set SecurityContextHolder to anonymous SecurityContext
2026-03-09 12:08:39 - DEBUG - org.springframework.security.web.FilterChainProxy - Secured POST /api/webhook/stripe
2026-03-09 12:08:39 - INFO - com.gotcha.gotcha_api.controller.WebhookController - Received Stripe webhook event: type=payment_method.attached, id=evt_1T92anHk0gTF58U3Y0eHVKHm
2026-03-09 12:08:39 - DEBUG - org.springframework.security.web.FilterChainProxy - Securing POST /api/webhook/stripe
2026-03-09 12:08:39 - INFO - com.gotcha.gotcha_api.controller.WebhookController - Unhandled event type: payment_method.attached
2026-03-09 12:08:39 - DEBUG - org.springframework.security.web.authentication.AnonymousAuthenticationFilter - Set SecurityContextHolder to anonymous SecurityContext
2026-03-09 12:08:39 - DEBUG - org.springframework.security.web.FilterChainProxy - Secured POST /api/webhook/stripe
2026-03-09 12:08:39 - INFO - com.gotcha.gotcha_api.controller.WebhookController - Received Stripe webhook event: type=customer.subscription.updated, id=evt_1T92anHk0gTF58U3DEyiqNdR
2026-03-09 12:08:39 - INFO - com.gotcha.gotcha_api.controller.WebhookController - Unhandled event type: customer.subscription.updated
2026-03-09 12:08:39 - DEBUG - org.springframework.security.web.FilterChainProxy - Securing POST /api/webhook/stripe
2026-03-09 12:08:39 - DEBUG - org.springframework.security.web.authentication.AnonymousAuthenticationFilter - Set SecurityContextHolder to anonymous SecurityContext
2026-03-09 12:08:39 - DEBUG - org.springframework.security.web.FilterChainProxy - Secured POST /api/webhook/stripe
2026-03-09 12:08:39 - DEBUG - org.springframework.security.web.FilterChainProxy - Securing POST /api/webhook/stripe
2026-03-09 12:08:39 - INFO - com.gotcha.gotcha_api.controller.WebhookController - Received Stripe webhook event: type=payment_intent.succeeded, id=evt_3T92aMHk0gTF58U30PJZ4uMi
2026-03-09 12:08:39 - DEBUG - org.springframework.security.web.authentication.AnonymousAuthenticationFilter - Set SecurityContextHolder to anonymous SecurityContext
2026-03-09 12:08:39 - INFO - com.gotcha.gotcha_api.controller.WebhookController - Unhandled event type: payment_intent.succeeded
2026-03-09 12:08:39 - DEBUG - org.springframework.security.web.FilterChainProxy - Secured POST /api/webhook/stripe
2026-03-09 12:08:39 - DEBUG - org.springframework.security.web.FilterChainProxy - Securing POST /api/webhook/stripe
2026-03-09 12:08:39 - DEBUG - org.springframework.security.web.authentication.AnonymousAuthenticationFilter - Set SecurityContextHolder to anonymous SecurityContext
2026-03-09 12:08:39 - DEBUG - org.springframework.security.web.FilterChainProxy - Secured POST /api/webhook/stripe
2026-03-09 12:08:39 - INFO - com.gotcha.gotcha_api.controller.WebhookController - Received Stripe webhook event: type=invoice.paid, id=evt_1T92anHk0gTF58U3521u0GD3
2026-03-09 12:08:39 - INFO - com.gotcha.gotcha_api.controller.WebhookController - Received Stripe webhook event: type=invoice.updated, id=evt_1T92anHk0gTF58U35C0Bo8cN
2026-03-09 12:08:39 - INFO - com.gotcha.gotcha_api.controller.WebhookController - Unhandled event type: invoice.updated
2026-03-09 12:08:39 - DEBUG - org.springframework.security.web.FilterChainProxy - Securing POST /api/webhook/stripe
2026-03-09 12:08:39 - DEBUG - org.springframework.security.web.authentication.AnonymousAuthenticationFilter - Set SecurityContextHolder to anonymous SecurityContext
2026-03-09 12:08:39 - DEBUG - org.springframework.security.web.FilterChainProxy - Secured POST /api/webhook/stripe
2026-03-09 12:08:39 - INFO - com.gotcha.gotcha_api.controller.WebhookController - Received Stripe webhook event: type=invoice.payment_succeeded, id=evt_1T92anHk0gTF58U38cIhI6kb
2026-03-09 12:08:39 - INFO - com.gotcha.gotcha_api.controller.WebhookController - Unhandled event type: invoice.payment_succeeded
2026-03-09 12:08:39 - INFO - com.gotcha.gotcha_api.controller.WebhookController - invoice.paid: activating subscription for customer=cus_U6zH0i3u22tqow
2026-03-09 12:08:48 - DEBUG - org.springframework.security.web.FilterChainProxy - Securing POST /api/webhook/stripe
2026-03-09 12:08:48 - DEBUG - org.springframework.security.web.authentication.AnonymousAuthenticationFilter - Set SecurityContextHolder to anonymous SecurityContext
2026-03-09 12:08:48 - DEBUG - org.springframework.security.web.FilterChainProxy - Secured POST /api/webhook/stripe
2026-03-09 12:08:48 - INFO - com.gotcha.gotcha_api.controller.WebhookController - Received Stripe webhook event: type=invoice_payment.paid, id=evt_1T92awHk0gTF58U3Pnfv6RPM
2026-03-09 12:08:48 - ERROR - com.gotcha.gotcha_api.controller.WebhookController - Failed to deserialize Invoice from event evt_1T92awHk0gTF58U3Pnfv6RPM: class com.stripe.model.StripeRawJsonObject cannot be cast to class com.stripe.model.Invoice (com.stripe.model.StripeRawJsonObject and com.stripe.model.Invoice are in unnamed module of loader 'app')
2026-03-09 12:08:48 - WARN - com.gotcha.gotcha_api.controller.WebhookController - invoice.paid: could not deserialize invoice object
2026-03-09 12:11:49 - INFO - org.springframework.boot.tomcat.GracefulShutdown - Commencing graceful shutdown. Waiting for active requests to complete
2026-03-09 12:11:49 - INFO - org.springframework.boot.tomcat.GracefulShutdown - Graceful shutdown complete
2026-03-09 12:11:49 - INFO - org.springframework.orm.jpa.LocalContainerEntityManagerFactoryBean - Closing JPA EntityManagerFactory for persistence unit 'default'
2026-03-09 12:11:49 - INFO - com.zaxxer.hikari.HikariDataSource - HikariPool-1 - Shutdown initiated...
2026-03-09 12:11:49 - INFO - com.zaxxer.hikari.HikariDataSource - HikariPool-1 - Shutdown completed.
2026-03-09 12:13:23 - INFO - com.gotcha.gotcha_api.GotchaApiApplication - Starting GotchaApiApplication using Java 23.0.1 with PID 27600 (G:\Work\gotcha-cafe\gotcha-api\gotcha-api\target\classes started by Maksym in G:\Work\gotcha-cafe\gotcha-api\gotcha-api)
2026-03-09 12:13:23 - INFO - com.gotcha.gotcha_api.GotchaApiApplication - No active profile set, falling back to 1 default profile: "default"
2026-03-09 12:13:24 - INFO - org.springframework.data.repository.config.RepositoryConfigurationDelegate - Bootstrapping Spring Data JPA repositories in DEFAULT mode.
2026-03-09 12:13:24 - INFO - org.springframework.data.repository.config.RepositoryConfigurationDelegate - Finished Spring Data repository scanning in 57 ms. Found 6 JPA repository interfaces.
2026-03-09 12:13:24 - INFO - org.springframework.boot.tomcat.TomcatWebServer - Tomcat initialized with port 8080 (http)
2026-03-09 12:13:24 - INFO - org.apache.catalina.core.StandardService - Starting service [Tomcat]
2026-03-09 12:13:24 - INFO - org.apache.catalina.core.StandardEngine - Starting Servlet engine: [Apache Tomcat/11.0.15]
2026-03-09 12:13:24 - INFO - org.springframework.boot.web.context.servlet.WebApplicationContextInitializer - Root WebApplicationContext: initialization completed in 1233 ms
2026-03-09 12:13:24 - INFO - com.gotcha.gotcha_api.service.JWTService - Generated key length: 256 bits
2026-03-09 12:13:25 - INFO - com.zaxxer.hikari.HikariDataSource - HikariPool-1 - Starting...
2026-03-09 12:13:25 - INFO - com.zaxxer.hikari.pool.HikariPool - HikariPool-1 - Added connection org.postgresql.jdbc.PgConnection@42aa1324
2026-03-09 12:13:25 - INFO - com.zaxxer.hikari.HikariDataSource - HikariPool-1 - Start completed.
2026-03-09 12:13:25 - INFO - org.flywaydb.core.FlywayExecutor - Database: jdbc:postgresql://localhost:5432/gotcha (PostgreSQL 18.1)
2026-03-09 12:13:25 - INFO - org.flywaydb.core.internal.schemahistory.JdbcTableSchemaHistory - Repair of failed migration in Schema History table "public"."flyway_schema_history" not necessary. No failed migration detected.
2026-03-09 12:13:25 - INFO - org.flywaydb.core.internal.command.DbRepair - Successfully repaired schema history table "public"."flyway_schema_history" (execution time 00:00.036s).
2026-03-09 12:13:25 - INFO - org.flywaydb.core.internal.command.DbValidate - Successfully validated 18 migrations (execution time 00:00.012s)
2026-03-09 12:13:25 - INFO - org.flywaydb.core.internal.command.DbMigrate - Current version of schema "public": 18
2026-03-09 12:13:25 - INFO - org.flywaydb.core.internal.command.DbMigrate - Schema "public" is up to date. No migration necessary.
2026-03-09 12:13:25 - INFO - org.hibernate.orm.jpa - HHH008540: Processing PersistenceUnitInfo [name: default]
2026-03-09 12:13:25 - INFO - org.hibernate.orm.core - HHH000001: Hibernate ORM core version 7.2.1.Final
2026-03-09 12:13:25 - INFO - org.springframework.orm.jpa.persistenceunit.SpringPersistenceUnitInfo - No LoadTimeWeaver setup: ignoring JPA class transformer
2026-03-09 12:13:26 - INFO - org.hibernate.orm.connections.pooling - HHH10001005: Database info:
	Database JDBC URL [jdbc:postgresql://localhost:5432/gotcha]
	Database driver: PostgreSQL JDBC Driver
	Database dialect: PostgreSQLDialect
	Database version: 18.1
	Default catalog/schema: gotcha/public
	Autocommit mode: undefined/unknown
	Isolation level: READ_COMMITTED [default READ_COMMITTED]
	JDBC fetch size: none
	Pool: DataSourceConnectionProvider
	Minimum pool size: undefined/unknown
	Maximum pool size: undefined/unknown
2026-03-09 12:13:26 - INFO - org.hibernate.orm.core - HHH000489: No JTA platform available (set 'hibernate.transaction.jta.platform' to enable JTA platform integration)
2026-03-09 12:13:26 - INFO - org.springframework.orm.jpa.LocalContainerEntityManagerFactoryBean - Initialized JPA EntityManagerFactory for persistence unit 'default'
2026-03-09 12:13:26 - INFO - org.springframework.data.jpa.repository.query.QueryEnhancerFactories - Hibernate is in classpath; If applicable, HQL parser will be used.
2026-03-09 12:13:27 - INFO - org.springframework.security.config.annotation.authentication.configuration.InitializeAuthenticationProviderBeanManagerConfigurer$InitializeAuthenticationProviderManagerConfigurer - Global AuthenticationManager configured with AuthenticationProvider bean with name authProvider
2026-03-09 12:13:27 - WARN - org.springframework.security.config.annotation.authentication.configuration.InitializeUserDetailsBeanManagerConfigurer$InitializeUserDetailsManagerConfigurer - Global AuthenticationManager configured with an AuthenticationProvider bean. UserDetailsService beans will not be used by Spring Security for automatically configuring username/password login. Consider removing the AuthenticationProvider bean. Alternatively, consider using the UserDetailsService in a manually instantiated DaoAuthenticationProvider. If the current configuration is intentional, to turn off this warning, increase the logging level of 'org.springframework.security.config.annotation.authentication.configuration.InitializeUserDetailsBeanManagerConfigurer' to ERROR
2026-03-09 12:13:27 - WARN - org.springframework.boot.jpa.autoconfigure.JpaBaseConfiguration$JpaWebConfiguration - spring.jpa.open-in-view is enabled by default. Therefore, database queries may be performed during view rendering. Explicitly configure spring.jpa.open-in-view to disable this warning
2026-03-09 12:13:27 - DEBUG - org.springframework.security.web.DefaultSecurityFilterChain - Will secure any request with filters: DisableEncodeUrlFilter, WebAsyncManagerIntegrationFilter, SecurityContextHolderFilter, HeaderWriterFilter, LogoutFilter, JWTFilter, RequestCacheAwareFilter, SecurityContextHolderAwareRequestFilter, AnonymousAuthenticationFilter, SessionManagementFilter, ExceptionTranslationFilter, AuthorizationFilter
2026-03-09 12:13:27 - INFO - org.springframework.boot.tomcat.TomcatWebServer - Tomcat started on port 8080 (http) with context path '/'
2026-03-09 12:13:27 - INFO - com.gotcha.gotcha_api.GotchaApiApplication - Started GotchaApiApplication in 4.911 seconds (process running for 5.416)
2026-03-09 12:41:44 - WARN - com.zaxxer.hikari.pool.HikariPool - HikariPool-1 - Thread starvation or clock leap detected (housekeeper delta=24m18s812ms621µs900ns).
2026-03-09 12:42:03 - INFO - org.springframework.boot.tomcat.GracefulShutdown - Commencing graceful shutdown. Waiting for active requests to complete
2026-03-09 12:42:03 - INFO - org.springframework.boot.tomcat.GracefulShutdown - Graceful shutdown complete
2026-03-09 12:42:03 - INFO - org.springframework.orm.jpa.LocalContainerEntityManagerFactoryBean - Closing JPA EntityManagerFactory for persistence unit 'default'
2026-03-09 12:42:03 - INFO - com.zaxxer.hikari.HikariDataSource - HikariPool-1 - Shutdown initiated...
2026-03-09 12:42:03 - INFO - com.zaxxer.hikari.HikariDataSource - HikariPool-1 - Shutdown completed.
2026-03-09 12:42:09 - INFO - com.gotcha.gotcha_api.GotchaApiApplication - Starting GotchaApiApplication using Java 23.0.1 with PID 28256 (G:\Work\gotcha-cafe\gotcha-api\gotcha-api\target\classes started by Maksym in G:\Work\gotcha-cafe\gotcha-api\gotcha-api)
2026-03-09 12:42:09 - INFO - com.gotcha.gotcha_api.GotchaApiApplication - No active profile set, falling back to 1 default profile: "default"
2026-03-09 12:42:11 - INFO - org.springframework.data.repository.config.RepositoryConfigurationDelegate - Bootstrapping Spring Data JPA repositories in DEFAULT mode.
2026-03-09 12:42:11 - INFO - org.springframework.data.repository.config.RepositoryConfigurationDelegate - Finished Spring Data repository scanning in 134 ms. Found 6 JPA repository interfaces.
2026-03-09 12:42:12 - INFO - org.springframework.boot.tomcat.TomcatWebServer - Tomcat initialized with port 8080 (http)
2026-03-09 12:42:12 - INFO - org.apache.catalina.core.StandardService - Starting service [Tomcat]
2026-03-09 12:42:12 - INFO - org.apache.catalina.core.StandardEngine - Starting Servlet engine: [Apache Tomcat/11.0.15]
2026-03-09 12:42:12 - INFO - org.springframework.boot.web.context.servlet.WebApplicationContextInitializer - Root WebApplicationContext: initialization completed in 3052 ms
2026-03-09 12:42:13 - INFO - com.gotcha.gotcha_api.service.JWTService - Generated key length: 256 bits
2026-03-09 12:42:14 - INFO - com.zaxxer.hikari.HikariDataSource - HikariPool-1 - Starting...
2026-03-09 12:42:14 - INFO - com.zaxxer.hikari.pool.HikariPool - HikariPool-1 - Added connection org.postgresql.jdbc.PgConnection@1f179f51
2026-03-09 12:42:14 - INFO - com.zaxxer.hikari.HikariDataSource - HikariPool-1 - Start completed.
2026-03-09 12:42:14 - INFO - org.flywaydb.core.FlywayExecutor - Database: jdbc:postgresql://localhost:5432/gotcha (PostgreSQL 18.1)
2026-03-09 12:42:14 - INFO - org.flywaydb.core.internal.schemahistory.JdbcTableSchemaHistory - Repair of failed migration in Schema History table "public"."flyway_schema_history" not necessary. No failed migration detected.
2026-03-09 12:42:14 - INFO - org.flywaydb.core.internal.command.DbRepair - Successfully repaired schema history table "public"."flyway_schema_history" (execution time 00:00.041s).
2026-03-09 12:42:14 - INFO - org.flywaydb.core.internal.command.DbValidate - Successfully validated 18 migrations (execution time 00:00.014s)
2026-03-09 12:42:14 - INFO - org.flywaydb.core.internal.command.DbMigrate - Current version of schema "public": 18
2026-03-09 12:42:15 - INFO - org.flywaydb.core.internal.command.DbMigrate - Schema "public" is up to date. No migration necessary.
2026-03-09 12:42:15 - INFO - org.hibernate.orm.jpa - HHH008540: Processing PersistenceUnitInfo [name: default]
2026-03-09 12:42:15 - INFO - org.hibernate.orm.core - HHH000001: Hibernate ORM core version 7.2.1.Final
2026-03-09 12:42:15 - INFO - org.springframework.orm.jpa.persistenceunit.SpringPersistenceUnitInfo - No LoadTimeWeaver setup: ignoring JPA class transformer
2026-03-09 12:42:15 - INFO - org.hibernate.orm.connections.pooling - HHH10001005: Database info:
	Database JDBC URL [jdbc:postgresql://localhost:5432/gotcha]
	Database driver: PostgreSQL JDBC Driver
	Database dialect: PostgreSQLDialect
	Database version: 18.1
	Default catalog/schema: gotcha/public
	Autocommit mode: undefined/unknown
	Isolation level: READ_COMMITTED [default READ_COMMITTED]
	JDBC fetch size: none
	Pool: DataSourceConnectionProvider
	Minimum pool size: undefined/unknown
	Maximum pool size: undefined/unknown
2026-03-09 12:42:16 - INFO - org.hibernate.orm.core - HHH000489: No JTA platform available (set 'hibernate.transaction.jta.platform' to enable JTA platform integration)
2026-03-09 12:42:16 - INFO - org.springframework.orm.jpa.LocalContainerEntityManagerFactoryBean - Initialized JPA EntityManagerFactory for persistence unit 'default'
2026-03-09 12:42:16 - INFO - org.springframework.data.jpa.repository.query.QueryEnhancerFactories - Hibernate is in classpath; If applicable, HQL parser will be used.
2026-03-09 12:42:16 - INFO - org.springframework.security.config.annotation.authentication.configuration.InitializeAuthenticationProviderBeanManagerConfigurer$InitializeAuthenticationProviderManagerConfigurer - Global AuthenticationManager configured with AuthenticationProvider bean with name authProvider
2026-03-09 12:42:16 - WARN - org.springframework.security.config.annotation.authentication.configuration.InitializeUserDetailsBeanManagerConfigurer$InitializeUserDetailsManagerConfigurer - Global AuthenticationManager configured with an AuthenticationProvider bean. UserDetailsService beans will not be used by Spring Security for automatically configuring username/password login. Consider removing the AuthenticationProvider bean. Alternatively, consider using the UserDetailsService in a manually instantiated DaoAuthenticationProvider. If the current configuration is intentional, to turn off this warning, increase the logging level of 'org.springframework.security.config.annotation.authentication.configuration.InitializeUserDetailsBeanManagerConfigurer' to ERROR
2026-03-09 12:42:16 - WARN - org.springframework.boot.jpa.autoconfigure.JpaBaseConfiguration$JpaWebConfiguration - spring.jpa.open-in-view is enabled by default. Therefore, database queries may be performed during view rendering. Explicitly configure spring.jpa.open-in-view to disable this warning
2026-03-09 12:42:17 - DEBUG - org.springframework.security.web.DefaultSecurityFilterChain - Will secure any request with filters: DisableEncodeUrlFilter, WebAsyncManagerIntegrationFilter, SecurityContextHolderFilter, HeaderWriterFilter, LogoutFilter, JWTFilter, RequestCacheAwareFilter, SecurityContextHolderAwareRequestFilter, AnonymousAuthenticationFilter, SessionManagementFilter, ExceptionTranslationFilter, AuthorizationFilter
2026-03-09 12:42:17 - INFO - org.springframework.boot.tomcat.TomcatWebServer - Tomcat started on port 8080 (http) with context path '/'
2026-03-09 12:42:17 - INFO - com.gotcha.gotcha_api.GotchaApiApplication - Started GotchaApiApplication in 8.265 seconds (process running for 9.171)
2026-03-09 12:43:26 - INFO - org.apache.catalina.core.ContainerBase.[Tomcat].[localhost].[/] - Initializing Spring DispatcherServlet 'dispatcherServlet'
2026-03-09 12:43:26 - INFO - org.springframework.web.servlet.DispatcherServlet - Initializing Servlet 'dispatcherServlet'
2026-03-09 12:43:26 - INFO - org.springframework.web.servlet.DispatcherServlet - Completed initialization in 0 ms
2026-03-09 12:43:26 - DEBUG - org.springframework.security.web.FilterChainProxy - Securing POST /api/member/subscription
2026-03-09 12:43:26 - DEBUG - org.springframework.security.web.authentication.AnonymousAuthenticationFilter - Set SecurityContextHolder to anonymous SecurityContext
2026-03-09 12:43:40 - DEBUG - org.springframework.security.web.FilterChainProxy - Securing POST /api/member/subscription
2026-03-09 12:43:40 - DEBUG - org.springframework.security.web.authentication.AnonymousAuthenticationFilter - Set SecurityContextHolder to anonymous SecurityContext
2026-03-09 12:43:51 - DEBUG - org.springframework.security.web.FilterChainProxy - Securing POST /api/login
2026-03-09 12:43:51 - DEBUG - org.springframework.security.web.authentication.AnonymousAuthenticationFilter - Set SecurityContextHolder to anonymous SecurityContext
2026-03-09 12:43:51 - DEBUG - org.springframework.security.web.FilterChainProxy - Secured POST /api/login
2026-03-09 12:43:55 - DEBUG - org.springframework.security.authentication.dao.DaoAuthenticationProvider - Authenticated user
2026-03-09 12:44:03 - DEBUG - org.springframework.security.web.FilterChainProxy - Securing POST /api/member/subscription
2026-03-09 12:44:03 - DEBUG - org.springframework.security.web.FilterChainProxy - Secured POST /api/member/subscription
2026-03-09 12:44:06 - DEBUG - org.springframework.security.web.FilterChainProxy - Securing POST /api/webhook/stripe
2026-03-09 12:44:06 - DEBUG - org.springframework.security.web.authentication.AnonymousAuthenticationFilter - Set SecurityContextHolder to anonymous SecurityContext
2026-03-09 12:44:06 - DEBUG - org.springframework.security.web.FilterChainProxy - Secured POST /api/webhook/stripe
2026-03-09 12:44:06 - INFO - com.gotcha.gotcha_api.controller.WebhookController - Received Stripe webhook event: type=payment_intent.created, id=evt_3T9395Hk0gTF58U31ZyOrsv5
2026-03-09 12:44:06 - DEBUG - org.springframework.security.web.FilterChainProxy - Securing POST /api/webhook/stripe
2026-03-09 12:44:06 - DEBUG - org.springframework.security.web.FilterChainProxy - Securing POST /api/webhook/stripe
2026-03-09 12:44:06 - DEBUG - org.springframework.security.web.authentication.AnonymousAuthenticationFilter - Set SecurityContextHolder to anonymous SecurityContext
2026-03-09 12:44:06 - DEBUG - org.springframework.security.web.authentication.AnonymousAuthenticationFilter - Set SecurityContextHolder to anonymous SecurityContext
2026-03-09 12:44:06 - DEBUG - org.springframework.security.web.FilterChainProxy - Secured POST /api/webhook/stripe
2026-03-09 12:44:06 - DEBUG - org.springframework.security.web.FilterChainProxy - Secured POST /api/webhook/stripe
2026-03-09 12:44:06 - DEBUG - org.springframework.security.web.FilterChainProxy - Securing POST /api/webhook/stripe
2026-03-09 12:44:06 - DEBUG - org.springframework.security.web.authentication.AnonymousAuthenticationFilter - Set SecurityContextHolder to anonymous SecurityContext
2026-03-09 12:44:06 - DEBUG - org.springframework.security.web.FilterChainProxy - Secured POST /api/webhook/stripe
2026-03-09 12:44:06 - INFO - com.gotcha.gotcha_api.controller.WebhookController - Received Stripe webhook event: type=invoice.created, id=evt_1T9396Hk0gTF58U3jhSc6PGq
2026-03-09 12:44:06 - INFO - com.gotcha.gotcha_api.controller.WebhookController - Received Stripe webhook event: type=invoice.finalized, id=evt_1T9396Hk0gTF58U3U18ttQFI
2026-03-09 12:44:06 - INFO - com.gotcha.gotcha_api.controller.WebhookController - Received Stripe webhook event: type=customer.subscription.created, id=evt_1T9396Hk0gTF58U3JvZJdShk
2026-03-09 12:44:07 - INFO - com.gotcha.gotcha_api.controller.WebhookController - Unhandled event type: customer.subscription.created
2026-03-09 12:44:07 - INFO - com.gotcha.gotcha_api.controller.WebhookController - Unhandled event type: payment_intent.created
2026-03-09 12:44:07 - INFO - com.gotcha.gotcha_api.controller.WebhookController - Unhandled event type: invoice.finalized
2026-03-09 12:44:07 - INFO - com.gotcha.gotcha_api.controller.WebhookController - Unhandled event type: invoice.created
2026-03-09 12:44:52 - DEBUG - org.springframework.security.web.FilterChainProxy - Securing POST /api/webhook/stripe
2026-03-09 12:44:52 - DEBUG - org.springframework.security.web.authentication.AnonymousAuthenticationFilter - Set SecurityContextHolder to anonymous SecurityContext
2026-03-09 12:44:52 - DEBUG - org.springframework.security.web.FilterChainProxy - Secured POST /api/webhook/stripe
2026-03-09 12:44:52 - INFO - com.gotcha.gotcha_api.controller.WebhookController - Received Stripe webhook event: type=payment_method.attached, id=evt_1T939qHk0gTF58U3f5PUg5Md
2026-03-09 12:44:52 - INFO - com.gotcha.gotcha_api.controller.WebhookController - Unhandled event type: payment_method.attached
2026-03-09 12:44:52 - DEBUG - org.springframework.security.web.FilterChainProxy - Securing POST /api/webhook/stripe
2026-03-09 12:44:52 - DEBUG - org.springframework.security.web.authentication.AnonymousAuthenticationFilter - Set SecurityContextHolder to anonymous SecurityContext
2026-03-09 12:44:52 - DEBUG - org.springframework.security.web.FilterChainProxy - Secured POST /api/webhook/stripe
2026-03-09 12:44:52 - DEBUG - org.springframework.security.web.FilterChainProxy - Securing POST /api/webhook/stripe
2026-03-09 12:44:52 - DEBUG - org.springframework.security.web.authentication.AnonymousAuthenticationFilter - Set SecurityContextHolder to anonymous SecurityContext
2026-03-09 12:44:52 - INFO - com.gotcha.gotcha_api.controller.WebhookController - Received Stripe webhook event: type=charge.succeeded, id=evt_3T9395Hk0gTF58U3171NGrw7
2026-03-09 12:44:52 - DEBUG - org.springframework.security.web.FilterChainProxy - Secured POST /api/webhook/stripe
2026-03-09 12:44:52 - INFO - com.gotcha.gotcha_api.controller.WebhookController - Received Stripe webhook event: type=customer.subscription.updated, id=evt_1T939qHk0gTF58U3uYFwiPjo
2026-03-09 12:44:52 - INFO - com.gotcha.gotcha_api.controller.WebhookController - Unhandled event type: customer.subscription.updated
2026-03-09 12:44:52 - DEBUG - org.springframework.security.web.FilterChainProxy - Securing POST /api/webhook/stripe
2026-03-09 12:44:52 - DEBUG - org.springframework.security.web.authentication.AnonymousAuthenticationFilter - Set SecurityContextHolder to anonymous SecurityContext
2026-03-09 12:44:52 - DEBUG - org.springframework.security.web.FilterChainProxy - Secured POST /api/webhook/stripe
2026-03-09 12:44:52 - INFO - com.gotcha.gotcha_api.controller.WebhookController - Received Stripe webhook event: type=payment_intent.succeeded, id=evt_3T9395Hk0gTF58U31wpYV85Q
2026-03-09 12:44:52 - INFO - com.gotcha.gotcha_api.controller.WebhookController - Unhandled event type: payment_intent.succeeded
2026-03-09 12:44:52 - DEBUG - org.springframework.security.web.FilterChainProxy - Securing POST /api/webhook/stripe
2026-03-09 12:44:52 - DEBUG - org.springframework.security.web.authentication.AnonymousAuthenticationFilter - Set SecurityContextHolder to anonymous SecurityContext
2026-03-09 12:44:52 - DEBUG - org.springframework.security.web.FilterChainProxy - Secured POST /api/webhook/stripe
2026-03-09 12:44:52 - INFO - com.gotcha.gotcha_api.controller.WebhookController - Received Stripe webhook event: type=invoice.updated, id=evt_1T939qHk0gTF58U3IejpoDAY
2026-03-09 12:44:53 - INFO - com.gotcha.gotcha_api.controller.WebhookController - Unhandled event type: invoice.updated
2026-03-09 12:44:53 - DEBUG - org.springframework.security.web.FilterChainProxy - Securing POST /api/webhook/stripe
2026-03-09 12:44:53 - DEBUG - org.springframework.security.web.authentication.AnonymousAuthenticationFilter - Set SecurityContextHolder to anonymous SecurityContext
2026-03-09 12:44:53 - DEBUG - org.springframework.security.web.FilterChainProxy - Secured POST /api/webhook/stripe
2026-03-09 12:44:53 - INFO - com.gotcha.gotcha_api.controller.WebhookController - Received Stripe webhook event: type=invoice.paid, id=evt_1T939qHk0gTF58U3ksXNp9HR
2026-03-09 12:44:53 - INFO - com.gotcha.gotcha_api.controller.WebhookController - invoice.paid: activating subscription for customer=cus_U6zH0i3u22tqow
2026-03-09 12:44:53 - DEBUG - org.springframework.security.web.FilterChainProxy - Securing POST /api/webhook/stripe
2026-03-09 12:44:53 - DEBUG - org.springframework.security.web.authentication.AnonymousAuthenticationFilter - Set SecurityContextHolder to anonymous SecurityContext
2026-03-09 12:44:53 - DEBUG - org.springframework.security.web.FilterChainProxy - Secured POST /api/webhook/stripe
2026-03-09 12:44:53 - INFO - com.gotcha.gotcha_api.controller.WebhookController - Received Stripe webhook event: type=invoice.payment_succeeded, id=evt_1T939rHk0gTF58U3QvWAZRGe
2026-03-09 12:44:53 - INFO - com.gotcha.gotcha_api.controller.WebhookController - Unhandled event type: invoice.payment_succeeded
2026-03-09 12:44:53 - INFO - com.gotcha.gotcha_api.controller.WebhookController - Unhandled event type: charge.succeeded
2026-03-09 12:45:13 - DEBUG - org.springframework.security.web.FilterChainProxy - Securing POST /api/webhook/stripe
2026-03-09 12:45:13 - DEBUG - org.springframework.security.web.authentication.AnonymousAuthenticationFilter - Set SecurityContextHolder to anonymous SecurityContext
2026-03-09 12:45:13 - DEBUG - org.springframework.security.web.FilterChainProxy - Secured POST /api/webhook/stripe
2026-03-09 12:45:13 - INFO - com.gotcha.gotcha_api.controller.WebhookController - Received Stripe webhook event: type=invoice_payment.paid, id=evt_1T93ABHk0gTF58U3Pq83BXKr
2026-03-09 12:45:13 - WARN - com.gotcha.gotcha_api.controller.WebhookController - invoice.paid: could not extract customer ID from event
2026-03-09 13:35:41 - WARN - com.zaxxer.hikari.pool.HikariPool - HikariPool-1 - Thread starvation or clock leap detected (housekeeper delta=39m25s701ms109µs100ns).
2026-03-09 14:54:05 - WARN - com.zaxxer.hikari.pool.HikariPool - HikariPool-1 - Thread starvation or clock leap detected (housekeeper delta=52s954ms591µs600ns).
2026-03-09 15:38:42 - WARN - com.zaxxer.hikari.pool.HikariPool - HikariPool-1 - Thread starvation or clock leap detected (housekeeper delta=44m37s589ms91µs900ns).
2026-03-09 18:01:11 - WARN - com.zaxxer.hikari.pool.HikariPool - HikariPool-1 - Thread starvation or clock leap detected (housekeeper delta=2h22m44s587ms966µs900ns).
2026-03-09 18:05:12 - DEBUG - org.springframework.security.web.FilterChainProxy - Securing POST /api/webhook/stripe
2026-03-09 18:05:12 - DEBUG - org.springframework.security.web.authentication.AnonymousAuthenticationFilter - Set SecurityContextHolder to anonymous SecurityContext
2026-03-09 18:05:12 - DEBUG - org.springframework.security.web.FilterChainProxy - Secured POST /api/webhook/stripe
2026-03-09 18:05:12 - DEBUG - org.springframework.security.web.FilterChainProxy - Securing POST /api/webhook/stripe
2026-03-09 18:05:12 - DEBUG - org.springframework.security.web.authentication.AnonymousAuthenticationFilter - Set SecurityContextHolder to anonymous SecurityContext
2026-03-09 18:05:12 - DEBUG - org.springframework.security.web.FilterChainProxy - Secured POST /api/webhook/stripe
2026-03-09 18:05:12 - INFO - com.gotcha.gotcha_api.controller.WebhookController - Received Stripe webhook event: type=invoice.voided, id=evt_1T989pHk0gTF58U3RW6elF3o
2026-03-09 18:05:12 - INFO - com.gotcha.gotcha_api.controller.WebhookController - Received Stripe webhook event: type=invoice.updated, id=evt_1T989pHk0gTF58U3YhLiC6Vo
2026-03-09 18:05:12 - DEBUG - org.springframework.security.web.FilterChainProxy - Securing POST /api/webhook/stripe
2026-03-09 18:05:12 - DEBUG - org.springframework.security.web.authentication.AnonymousAuthenticationFilter - Set SecurityContextHolder to anonymous SecurityContext
2026-03-09 18:05:12 - DEBUG - org.springframework.security.web.FilterChainProxy - Secured POST /api/webhook/stripe
2026-03-09 18:05:12 - INFO - com.gotcha.gotcha_api.controller.WebhookController - Received Stripe webhook event: type=payment_intent.canceled, id=evt_3T8mbfHk0gTF58U30UVd0o2x
2026-03-09 18:05:12 - DEBUG - org.springframework.security.web.FilterChainProxy - Securing POST /api/webhook/stripe
2026-03-09 18:05:12 - DEBUG - org.springframework.security.web.authentication.AnonymousAuthenticationFilter - Set SecurityContextHolder to anonymous SecurityContext
2026-03-09 18:05:12 - DEBUG - org.springframework.security.web.FilterChainProxy - Secured POST /api/webhook/stripe
2026-03-09 18:05:12 - INFO - com.gotcha.gotcha_api.controller.WebhookController - Received Stripe webhook event: type=customer.subscription.updated, id=evt_1T989pHk0gTF58U389EbKxcS
2026-03-09 18:05:12 - INFO - com.gotcha.gotcha_api.controller.WebhookController - Unhandled event type: payment_intent.canceled
2026-03-09 18:05:12 - INFO - com.gotcha.gotcha_api.controller.WebhookController - Unhandled event type: customer.subscription.updated
2026-03-09 18:05:12 - INFO - com.gotcha.gotcha_api.controller.WebhookController - Unhandled event type: invoice.updated
2026-03-09 18:05:12 - INFO - com.gotcha.gotcha_api.controller.WebhookController - Unhandled event type: invoice.voided
2026-03-09 18:14:19 - INFO - org.springframework.boot.tomcat.GracefulShutdown - Commencing graceful shutdown. Waiting for active requests to complete
2026-03-09 18:14:19 - INFO - org.springframework.boot.tomcat.GracefulShutdown - Graceful shutdown complete
2026-03-09 18:14:19 - INFO - org.springframework.orm.jpa.LocalContainerEntityManagerFactoryBean - Closing JPA EntityManagerFactory for persistence unit 'default'
2026-03-09 18:14:19 - INFO - com.zaxxer.hikari.HikariDataSource - HikariPool-1 - Shutdown initiated...
2026-03-09 18:14:19 - INFO - com.zaxxer.hikari.HikariDataSource - HikariPool-1 - Shutdown completed.
2026-03-09 19:37:37 - INFO - com.gotcha.gotcha_api.controller.ProductControllerTest - Starting ProductControllerTest using Java 23.0.1 with PID 28680 (started by Maksym in G:\Work\gotcha-cafe\gotcha-api\gotcha-api)
2026-03-09 19:37:37 - DEBUG - com.gotcha.gotcha_api.controller.ProductControllerTest - Running with Spring Boot v4.0.2, Spring v7.0.3
2026-03-09 19:37:37 - INFO - com.gotcha.gotcha_api.controller.ProductControllerTest - The following 1 profile is active: "test"
2026-03-09 19:37:39 - INFO - org.springframework.data.repository.config.RepositoryConfigurationDelegate - Bootstrapping Spring Data JPA repositories in DEFAULT mode.
2026-03-09 19:37:39 - INFO - org.springframework.data.repository.config.RepositoryConfigurationDelegate - Finished Spring Data repository scanning in 90 ms. Found 6 JPA repository interfaces.
2026-03-09 19:37:41 - INFO - org.hibernate.orm.jpa - HHH008540: Processing PersistenceUnitInfo [name: default]
2026-03-09 19:37:41 - INFO - org.hibernate.orm.core - HHH000001: Hibernate ORM core version 7.2.1.Final
2026-03-09 19:37:42 - INFO - org.springframework.orm.jpa.persistenceunit.SpringPersistenceUnitInfo - No LoadTimeWeaver setup: ignoring JPA class transformer
2026-03-09 19:37:42 - INFO - com.zaxxer.hikari.HikariDataSource - HikariPool-1 - Starting...
2026-03-09 19:37:43 - INFO - com.zaxxer.hikari.pool.HikariPool - HikariPool-1 - Added connection conn0: url=jdbc:h2:mem:testdb user=POSTGRES
2026-03-09 19:37:43 - INFO - com.zaxxer.hikari.HikariDataSource - HikariPool-1 - Start completed.
2026-03-09 19:37:43 - INFO - org.hibernate.orm.connections.pooling - HHH10001005: Database info:
	Database JDBC URL [jdbc:h2:mem:testdb]
	Database driver: H2 JDBC Driver
	Database dialect: H2Dialect
	Database version: 2.4.240
	Default catalog/schema: testdb/public
	Autocommit mode: undefined/unknown
	Isolation level: READ_COMMITTED [default READ_COMMITTED]
	JDBC fetch size: 100
	Pool: DataSourceConnectionProvider
	Minimum pool size: undefined/unknown
	Maximum pool size: undefined/unknown
2026-03-09 19:37:44 - INFO - org.hibernate.orm.core - HHH000489: No JTA platform available (set 'hibernate.transaction.jta.platform' to enable JTA platform integration)
2026-03-09 19:37:44 - INFO - org.springframework.orm.jpa.LocalContainerEntityManagerFactoryBean - Initialized JPA EntityManagerFactory for persistence unit 'default'
2026-03-09 19:37:44 - INFO - org.springframework.data.jpa.repository.query.QueryEnhancerFactories - Hibernate is in classpath; If applicable, HQL parser will be used.
2026-03-09 19:37:45 - INFO - com.gotcha.gotcha_api.service.JWTService - Generated key length: 256 bits
2026-03-09 19:37:45 - INFO - org.springframework.security.config.annotation.authentication.configuration.InitializeAuthenticationProviderBeanManagerConfigurer$InitializeAuthenticationProviderManagerConfigurer - Global AuthenticationManager configured with AuthenticationProvider bean with name authProvider
2026-03-09 19:37:45 - WARN - org.springframework.security.config.annotation.authentication.configuration.InitializeUserDetailsBeanManagerConfigurer$InitializeUserDetailsManagerConfigurer - Global AuthenticationManager configured with an AuthenticationProvider bean. UserDetailsService beans will not be used by Spring Security for automatically configuring username/password login. Consider removing the AuthenticationProvider bean. Alternatively, consider using the UserDetailsService in a manually instantiated DaoAuthenticationProvider. If the current configuration is intentional, to turn off this warning, increase the logging level of 'org.springframework.security.config.annotation.authentication.configuration.InitializeUserDetailsBeanManagerConfigurer' to ERROR
2026-03-09 19:37:47 - WARN - org.springframework.boot.jpa.autoconfigure.JpaBaseConfiguration$JpaWebConfiguration - spring.jpa.open-in-view is enabled by default. Therefore, database queries may be performed during view rendering. Explicitly configure spring.jpa.open-in-view to disable this warning
2026-03-09 19:37:47 - DEBUG - org.springframework.security.web.DefaultSecurityFilterChain - Will secure any request with filters: DisableEncodeUrlFilter, WebAsyncManagerIntegrationFilter, SecurityContextHolderFilter, HeaderWriterFilter, LogoutFilter, JWTFilter, RequestCacheAwareFilter, SecurityContextHolderAwareRequestFilter, AnonymousAuthenticationFilter, SessionManagementFilter, ExceptionTranslationFilter, AuthorizationFilter
2026-03-09 19:37:48 - DEBUG - com.gotcha.gotcha_api.securityConfig.JWTFilter - Filter 'JWTFilter' configured for use
2026-03-09 19:37:48 - INFO - org.springframework.boot.test.mock.web.SpringBootMockServletContext - Initializing Spring TestDispatcherServlet ''
2026-03-09 19:37:48 - INFO - org.springframework.test.web.servlet.TestDispatcherServlet - Initializing Servlet ''
2026-03-09 19:37:48 - INFO - org.springframework.test.web.servlet.TestDispatcherServlet - Completed initialization in 0 ms
2026-03-09 19:37:48 - INFO - com.gotcha.gotcha_api.controller.ProductControllerTest - Started ProductControllerTest in 10.754 seconds (process running for 13.163)
2026-03-09 19:37:48 - DEBUG - org.springframework.security.web.FilterChainProxy - Securing POST /api/login
2026-03-09 19:37:48 - DEBUG - org.springframework.security.web.authentication.AnonymousAuthenticationFilter - Set SecurityContextHolder to anonymous SecurityContext
2026-03-09 19:37:48 - DEBUG - org.springframework.security.web.FilterChainProxy - Secured POST /api/login
2026-03-09 19:37:49 - DEBUG - org.springframework.security.authentication.dao.DaoAuthenticationProvider - Authenticated user
2026-03-09 19:37:50 - DEBUG - org.springframework.security.web.FilterChainProxy - Securing POST /api/admin/product
2026-03-09 19:37:50 - DEBUG - org.springframework.security.web.FilterChainProxy - Secured POST /api/admin/product
2026-03-09 19:37:50 - DEBUG - org.springframework.security.web.FilterChainProxy - Securing POST /api/login
2026-03-09 19:37:50 - DEBUG - org.springframework.security.web.authentication.AnonymousAuthenticationFilter - Set SecurityContextHolder to anonymous SecurityContext
2026-03-09 19:37:50 - DEBUG - org.springframework.security.web.FilterChainProxy - Secured POST /api/login
2026-03-09 19:37:50 - DEBUG - org.springframework.security.authentication.dao.DaoAuthenticationProvider - Authenticated user
2026-03-09 19:37:50 - DEBUG - org.springframework.security.web.FilterChainProxy - Securing PUT /api/admin/product/3
2026-03-09 19:37:50 - DEBUG - org.springframework.security.web.FilterChainProxy - Secured PUT /api/admin/product/3
2026-03-09 19:37:50 - DEBUG - org.springframework.security.web.FilterChainProxy - Securing POST /api/login
2026-03-09 19:37:50 - DEBUG - org.springframework.security.web.authentication.AnonymousAuthenticationFilter - Set SecurityContextHolder to anonymous SecurityContext
2026-03-09 19:37:50 - DEBUG - org.springframework.security.web.FilterChainProxy - Secured POST /api/login
2026-03-09 19:37:51 - DEBUG - org.springframework.security.authentication.dao.DaoAuthenticationProvider - Authenticated user
2026-03-09 19:37:51 - DEBUG - org.springframework.security.web.FilterChainProxy - Securing GET /api/member/product
2026-03-09 19:37:51 - DEBUG - org.springframework.security.web.FilterChainProxy - Secured GET /api/member/product
2026-03-09 19:37:51 - DEBUG - org.springframework.security.web.FilterChainProxy - Securing POST /api/login
2026-03-09 19:37:51 - DEBUG - org.springframework.security.web.authentication.AnonymousAuthenticationFilter - Set SecurityContextHolder to anonymous SecurityContext
2026-03-09 19:37:51 - DEBUG - org.springframework.security.web.FilterChainProxy - Secured POST /api/login
2026-03-09 19:37:51 - DEBUG - org.springframework.security.authentication.dao.DaoAuthenticationProvider - Authenticated user
2026-03-09 19:37:51 - DEBUG - org.springframework.security.web.FilterChainProxy - Securing GET /api/member/product/5
2026-03-09 19:37:51 - DEBUG - org.springframework.security.web.FilterChainProxy - Secured GET /api/member/product/5
2026-03-09 19:37:52 - DEBUG - org.springframework.security.web.FilterChainProxy - Securing POST /api/login
2026-03-09 19:37:52 - DEBUG - org.springframework.security.web.authentication.AnonymousAuthenticationFilter - Set SecurityContextHolder to anonymous SecurityContext
2026-03-09 19:37:52 - DEBUG - org.springframework.security.web.FilterChainProxy - Secured POST /api/login
2026-03-09 19:37:52 - DEBUG - org.springframework.security.authentication.dao.DaoAuthenticationProvider - Authenticated user
2026-03-09 19:37:52 - DEBUG - org.springframework.security.web.FilterChainProxy - Securing DELETE /api/admin/product/6
2026-03-09 19:37:52 - DEBUG - org.springframework.security.web.FilterChainProxy - Secured DELETE /api/admin/product/6
2026-03-09 19:37:52 - INFO - org.springframework.orm.jpa.LocalContainerEntityManagerFactoryBean - Closing JPA EntityManagerFactory for persistence unit 'default'
2026-03-09 19:37:52 - INFO - com.zaxxer.hikari.HikariDataSource - HikariPool-1 - Shutdown initiated...
2026-03-09 19:37:52 - INFO - com.zaxxer.hikari.HikariDataSource - HikariPool-1 - Shutdown completed.
2026-03-09 19:43:56 - INFO - com.gotcha.gotcha_api.controller.StaticContentControllerIntegrationTest - Starting StaticContentControllerIntegrationTest using Java 23.0.1 with PID 31924 (started by Maksym in G:\Work\gotcha-cafe\gotcha-api\gotcha-api)
2026-03-09 19:43:56 - DEBUG - com.gotcha.gotcha_api.controller.StaticContentControllerIntegrationTest - Running with Spring Boot v4.0.2, Spring v7.0.3
2026-03-09 19:43:56 - INFO - com.gotcha.gotcha_api.controller.StaticContentControllerIntegrationTest - The following 1 profile is active: "test"
2026-03-09 19:43:58 - INFO - org.springframework.data.repository.config.RepositoryConfigurationDelegate - Bootstrapping Spring Data JPA repositories in DEFAULT mode.
2026-03-09 19:43:58 - INFO - org.springframework.data.repository.config.RepositoryConfigurationDelegate - Finished Spring Data repository scanning in 110 ms. Found 6 JPA repository interfaces.
2026-03-09 19:44:00 - INFO - org.hibernate.orm.jpa - HHH008540: Processing PersistenceUnitInfo [name: default]
2026-03-09 19:44:00 - INFO - org.hibernate.orm.core - HHH000001: Hibernate ORM core version 7.2.1.Final
2026-03-09 19:44:01 - INFO - org.springframework.orm.jpa.persistenceunit.SpringPersistenceUnitInfo - No LoadTimeWeaver setup: ignoring JPA class transformer
2026-03-09 19:44:02 - INFO - com.zaxxer.hikari.HikariDataSource - HikariPool-1 - Starting...
2026-03-09 19:44:02 - INFO - com.zaxxer.hikari.pool.HikariPool - HikariPool-1 - Added connection conn0: url=jdbc:h2:mem:testdb user=POSTGRES
2026-03-09 19:44:02 - INFO - com.zaxxer.hikari.HikariDataSource - HikariPool-1 - Start completed.
2026-03-09 19:44:02 - INFO - org.hibernate.orm.connections.pooling - HHH10001005: Database info:
	Database JDBC URL [jdbc:h2:mem:testdb]
	Database driver: H2 JDBC Driver
	Database dialect: H2Dialect
	Database version: 2.4.240
	Default catalog/schema: testdb/public
	Autocommit mode: undefined/unknown
	Isolation level: READ_COMMITTED [default READ_COMMITTED]
	JDBC fetch size: 100
	Pool: DataSourceConnectionProvider
	Minimum pool size: undefined/unknown
	Maximum pool size: undefined/unknown
2026-03-09 19:44:04 - INFO - org.hibernate.orm.core - HHH000489: No JTA platform available (set 'hibernate.transaction.jta.platform' to enable JTA platform integration)
2026-03-09 19:44:04 - INFO - org.springframework.orm.jpa.LocalContainerEntityManagerFactoryBean - Initialized JPA EntityManagerFactory for persistence unit 'default'
2026-03-09 19:44:04 - INFO - org.springframework.data.jpa.repository.query.QueryEnhancerFactories - Hibernate is in classpath; If applicable, HQL parser will be used.
2026-03-09 19:44:05 - INFO - com.gotcha.gotcha_api.service.JWTService - Generated key length: 256 bits
2026-03-09 19:44:05 - INFO - org.springframework.security.config.annotation.authentication.configuration.InitializeAuthenticationProviderBeanManagerConfigurer$InitializeAuthenticationProviderManagerConfigurer - Global AuthenticationManager configured with AuthenticationProvider bean with name authProvider
2026-03-09 19:44:05 - WARN - org.springframework.security.config.annotation.authentication.configuration.InitializeUserDetailsBeanManagerConfigurer$InitializeUserDetailsManagerConfigurer - Global AuthenticationManager configured with an AuthenticationProvider bean. UserDetailsService beans will not be used by Spring Security for automatically configuring username/password login. Consider removing the AuthenticationProvider bean. Alternatively, consider using the UserDetailsService in a manually instantiated DaoAuthenticationProvider. If the current configuration is intentional, to turn off this warning, increase the logging level of 'org.springframework.security.config.annotation.authentication.configuration.InitializeUserDetailsBeanManagerConfigurer' to ERROR
2026-03-09 19:44:06 - WARN - org.springframework.boot.jpa.autoconfigure.JpaBaseConfiguration$JpaWebConfiguration - spring.jpa.open-in-view is enabled by default. Therefore, database queries may be performed during view rendering. Explicitly configure spring.jpa.open-in-view to disable this warning
2026-03-09 19:44:07 - DEBUG - org.springframework.security.web.DefaultSecurityFilterChain - Will secure any request with filters: DisableEncodeUrlFilter, WebAsyncManagerIntegrationFilter, SecurityContextHolderFilter, HeaderWriterFilter, LogoutFilter, JWTFilter, RequestCacheAwareFilter, SecurityContextHolderAwareRequestFilter, AnonymousAuthenticationFilter, SessionManagementFilter, ExceptionTranslationFilter, AuthorizationFilter
2026-03-09 19:44:08 - DEBUG - com.gotcha.gotcha_api.securityConfig.JWTFilter - Filter 'JWTFilter' configured for use
2026-03-09 19:44:08 - INFO - org.springframework.boot.test.mock.web.SpringBootMockServletContext - Initializing Spring TestDispatcherServlet ''
2026-03-09 19:44:08 - INFO - org.springframework.test.web.servlet.TestDispatcherServlet - Initializing Servlet ''
2026-03-09 19:44:08 - INFO - org.springframework.test.web.servlet.TestDispatcherServlet - Completed initialization in 0 ms
2026-03-09 19:44:08 - INFO - com.gotcha.gotcha_api.controller.StaticContentControllerIntegrationTest - Started StaticContentControllerIntegrationTest in 13.014 seconds (process running for 18.113)
2026-03-09 19:44:09 - DEBUG - org.springframework.security.web.FilterChainProxy - Securing POST /api/login
2026-03-09 19:44:09 - DEBUG - org.springframework.security.web.authentication.AnonymousAuthenticationFilter - Set SecurityContextHolder to anonymous SecurityContext
2026-03-09 19:44:09 - DEBUG - org.springframework.security.web.FilterChainProxy - Secured POST /api/login
2026-03-09 19:44:10 - DEBUG - org.springframework.security.authentication.dao.DaoAuthenticationProvider - Authenticated user
2026-03-09 19:44:10 - DEBUG - org.springframework.security.web.FilterChainProxy - Securing POST /api/login
2026-03-09 19:44:10 - DEBUG - org.springframework.security.web.authentication.AnonymousAuthenticationFilter - Set SecurityContextHolder to anonymous SecurityContext
2026-03-09 19:44:10 - DEBUG - org.springframework.security.web.FilterChainProxy - Secured POST /api/login
2026-03-09 19:44:10 - DEBUG - org.springframework.security.authentication.dao.DaoAuthenticationProvider - Authenticated user
2026-03-09 19:44:10 - DEBUG - org.springframework.security.web.FilterChainProxy - Securing GET /api/member/static-content/hero-banner
2026-03-09 19:44:11 - DEBUG - org.springframework.security.web.FilterChainProxy - Secured GET /api/member/static-content/hero-banner
2026-03-09 19:44:11 - DEBUG - org.springframework.security.web.FilterChainProxy - Securing POST /api/login
2026-03-09 19:44:11 - DEBUG - org.springframework.security.web.authentication.AnonymousAuthenticationFilter - Set SecurityContextHolder to anonymous SecurityContext
2026-03-09 19:44:11 - DEBUG - org.springframework.security.web.FilterChainProxy - Secured POST /api/login
2026-03-09 19:44:11 - DEBUG - org.springframework.security.authentication.dao.DaoAuthenticationProvider - Authenticated user
2026-03-09 19:44:11 - DEBUG - org.springframework.security.web.FilterChainProxy - Securing POST /api/login
2026-03-09 19:44:11 - DEBUG - org.springframework.security.web.authentication.AnonymousAuthenticationFilter - Set SecurityContextHolder to anonymous SecurityContext
2026-03-09 19:44:11 - DEBUG - org.springframework.security.web.FilterChainProxy - Secured POST /api/login
2026-03-09 19:44:12 - DEBUG - org.springframework.security.authentication.dao.DaoAuthenticationProvider - Authenticated user
2026-03-09 19:44:12 - DEBUG - org.springframework.security.web.FilterChainProxy - Securing GET /api/member/static-content
2026-03-09 19:44:12 - DEBUG - org.springframework.security.web.authentication.AnonymousAuthenticationFilter - Set SecurityContextHolder to anonymous SecurityContext
2026-03-09 19:44:12 - DEBUG - org.springframework.security.web.FilterChainProxy - Securing POST /api/login
2026-03-09 19:44:12 - DEBUG - org.springframework.security.web.authentication.AnonymousAuthenticationFilter - Set SecurityContextHolder to anonymous SecurityContext
2026-03-09 19:44:12 - DEBUG - org.springframework.security.web.FilterChainProxy - Secured POST /api/login
2026-03-09 19:44:13 - DEBUG - org.springframework.security.authentication.dao.DaoAuthenticationProvider - Authenticated user
2026-03-09 19:44:13 - DEBUG - org.springframework.security.web.FilterChainProxy - Securing POST /api/login
2026-03-09 19:44:13 - DEBUG - org.springframework.security.web.authentication.AnonymousAuthenticationFilter - Set SecurityContextHolder to anonymous SecurityContext
2026-03-09 19:44:13 - DEBUG - org.springframework.security.web.FilterChainProxy - Secured POST /api/login
2026-03-09 19:44:13 - DEBUG - org.springframework.security.authentication.dao.DaoAuthenticationProvider - Authenticated user
2026-03-09 19:44:13 - DEBUG - org.springframework.security.web.FilterChainProxy - Securing PUT /api/admin/static-content/hero-banner
2026-03-09 19:44:13 - DEBUG - org.springframework.security.web.authentication.AnonymousAuthenticationFilter - Set SecurityContextHolder to anonymous SecurityContext
2026-03-09 19:44:13 - DEBUG - org.springframework.security.web.FilterChainProxy - Securing POST /api/login
2026-03-09 19:44:13 - DEBUG - org.springframework.security.web.authentication.AnonymousAuthenticationFilter - Set SecurityContextHolder to anonymous SecurityContext
2026-03-09 19:44:13 - DEBUG - org.springframework.security.web.FilterChainProxy - Secured POST /api/login
2026-03-09 19:44:14 - DEBUG - org.springframework.security.authentication.dao.DaoAuthenticationProvider - Authenticated user
2026-03-09 19:44:14 - DEBUG - org.springframework.security.web.FilterChainProxy - Securing POST /api/login
2026-03-09 19:44:14 - DEBUG - org.springframework.security.web.authentication.AnonymousAuthenticationFilter - Set SecurityContextHolder to anonymous SecurityContext
2026-03-09 19:44:14 - DEBUG - org.springframework.security.web.FilterChainProxy - Secured POST /api/login
2026-03-09 19:44:14 - DEBUG - org.springframework.security.authentication.dao.DaoAuthenticationProvider - Authenticated user
2026-03-09 19:44:14 - DEBUG - org.springframework.security.web.FilterChainProxy - Securing PUT /api/admin/static-content/hero-banner
2026-03-09 19:44:14 - DEBUG - org.springframework.security.web.access.AccessDeniedHandlerImpl - Responding with 403 status code
2026-03-09 19:44:14 - DEBUG - org.springframework.security.web.FilterChainProxy - Securing POST /api/login
2026-03-09 19:44:14 - DEBUG - org.springframework.security.web.authentication.AnonymousAuthenticationFilter - Set SecurityContextHolder to anonymous SecurityContext
2026-03-09 19:44:14 - DEBUG - org.springframework.security.web.FilterChainProxy - Secured POST /api/login
2026-03-09 19:44:15 - DEBUG - org.springframework.security.authentication.dao.DaoAuthenticationProvider - Authenticated user
2026-03-09 19:44:15 - DEBUG - org.springframework.security.web.FilterChainProxy - Securing POST /api/login
2026-03-09 19:44:15 - DEBUG - org.springframework.security.web.authentication.AnonymousAuthenticationFilter - Set SecurityContextHolder to anonymous SecurityContext
2026-03-09 19:44:15 - DEBUG - org.springframework.security.web.FilterChainProxy - Secured POST /api/login
2026-03-09 19:44:15 - DEBUG - org.springframework.security.authentication.dao.DaoAuthenticationProvider - Authenticated user
2026-03-09 19:44:15 - DEBUG - org.springframework.security.web.FilterChainProxy - Securing GET /api/member/static-content
2026-03-09 19:44:15 - DEBUG - org.springframework.security.web.FilterChainProxy - Secured GET /api/member/static-content
2026-03-09 19:44:16 - DEBUG - org.springframework.security.web.FilterChainProxy - Securing POST /api/login
2026-03-09 19:44:16 - DEBUG - org.springframework.security.web.authentication.AnonymousAuthenticationFilter - Set SecurityContextHolder to anonymous SecurityContext
2026-03-09 19:44:16 - DEBUG - org.springframework.security.web.FilterChainProxy - Secured POST /api/login
2026-03-09 19:44:16 - DEBUG - org.springframework.security.authentication.dao.DaoAuthenticationProvider - Authenticated user
2026-03-09 19:44:16 - DEBUG - org.springframework.security.web.FilterChainProxy - Securing POST /api/login
2026-03-09 19:44:16 - DEBUG - org.springframework.security.web.authentication.AnonymousAuthenticationFilter - Set SecurityContextHolder to anonymous SecurityContext
2026-03-09 19:44:16 - DEBUG - org.springframework.security.web.FilterChainProxy - Secured POST /api/login
2026-03-09 19:44:16 - DEBUG - org.springframework.security.authentication.dao.DaoAuthenticationProvider - Authenticated user
2026-03-09 19:44:16 - DEBUG - org.springframework.security.web.FilterChainProxy - Securing GET /api/member/static-content/nonexistent-key
2026-03-09 19:44:16 - DEBUG - org.springframework.security.web.FilterChainProxy - Secured GET /api/member/static-content/nonexistent-key
2026-03-09 19:44:17 - DEBUG - org.springframework.security.web.FilterChainProxy - Securing POST /api/login
2026-03-09 19:44:17 - DEBUG - org.springframework.security.web.authentication.AnonymousAuthenticationFilter - Set SecurityContextHolder to anonymous SecurityContext
2026-03-09 19:44:17 - DEBUG - org.springframework.security.web.FilterChainProxy - Secured POST /api/login
2026-03-09 19:44:17 - DEBUG - org.springframework.security.authentication.dao.DaoAuthenticationProvider - Authenticated user
2026-03-09 19:44:17 - DEBUG - org.springframework.security.web.FilterChainProxy - Securing POST /api/login
2026-03-09 19:44:17 - DEBUG - org.springframework.security.web.authentication.AnonymousAuthenticationFilter - Set SecurityContextHolder to anonymous SecurityContext
2026-03-09 19:44:17 - DEBUG - org.springframework.security.web.FilterChainProxy - Secured POST /api/login
2026-03-09 19:44:17 - DEBUG - org.springframework.security.authentication.dao.DaoAuthenticationProvider - Authenticated user
2026-03-09 19:44:17 - DEBUG - org.springframework.security.web.FilterChainProxy - Securing GET /api/member/static-content
2026-03-09 19:44:17 - DEBUG - org.springframework.security.web.FilterChainProxy - Secured GET /api/member/static-content
2026-03-09 19:44:18 - DEBUG - org.springframework.security.web.FilterChainProxy - Securing POST /api/login
2026-03-09 19:44:18 - DEBUG - org.springframework.security.web.authentication.AnonymousAuthenticationFilter - Set SecurityContextHolder to anonymous SecurityContext
2026-03-09 19:44:18 - DEBUG - org.springframework.security.web.FilterChainProxy - Secured POST /api/login
2026-03-09 19:44:18 - DEBUG - org.springframework.security.authentication.dao.DaoAuthenticationProvider - Authenticated user
2026-03-09 19:44:18 - DEBUG - org.springframework.security.web.FilterChainProxy - Securing POST /api/login
2026-03-09 19:44:18 - DEBUG - org.springframework.security.web.authentication.AnonymousAuthenticationFilter - Set SecurityContextHolder to anonymous SecurityContext
2026-03-09 19:44:18 - DEBUG - org.springframework.security.web.FilterChainProxy - Secured POST /api/login
2026-03-09 19:44:18 - DEBUG - org.springframework.security.authentication.dao.DaoAuthenticationProvider - Authenticated user
2026-03-09 19:44:18 - DEBUG - org.springframework.security.web.FilterChainProxy - Securing PUT /api/admin/static-content/hero-banner
2026-03-09 19:44:18 - DEBUG - org.springframework.security.web.FilterChainProxy - Secured PUT /api/admin/static-content/hero-banner
2026-03-09 19:44:18 - INFO - com.gotcha.gotcha_api.controller.StaticContentController - Updating the static content in DB(Controller layer): StaticContent(contentId=null, sectionKey=hero-banner, title=Updated Title, description=Updated description for Gotcha Cafe, imageKey=placeholder)
2026-03-09 19:44:18 - INFO - org.springframework.orm.jpa.LocalContainerEntityManagerFactoryBean - Closing JPA EntityManagerFactory for persistence unit 'default'
2026-03-09 19:44:18 - INFO - com.zaxxer.hikari.HikariDataSource - HikariPool-1 - Shutdown initiated...
2026-03-09 19:44:18 - INFO - com.zaxxer.hikari.HikariDataSource - HikariPool-1 - Shutdown completed.
2026-03-09 19:44:39 - INFO - com.gotcha.gotcha_api.controller.EventControllerIntegrationTest - Starting EventControllerIntegrationTest using Java 23.0.1 with PID 33924 (started by Maksym in G:\Work\gotcha-cafe\gotcha-api\gotcha-api)
2026-03-09 19:44:39 - DEBUG - com.gotcha.gotcha_api.controller.EventControllerIntegrationTest - Running with Spring Boot v4.0.2, Spring v7.0.3
2026-03-09 19:44:39 - INFO - com.gotcha.gotcha_api.controller.EventControllerIntegrationTest - The following 1 profile is active: "test"
2026-03-09 19:44:40 - INFO - org.springframework.data.repository.config.RepositoryConfigurationDelegate - Bootstrapping Spring Data JPA repositories in DEFAULT mode.
2026-03-09 19:44:41 - INFO - org.springframework.data.repository.config.RepositoryConfigurationDelegate - Finished Spring Data repository scanning in 164 ms. Found 6 JPA repository interfaces.
2026-03-09 19:44:44 - INFO - org.hibernate.orm.jpa - HHH008540: Processing PersistenceUnitInfo [name: default]
2026-03-09 19:44:44 - INFO - org.hibernate.orm.core - HHH000001: Hibernate ORM core version 7.2.1.Final
2026-03-09 19:44:45 - INFO - org.springframework.orm.jpa.persistenceunit.SpringPersistenceUnitInfo - No LoadTimeWeaver setup: ignoring JPA class transformer
2026-03-09 19:44:45 - INFO - com.zaxxer.hikari.HikariDataSource - HikariPool-1 - Starting...
2026-03-09 19:44:45 - INFO - com.zaxxer.hikari.pool.HikariPool - HikariPool-1 - Added connection conn0: url=jdbc:h2:mem:testdb user=POSTGRES
2026-03-09 19:44:45 - INFO - com.zaxxer.hikari.HikariDataSource - HikariPool-1 - Start completed.
2026-03-09 19:44:45 - INFO - org.hibernate.orm.connections.pooling - HHH10001005: Database info:
	Database JDBC URL [jdbc:h2:mem:testdb]
	Database driver: H2 JDBC Driver
	Database dialect: H2Dialect
	Database version: 2.4.240
	Default catalog/schema: testdb/public
	Autocommit mode: undefined/unknown
	Isolation level: READ_COMMITTED [default READ_COMMITTED]
	JDBC fetch size: 100
	Pool: DataSourceConnectionProvider
	Minimum pool size: undefined/unknown
	Maximum pool size: undefined/unknown
2026-03-09 19:44:47 - INFO - org.hibernate.orm.core - HHH000489: No JTA platform available (set 'hibernate.transaction.jta.platform' to enable JTA platform integration)
2026-03-09 19:44:47 - INFO - org.springframework.orm.jpa.LocalContainerEntityManagerFactoryBean - Initialized JPA EntityManagerFactory for persistence unit 'default'
2026-03-09 19:44:47 - INFO - org.springframework.data.jpa.repository.query.QueryEnhancerFactories - Hibernate is in classpath; If applicable, HQL parser will be used.
2026-03-09 19:44:48 - INFO - com.gotcha.gotcha_api.service.JWTService - Generated key length: 256 bits
2026-03-09 19:44:48 - INFO - org.springframework.security.config.annotation.authentication.configuration.InitializeAuthenticationProviderBeanManagerConfigurer$InitializeAuthenticationProviderManagerConfigurer - Global AuthenticationManager configured with AuthenticationProvider bean with name authProvider
2026-03-09 19:44:48 - WARN - org.springframework.security.config.annotation.authentication.configuration.InitializeUserDetailsBeanManagerConfigurer$InitializeUserDetailsManagerConfigurer - Global AuthenticationManager configured with an AuthenticationProvider bean. UserDetailsService beans will not be used by Spring Security for automatically configuring username/password login. Consider removing the AuthenticationProvider bean. Alternatively, consider using the UserDetailsService in a manually instantiated DaoAuthenticationProvider. If the current configuration is intentional, to turn off this warning, increase the logging level of 'org.springframework.security.config.annotation.authentication.configuration.InitializeUserDetailsBeanManagerConfigurer' to ERROR
2026-03-09 19:44:49 - WARN - org.springframework.boot.jpa.autoconfigure.JpaBaseConfiguration$JpaWebConfiguration - spring.jpa.open-in-view is enabled by default. Therefore, database queries may be performed during view rendering. Explicitly configure spring.jpa.open-in-view to disable this warning
2026-03-09 19:44:50 - DEBUG - org.springframework.security.web.DefaultSecurityFilterChain - Will secure any request with filters: DisableEncodeUrlFilter, WebAsyncManagerIntegrationFilter, SecurityContextHolderFilter, HeaderWriterFilter, LogoutFilter, JWTFilter, RequestCacheAwareFilter, SecurityContextHolderAwareRequestFilter, AnonymousAuthenticationFilter, SessionManagementFilter, ExceptionTranslationFilter, AuthorizationFilter
2026-03-09 19:44:50 - DEBUG - com.gotcha.gotcha_api.securityConfig.JWTFilter - Filter 'JWTFilter' configured for use
2026-03-09 19:44:50 - INFO - org.springframework.boot.test.mock.web.SpringBootMockServletContext - Initializing Spring TestDispatcherServlet ''
2026-03-09 19:44:50 - INFO - org.springframework.test.web.servlet.TestDispatcherServlet - Initializing Servlet ''
2026-03-09 19:44:50 - INFO - org.springframework.test.web.servlet.TestDispatcherServlet - Completed initialization in 0 ms
2026-03-09 19:44:51 - INFO - com.gotcha.gotcha_api.controller.EventControllerIntegrationTest - Started EventControllerIntegrationTest in 12.685 seconds (process running for 16.019)
2026-03-09 19:44:52 - DEBUG - org.springframework.security.web.FilterChainProxy - Securing POST /api/login
2026-03-09 19:44:52 - DEBUG - org.springframework.security.web.authentication.AnonymousAuthenticationFilter - Set SecurityContextHolder to anonymous SecurityContext
2026-03-09 19:44:52 - DEBUG - org.springframework.security.web.FilterChainProxy - Secured POST /api/login
2026-03-09 19:44:53 - DEBUG - org.springframework.security.authentication.dao.DaoAuthenticationProvider - Authenticated user
2026-03-09 19:44:53 - DEBUG - org.springframework.security.web.FilterChainProxy - Securing POST /api/login
2026-03-09 19:44:53 - DEBUG - org.springframework.security.web.authentication.AnonymousAuthenticationFilter - Set SecurityContextHolder to anonymous SecurityContext
2026-03-09 19:44:53 - DEBUG - org.springframework.security.web.FilterChainProxy - Secured POST /api/login
2026-03-09 19:44:53 - DEBUG - org.springframework.security.authentication.dao.DaoAuthenticationProvider - Authenticated user
2026-03-09 19:44:53 - DEBUG - org.springframework.security.web.FilterChainProxy - Securing POST /api/admin/event
2026-03-09 19:44:53 - DEBUG - org.springframework.security.web.FilterChainProxy - Secured POST /api/admin/event
2026-03-09 19:44:53 - INFO - com.gotcha.gotcha_api.controller.EventController - Adding the event to DB(Controller layer): Event(eventId=null, title=Latte Art Workshop, description=Learn to create beautiful latte art, eventDate=2026-04-08T19:44:53.686312, location=Gotcha Cafe, Paris, createdAt=2026-03-09T19:44:53.686312, imageKey=placeholder)
2026-03-09 19:44:53 - INFO - com.gotcha.gotcha_api.service.EventService - Uploading image to S3: event.jpg
2026-03-09 19:44:54 - DEBUG - org.springframework.security.web.FilterChainProxy - Securing POST /api/login
2026-03-09 19:44:54 - DEBUG - org.springframework.security.web.authentication.AnonymousAuthenticationFilter - Set SecurityContextHolder to anonymous SecurityContext
2026-03-09 19:44:54 - DEBUG - org.springframework.security.web.FilterChainProxy - Secured POST /api/login
2026-03-09 19:44:54 - DEBUG - org.springframework.security.authentication.dao.DaoAuthenticationProvider - Authenticated user
2026-03-09 19:44:54 - DEBUG - org.springframework.security.web.FilterChainProxy - Securing POST /api/login
2026-03-09 19:44:54 - DEBUG - org.springframework.security.web.authentication.AnonymousAuthenticationFilter - Set SecurityContextHolder to anonymous SecurityContext
2026-03-09 19:44:54 - DEBUG - org.springframework.security.web.FilterChainProxy - Secured POST /api/login
2026-03-09 19:44:54 - DEBUG - org.springframework.security.authentication.dao.DaoAuthenticationProvider - Authenticated user
2026-03-09 19:44:54 - DEBUG - org.springframework.security.web.FilterChainProxy - Securing POST /api/admin/event
2026-03-09 19:44:54 - DEBUG - org.springframework.security.web.access.AccessDeniedHandlerImpl - Responding with 403 status code
2026-03-09 19:44:55 - DEBUG - org.springframework.security.web.FilterChainProxy - Securing POST /api/login
2026-03-09 19:44:55 - DEBUG - org.springframework.security.web.authentication.AnonymousAuthenticationFilter - Set SecurityContextHolder to anonymous SecurityContext
2026-03-09 19:44:55 - DEBUG - org.springframework.security.web.FilterChainProxy - Secured POST /api/login
2026-03-09 19:44:55 - DEBUG - org.springframework.security.authentication.dao.DaoAuthenticationProvider - Authenticated user
2026-03-09 19:44:55 - DEBUG - org.springframework.security.web.FilterChainProxy - Securing POST /api/login
2026-03-09 19:44:55 - DEBUG - org.springframework.security.web.authentication.AnonymousAuthenticationFilter - Set SecurityContextHolder to anonymous SecurityContext
2026-03-09 19:44:55 - DEBUG - org.springframework.security.web.FilterChainProxy - Secured POST /api/login
2026-03-09 19:44:55 - DEBUG - org.springframework.security.authentication.dao.DaoAuthenticationProvider - Authenticated user
2026-03-09 19:44:55 - DEBUG - org.springframework.security.web.FilterChainProxy - Securing DELETE /api/admin/event/9999
2026-03-09 19:44:55 - DEBUG - org.springframework.security.web.FilterChainProxy - Secured DELETE /api/admin/event/9999
2026-03-09 19:44:56 - DEBUG - org.springframework.security.web.FilterChainProxy - Securing POST /api/login
2026-03-09 19:44:56 - DEBUG - org.springframework.security.web.authentication.AnonymousAuthenticationFilter - Set SecurityContextHolder to anonymous SecurityContext
2026-03-09 19:44:56 - DEBUG - org.springframework.security.web.FilterChainProxy - Secured POST /api/login
2026-03-09 19:44:56 - DEBUG - org.springframework.security.authentication.dao.DaoAuthenticationProvider - Authenticated user
2026-03-09 19:44:56 - DEBUG - org.springframework.security.web.FilterChainProxy - Securing POST /api/login
2026-03-09 19:44:56 - DEBUG - org.springframework.security.web.authentication.AnonymousAuthenticationFilter - Set SecurityContextHolder to anonymous SecurityContext
2026-03-09 19:44:56 - DEBUG - org.springframework.security.web.FilterChainProxy - Secured POST /api/login
2026-03-09 19:44:56 - DEBUG - org.springframework.security.authentication.dao.DaoAuthenticationProvider - Authenticated user
2026-03-09 19:44:57 - DEBUG - org.springframework.security.web.FilterChainProxy - Securing DELETE /api/admin/event/5
2026-03-09 19:44:57 - DEBUG - org.springframework.security.web.FilterChainProxy - Secured DELETE /api/admin/event/5
2026-03-09 19:44:57 - DEBUG - org.springframework.security.web.FilterChainProxy - Securing POST /api/login
2026-03-09 19:44:57 - DEBUG - org.springframework.security.web.authentication.AnonymousAuthenticationFilter - Set SecurityContextHolder to anonymous SecurityContext
2026-03-09 19:44:57 - DEBUG - org.springframework.security.web.FilterChainProxy - Secured POST /api/login
2026-03-09 19:44:57 - DEBUG - org.springframework.security.authentication.dao.DaoAuthenticationProvider - Authenticated user
2026-03-09 19:44:57 - DEBUG - org.springframework.security.web.FilterChainProxy - Securing POST /api/login
2026-03-09 19:44:57 - DEBUG - org.springframework.security.web.authentication.AnonymousAuthenticationFilter - Set SecurityContextHolder to anonymous SecurityContext
2026-03-09 19:44:57 - DEBUG - org.springframework.security.web.FilterChainProxy - Secured POST /api/login
2026-03-09 19:44:58 - DEBUG - org.springframework.security.authentication.dao.DaoAuthenticationProvider - Authenticated user
2026-03-09 19:44:58 - DEBUG - org.springframework.security.web.FilterChainProxy - Securing GET /api/member/event
2026-03-09 19:44:58 - DEBUG - org.springframework.security.web.FilterChainProxy - Secured GET /api/member/event
2026-03-09 19:44:58 - INFO - com.gotcha.gotcha_api.service.EventService - Getting events from DB: 0
2026-03-09 19:44:58 - DEBUG - org.springframework.security.web.FilterChainProxy - Securing POST /api/login
2026-03-09 19:44:58 - DEBUG - org.springframework.security.web.authentication.AnonymousAuthenticationFilter - Set SecurityContextHolder to anonymous SecurityContext
2026-03-09 19:44:58 - DEBUG - org.springframework.security.web.FilterChainProxy - Secured POST /api/login
2026-03-09 19:44:58 - DEBUG - org.springframework.security.authentication.dao.DaoAuthenticationProvider - Authenticated user
2026-03-09 19:44:58 - DEBUG - org.springframework.security.web.FilterChainProxy - Securing POST /api/login
2026-03-09 19:44:58 - DEBUG - org.springframework.security.web.authentication.AnonymousAuthenticationFilter - Set SecurityContextHolder to anonymous SecurityContext
2026-03-09 19:44:58 - DEBUG - org.springframework.security.web.FilterChainProxy - Secured POST /api/login
2026-03-09 19:44:59 - DEBUG - org.springframework.security.authentication.dao.DaoAuthenticationProvider - Authenticated user
2026-03-09 19:44:59 - DEBUG - org.springframework.security.web.FilterChainProxy - Securing GET /api/member/event/7
2026-03-09 19:44:59 - DEBUG - org.springframework.security.web.FilterChainProxy - Secured GET /api/member/event/7
2026-03-09 19:44:59 - DEBUG - org.springframework.security.web.FilterChainProxy - Securing POST /api/login
2026-03-09 19:44:59 - DEBUG - org.springframework.security.web.authentication.AnonymousAuthenticationFilter - Set SecurityContextHolder to anonymous SecurityContext
2026-03-09 19:44:59 - DEBUG - org.springframework.security.web.FilterChainProxy - Secured POST /api/login
2026-03-09 19:44:59 - DEBUG - org.springframework.security.authentication.dao.DaoAuthenticationProvider - Authenticated user
2026-03-09 19:44:59 - DEBUG - org.springframework.security.web.FilterChainProxy - Securing POST /api/login
2026-03-09 19:44:59 - DEBUG - org.springframework.security.web.authentication.AnonymousAuthenticationFilter - Set SecurityContextHolder to anonymous SecurityContext
2026-03-09 19:44:59 - DEBUG - org.springframework.security.web.FilterChainProxy - Secured POST /api/login
2026-03-09 19:45:00 - DEBUG - org.springframework.security.authentication.dao.DaoAuthenticationProvider - Authenticated user
2026-03-09 19:45:00 - DEBUG - org.springframework.security.web.FilterChainProxy - Securing GET /api/member/event
2026-03-09 19:45:00 - DEBUG - org.springframework.security.web.authentication.AnonymousAuthenticationFilter - Set SecurityContextHolder to anonymous SecurityContext
2026-03-09 19:45:00 - DEBUG - org.springframework.security.web.FilterChainProxy - Securing POST /api/login
2026-03-09 19:45:00 - DEBUG - org.springframework.security.web.authentication.AnonymousAuthenticationFilter - Set SecurityContextHolder to anonymous SecurityContext
2026-03-09 19:45:00 - DEBUG - org.springframework.security.web.FilterChainProxy - Secured POST /api/login
2026-03-09 19:45:01 - DEBUG - org.springframework.security.authentication.dao.DaoAuthenticationProvider - Authenticated user
2026-03-09 19:45:01 - DEBUG - org.springframework.security.web.FilterChainProxy - Securing POST /api/login
2026-03-09 19:45:01 - DEBUG - org.springframework.security.web.authentication.AnonymousAuthenticationFilter - Set SecurityContextHolder to anonymous SecurityContext
2026-03-09 19:45:01 - DEBUG - org.springframework.security.web.FilterChainProxy - Secured POST /api/login
2026-03-09 19:45:01 - DEBUG - org.springframework.security.authentication.dao.DaoAuthenticationProvider - Authenticated user
2026-03-09 19:45:01 - DEBUG - org.springframework.security.web.FilterChainProxy - Securing PUT /api/admin/event/9
2026-03-09 19:45:01 - DEBUG - org.springframework.security.web.FilterChainProxy - Secured PUT /api/admin/event/9
2026-03-09 19:45:01 - INFO - com.gotcha.gotcha_api.controller.EventController - Updating the event in DB(Controller layer): Event(eventId=null, title=Updated Coffee Night, description=Updated description, eventDate=2026-03-30T19:45:01.271337100, location=New Location, Paris, createdAt=2026-03-09T19:45:01.255636600, imageKey=placeholder)
2026-03-09 19:45:01 - INFO - com.gotcha.gotcha_api.service.EventService - Uploading image to S3: updated.jpg
2026-03-09 19:45:01 - DEBUG - org.springframework.security.web.FilterChainProxy - Securing POST /api/login
2026-03-09 19:45:01 - DEBUG - org.springframework.security.web.authentication.AnonymousAuthenticationFilter - Set SecurityContextHolder to anonymous SecurityContext
2026-03-09 19:45:01 - DEBUG - org.springframework.security.web.FilterChainProxy - Secured POST /api/login
2026-03-09 19:45:01 - DEBUG - org.springframework.security.authentication.dao.DaoAuthenticationProvider - Authenticated user
2026-03-09 19:45:01 - DEBUG - org.springframework.security.web.FilterChainProxy - Securing POST /api/login
2026-03-09 19:45:01 - DEBUG - org.springframework.security.web.authentication.AnonymousAuthenticationFilter - Set SecurityContextHolder to anonymous SecurityContext
2026-03-09 19:45:01 - DEBUG - org.springframework.security.web.FilterChainProxy - Secured POST /api/login
2026-03-09 19:45:02 - DEBUG - org.springframework.security.authentication.dao.DaoAuthenticationProvider - Authenticated user
2026-03-09 19:45:02 - DEBUG - org.springframework.security.web.FilterChainProxy - Securing GET /api/member/event/9999
2026-03-09 19:45:02 - DEBUG - org.springframework.security.web.FilterChainProxy - Secured GET /api/member/event/9999
2026-03-09 19:45:02 - DEBUG - org.springframework.security.web.FilterChainProxy - Securing POST /api/login
2026-03-09 19:45:02 - DEBUG - org.springframework.security.web.authentication.AnonymousAuthenticationFilter - Set SecurityContextHolder to anonymous SecurityContext
2026-03-09 19:45:02 - DEBUG - org.springframework.security.web.FilterChainProxy - Secured POST /api/login
2026-03-09 19:45:02 - DEBUG - org.springframework.security.authentication.dao.DaoAuthenticationProvider - Authenticated user
2026-03-09 19:45:02 - DEBUG - org.springframework.security.web.FilterChainProxy - Securing POST /api/login
2026-03-09 19:45:02 - DEBUG - org.springframework.security.web.authentication.AnonymousAuthenticationFilter - Set SecurityContextHolder to anonymous SecurityContext
2026-03-09 19:45:02 - DEBUG - org.springframework.security.web.FilterChainProxy - Secured POST /api/login
2026-03-09 19:45:03 - DEBUG - org.springframework.security.authentication.dao.DaoAuthenticationProvider - Authenticated user
2026-03-09 19:45:03 - DEBUG - org.springframework.security.web.FilterChainProxy - Securing POST /api/admin/event
2026-03-09 19:45:03 - DEBUG - org.springframework.security.web.authentication.AnonymousAuthenticationFilter - Set SecurityContextHolder to anonymous SecurityContext
2026-03-09 19:45:03 - DEBUG - org.springframework.security.web.FilterChainProxy - Securing POST /api/login
2026-03-09 19:45:03 - DEBUG - org.springframework.security.web.authentication.AnonymousAuthenticationFilter - Set SecurityContextHolder to anonymous SecurityContext
2026-03-09 19:45:03 - DEBUG - org.springframework.security.web.FilterChainProxy - Secured POST /api/login
2026-03-09 19:45:03 - DEBUG - org.springframework.security.authentication.dao.DaoAuthenticationProvider - Authenticated user
2026-03-09 19:45:03 - DEBUG - org.springframework.security.web.FilterChainProxy - Securing POST /api/login
2026-03-09 19:45:03 - DEBUG - org.springframework.security.web.authentication.AnonymousAuthenticationFilter - Set SecurityContextHolder to anonymous SecurityContext
2026-03-09 19:45:03 - DEBUG - org.springframework.security.web.FilterChainProxy - Secured POST /api/login
2026-03-09 19:45:04 - DEBUG - org.springframework.security.authentication.dao.DaoAuthenticationProvider - Authenticated user
2026-03-09 19:45:04 - DEBUG - org.springframework.security.web.FilterChainProxy - Securing GET /api/member/event
2026-03-09 19:45:04 - DEBUG - org.springframework.security.web.FilterChainProxy - Secured GET /api/member/event
2026-03-09 19:45:04 - INFO - com.gotcha.gotcha_api.service.EventService - Getting events from DB: 1
2026-03-09 19:45:04 - DEBUG - org.springframework.security.web.FilterChainProxy - Securing POST /api/login
2026-03-09 19:45:04 - DEBUG - org.springframework.security.web.authentication.AnonymousAuthenticationFilter - Set SecurityContextHolder to anonymous SecurityContext
2026-03-09 19:45:04 - DEBUG - org.springframework.security.web.FilterChainProxy - Secured POST /api/login
2026-03-09 19:45:04 - DEBUG - org.springframework.security.authentication.dao.DaoAuthenticationProvider - Authenticated user
2026-03-09 19:45:04 - DEBUG - org.springframework.security.web.FilterChainProxy - Securing POST /api/login
2026-03-09 19:45:04 - DEBUG - org.springframework.security.web.authentication.AnonymousAuthenticationFilter - Set SecurityContextHolder to anonymous SecurityContext
2026-03-09 19:45:04 - DEBUG - org.springframework.security.web.FilterChainProxy - Secured POST /api/login
2026-03-09 19:45:05 - DEBUG - org.springframework.security.authentication.dao.DaoAuthenticationProvider - Authenticated user
2026-03-09 19:45:05 - DEBUG - org.springframework.security.web.FilterChainProxy - Securing DELETE /api/admin/event/13
2026-03-09 19:45:05 - DEBUG - org.springframework.security.web.access.AccessDeniedHandlerImpl - Responding with 403 status code
2026-03-09 19:45:05 - INFO - org.springframework.orm.jpa.LocalContainerEntityManagerFactoryBean - Closing JPA EntityManagerFactory for persistence unit 'default'
2026-03-09 19:45:05 - INFO - com.zaxxer.hikari.HikariDataSource - HikariPool-1 - Shutdown initiated...
2026-03-09 19:45:05 - INFO - com.zaxxer.hikari.HikariDataSource - HikariPool-1 - Shutdown completed.
2026-03-09 19:45:13 - INFO - com.gotcha.gotcha_api.controller.AdminControllerIntegrationTest - Starting AdminControllerIntegrationTest using Java 23.0.1 with PID 5940 (started by Maksym in G:\Work\gotcha-cafe\gotcha-api\gotcha-api)
2026-03-09 19:45:13 - DEBUG - com.gotcha.gotcha_api.controller.AdminControllerIntegrationTest - Running with Spring Boot v4.0.2, Spring v7.0.3
2026-03-09 19:45:13 - INFO - com.gotcha.gotcha_api.controller.AdminControllerIntegrationTest - The following 1 profile is active: "test"
2026-03-09 19:45:15 - INFO - org.springframework.data.repository.config.RepositoryConfigurationDelegate - Bootstrapping Spring Data JPA repositories in DEFAULT mode.
2026-03-09 19:45:15 - INFO - org.springframework.data.repository.config.RepositoryConfigurationDelegate - Finished Spring Data repository scanning in 105 ms. Found 6 JPA repository interfaces.
2026-03-09 19:45:17 - INFO - org.hibernate.orm.jpa - HHH008540: Processing PersistenceUnitInfo [name: default]
2026-03-09 19:45:17 - INFO - org.hibernate.orm.core - HHH000001: Hibernate ORM core version 7.2.1.Final
2026-03-09 19:45:18 - INFO - org.springframework.orm.jpa.persistenceunit.SpringPersistenceUnitInfo - No LoadTimeWeaver setup: ignoring JPA class transformer
2026-03-09 19:45:18 - INFO - com.zaxxer.hikari.HikariDataSource - HikariPool-1 - Starting...
2026-03-09 19:45:18 - INFO - com.zaxxer.hikari.pool.HikariPool - HikariPool-1 - Added connection conn0: url=jdbc:h2:mem:testdb user=POSTGRES
2026-03-09 19:45:18 - INFO - com.zaxxer.hikari.HikariDataSource - HikariPool-1 - Start completed.
2026-03-09 19:45:18 - INFO - org.hibernate.orm.connections.pooling - HHH10001005: Database info:
	Database JDBC URL [jdbc:h2:mem:testdb]
	Database driver: H2 JDBC Driver
	Database dialect: H2Dialect
	Database version: 2.4.240
	Default catalog/schema: testdb/public
	Autocommit mode: undefined/unknown
	Isolation level: READ_COMMITTED [default READ_COMMITTED]
	JDBC fetch size: 100
	Pool: DataSourceConnectionProvider
	Minimum pool size: undefined/unknown
	Maximum pool size: undefined/unknown
2026-03-09 19:45:20 - INFO - org.hibernate.orm.core - HHH000489: No JTA platform available (set 'hibernate.transaction.jta.platform' to enable JTA platform integration)
2026-03-09 19:45:20 - INFO - org.springframework.orm.jpa.LocalContainerEntityManagerFactoryBean - Initialized JPA EntityManagerFactory for persistence unit 'default'
2026-03-09 19:45:20 - INFO - org.springframework.data.jpa.repository.query.QueryEnhancerFactories - Hibernate is in classpath; If applicable, HQL parser will be used.
2026-03-09 19:45:20 - INFO - com.gotcha.gotcha_api.service.JWTService - Generated key length: 256 bits
2026-03-09 19:45:21 - INFO - org.springframework.security.config.annotation.authentication.configuration.InitializeAuthenticationProviderBeanManagerConfigurer$InitializeAuthenticationProviderManagerConfigurer - Global AuthenticationManager configured with AuthenticationProvider bean with name authProvider
2026-03-09 19:45:21 - WARN - org.springframework.security.config.annotation.authentication.configuration.InitializeUserDetailsBeanManagerConfigurer$InitializeUserDetailsManagerConfigurer - Global AuthenticationManager configured with an AuthenticationProvider bean. UserDetailsService beans will not be used by Spring Security for automatically configuring username/password login. Consider removing the AuthenticationProvider bean. Alternatively, consider using the UserDetailsService in a manually instantiated DaoAuthenticationProvider. If the current configuration is intentional, to turn off this warning, increase the logging level of 'org.springframework.security.config.annotation.authentication.configuration.InitializeUserDetailsBeanManagerConfigurer' to ERROR
2026-03-09 19:45:22 - WARN - org.springframework.boot.jpa.autoconfigure.JpaBaseConfiguration$JpaWebConfiguration - spring.jpa.open-in-view is enabled by default. Therefore, database queries may be performed during view rendering. Explicitly configure spring.jpa.open-in-view to disable this warning
2026-03-09 19:45:22 - DEBUG - org.springframework.security.web.DefaultSecurityFilterChain - Will secure any request with filters: DisableEncodeUrlFilter, WebAsyncManagerIntegrationFilter, SecurityContextHolderFilter, HeaderWriterFilter, LogoutFilter, JWTFilter, RequestCacheAwareFilter, SecurityContextHolderAwareRequestFilter, AnonymousAuthenticationFilter, SessionManagementFilter, ExceptionTranslationFilter, AuthorizationFilter
2026-03-09 19:45:23 - DEBUG - com.gotcha.gotcha_api.securityConfig.JWTFilter - Filter 'JWTFilter' configured for use
2026-03-09 19:45:23 - INFO - org.springframework.boot.test.mock.web.SpringBootMockServletContext - Initializing Spring TestDispatcherServlet ''
2026-03-09 19:45:23 - INFO - org.springframework.test.web.servlet.TestDispatcherServlet - Initializing Servlet ''
2026-03-09 19:45:23 - INFO - org.springframework.test.web.servlet.TestDispatcherServlet - Completed initialization in 2 ms
2026-03-09 19:45:23 - INFO - com.gotcha.gotcha_api.controller.AdminControllerIntegrationTest - Started AdminControllerIntegrationTest in 10.365 seconds (process running for 13.05)
2026-03-09 19:45:24 - DEBUG - org.springframework.security.web.FilterChainProxy - Securing POST /api/login
2026-03-09 19:45:24 - DEBUG - org.springframework.security.web.authentication.AnonymousAuthenticationFilter - Set SecurityContextHolder to anonymous SecurityContext
2026-03-09 19:45:24 - DEBUG - org.springframework.security.web.FilterChainProxy - Secured POST /api/login
2026-03-09 19:45:25 - DEBUG - org.springframework.security.authentication.dao.DaoAuthenticationProvider - Authenticated user
2026-03-09 19:45:25 - DEBUG - org.springframework.security.web.FilterChainProxy - Securing POST /api/login
2026-03-09 19:45:25 - DEBUG - org.springframework.security.web.authentication.AnonymousAuthenticationFilter - Set SecurityContextHolder to anonymous SecurityContext
2026-03-09 19:45:25 - DEBUG - org.springframework.security.web.FilterChainProxy - Secured POST /api/login
2026-03-09 19:45:25 - DEBUG - org.springframework.security.authentication.dao.DaoAuthenticationProvider - Authenticated user
2026-03-09 19:45:25 - DEBUG - org.springframework.security.web.FilterChainProxy - Securing GET /api/admin/users/9999
2026-03-09 19:45:25 - DEBUG - org.springframework.security.web.FilterChainProxy - Secured GET /api/admin/users/9999
2026-03-09 19:45:26 - DEBUG - org.springframework.security.web.FilterChainProxy - Securing POST /api/login
2026-03-09 19:45:26 - DEBUG - org.springframework.security.web.authentication.AnonymousAuthenticationFilter - Set SecurityContextHolder to anonymous SecurityContext
2026-03-09 19:45:26 - DEBUG - org.springframework.security.web.FilterChainProxy - Secured POST /api/login
2026-03-09 19:45:26 - DEBUG - org.springframework.security.authentication.dao.DaoAuthenticationProvider - Authenticated user
2026-03-09 19:45:26 - DEBUG - org.springframework.security.web.FilterChainProxy - Securing POST /api/login
2026-03-09 19:45:26 - DEBUG - org.springframework.security.web.authentication.AnonymousAuthenticationFilter - Set SecurityContextHolder to anonymous SecurityContext
2026-03-09 19:45:26 - DEBUG - org.springframework.security.web.FilterChainProxy - Secured POST /api/login
2026-03-09 19:45:27 - DEBUG - org.springframework.security.authentication.dao.DaoAuthenticationProvider - Authenticated user
2026-03-09 19:45:27 - DEBUG - org.springframework.security.web.FilterChainProxy - Securing DELETE /api/admin/users/6
2026-03-09 19:45:27 - DEBUG - org.springframework.security.web.FilterChainProxy - Secured DELETE /api/admin/users/6
2026-03-09 19:45:27 - DEBUG - org.springframework.security.web.FilterChainProxy - Securing POST /api/login
2026-03-09 19:45:27 - DEBUG - org.springframework.security.web.authentication.AnonymousAuthenticationFilter - Set SecurityContextHolder to anonymous SecurityContext
2026-03-09 19:45:27 - DEBUG - org.springframework.security.web.FilterChainProxy - Secured POST /api/login
2026-03-09 19:45:28 - DEBUG - org.springframework.security.authentication.dao.DaoAuthenticationProvider - Authenticated user
2026-03-09 19:45:28 - DEBUG - org.springframework.security.web.FilterChainProxy - Securing POST /api/login
2026-03-09 19:45:28 - DEBUG - org.springframework.security.web.authentication.AnonymousAuthenticationFilter - Set SecurityContextHolder to anonymous SecurityContext
2026-03-09 19:45:28 - DEBUG - org.springframework.security.web.FilterChainProxy - Secured POST /api/login
2026-03-09 19:45:28 - DEBUG - org.springframework.security.authentication.dao.DaoAuthenticationProvider - Authenticated user
2026-03-09 19:45:28 - DEBUG - org.springframework.security.web.FilterChainProxy - Securing GET /api/admin/users/9
2026-03-09 19:45:28 - DEBUG - org.springframework.security.web.FilterChainProxy - Secured GET /api/admin/users/9
2026-03-09 19:45:29 - DEBUG - org.springframework.security.web.FilterChainProxy - Securing POST /api/login
2026-03-09 19:45:29 - DEBUG - org.springframework.security.web.authentication.AnonymousAuthenticationFilter - Set SecurityContextHolder to anonymous SecurityContext
2026-03-09 19:45:29 - DEBUG - org.springframework.security.web.FilterChainProxy - Secured POST /api/login
2026-03-09 19:45:29 - DEBUG - org.springframework.security.authentication.dao.DaoAuthenticationProvider - Authenticated user
2026-03-09 19:45:29 - DEBUG - org.springframework.security.web.FilterChainProxy - Securing POST /api/login
2026-03-09 19:45:29 - DEBUG - org.springframework.security.web.authentication.AnonymousAuthenticationFilter - Set SecurityContextHolder to anonymous SecurityContext
2026-03-09 19:45:29 - DEBUG - org.springframework.security.web.FilterChainProxy - Secured POST /api/login
2026-03-09 19:45:29 - DEBUG - org.springframework.security.authentication.dao.DaoAuthenticationProvider - Authenticated user
2026-03-09 19:45:29 - DEBUG - org.springframework.security.web.FilterChainProxy - Securing GET /api/admin/users/12
2026-03-09 19:45:29 - DEBUG - org.springframework.security.web.access.AccessDeniedHandlerImpl - Responding with 403 status code
2026-03-09 19:45:30 - DEBUG - org.springframework.security.web.FilterChainProxy - Securing POST /api/login
2026-03-09 19:45:30 - DEBUG - org.springframework.security.web.authentication.AnonymousAuthenticationFilter - Set SecurityContextHolder to anonymous SecurityContext
2026-03-09 19:45:30 - DEBUG - org.springframework.security.web.FilterChainProxy - Secured POST /api/login
2026-03-09 19:45:30 - DEBUG - org.springframework.security.authentication.dao.DaoAuthenticationProvider - Authenticated user
2026-03-09 19:45:30 - DEBUG - org.springframework.security.web.FilterChainProxy - Securing POST /api/login
2026-03-09 19:45:30 - DEBUG - org.springframework.security.web.authentication.AnonymousAuthenticationFilter - Set SecurityContextHolder to anonymous SecurityContext
2026-03-09 19:45:30 - DEBUG - org.springframework.security.web.FilterChainProxy - Secured POST /api/login
2026-03-09 19:45:30 - DEBUG - org.springframework.security.authentication.dao.DaoAuthenticationProvider - Authenticated user
2026-03-09 19:45:30 - DEBUG - org.springframework.security.web.FilterChainProxy - Securing GET /api/admin/users
2026-03-09 19:45:30 - DEBUG - org.springframework.security.web.access.AccessDeniedHandlerImpl - Responding with 403 status code
2026-03-09 19:45:31 - DEBUG - org.springframework.security.web.FilterChainProxy - Securing POST /api/login
2026-03-09 19:45:31 - DEBUG - org.springframework.security.web.authentication.AnonymousAuthenticationFilter - Set SecurityContextHolder to anonymous SecurityContext
2026-03-09 19:45:31 - DEBUG - org.springframework.security.web.FilterChainProxy - Secured POST /api/login
2026-03-09 19:45:31 - DEBUG - org.springframework.security.authentication.dao.DaoAuthenticationProvider - Authenticated user
2026-03-09 19:45:31 - DEBUG - org.springframework.security.web.FilterChainProxy - Securing POST /api/login
2026-03-09 19:45:31 - DEBUG - org.springframework.security.web.authentication.AnonymousAuthenticationFilter - Set SecurityContextHolder to anonymous SecurityContext
2026-03-09 19:45:31 - DEBUG - org.springframework.security.web.FilterChainProxy - Secured POST /api/login
2026-03-09 19:45:32 - DEBUG - org.springframework.security.authentication.dao.DaoAuthenticationProvider - Authenticated user
2026-03-09 19:45:32 - DEBUG - org.springframework.security.web.FilterChainProxy - Securing GET /api/admin/users
2026-03-09 19:45:32 - DEBUG - org.springframework.security.web.authentication.AnonymousAuthenticationFilter - Set SecurityContextHolder to anonymous SecurityContext
2026-03-09 19:45:32 - DEBUG - org.springframework.security.web.FilterChainProxy - Securing POST /api/login
2026-03-09 19:45:32 - DEBUG - org.springframework.security.web.authentication.AnonymousAuthenticationFilter - Set SecurityContextHolder to anonymous SecurityContext
2026-03-09 19:45:32 - DEBUG - org.springframework.security.web.FilterChainProxy - Secured POST /api/login
2026-03-09 19:45:33 - DEBUG - org.springframework.security.authentication.dao.DaoAuthenticationProvider - Authenticated user
2026-03-09 19:45:33 - DEBUG - org.springframework.security.web.FilterChainProxy - Securing POST /api/login
2026-03-09 19:45:33 - DEBUG - org.springframework.security.web.authentication.AnonymousAuthenticationFilter - Set SecurityContextHolder to anonymous SecurityContext
2026-03-09 19:45:33 - DEBUG - org.springframework.security.web.FilterChainProxy - Secured POST /api/login
2026-03-09 19:45:33 - DEBUG - org.springframework.security.authentication.dao.DaoAuthenticationProvider - Authenticated user
2026-03-09 19:45:33 - DEBUG - org.springframework.security.web.FilterChainProxy - Securing GET /api/admin/users
2026-03-09 19:45:33 - DEBUG - org.springframework.security.web.FilterChainProxy - Secured GET /api/admin/users
2026-03-09 19:45:33 - DEBUG - org.springframework.security.web.FilterChainProxy - Securing POST /api/login
2026-03-09 19:45:33 - DEBUG - org.springframework.security.web.authentication.AnonymousAuthenticationFilter - Set SecurityContextHolder to anonymous SecurityContext
2026-03-09 19:45:33 - DEBUG - org.springframework.security.web.FilterChainProxy - Secured POST /api/login
2026-03-09 19:45:34 - DEBUG - org.springframework.security.authentication.dao.DaoAuthenticationProvider - Authenticated user
2026-03-09 19:45:34 - DEBUG - org.springframework.security.web.FilterChainProxy - Securing POST /api/login
2026-03-09 19:45:34 - DEBUG - org.springframework.security.web.authentication.AnonymousAuthenticationFilter - Set SecurityContextHolder to anonymous SecurityContext
2026-03-09 19:45:34 - DEBUG - org.springframework.security.web.FilterChainProxy - Secured POST /api/login
2026-03-09 19:45:34 - DEBUG - org.springframework.security.authentication.dao.DaoAuthenticationProvider - Authenticated user
2026-03-09 19:45:34 - DEBUG - org.springframework.security.web.FilterChainProxy - Securing DELETE /api/admin/users/24
2026-03-09 19:45:34 - DEBUG - org.springframework.security.web.authentication.AnonymousAuthenticationFilter - Set SecurityContextHolder to anonymous SecurityContext
2026-03-09 19:45:35 - DEBUG - org.springframework.security.web.FilterChainProxy - Securing POST /api/login
2026-03-09 19:45:35 - DEBUG - org.springframework.security.web.authentication.AnonymousAuthenticationFilter - Set SecurityContextHolder to anonymous SecurityContext
2026-03-09 19:45:35 - DEBUG - org.springframework.security.web.FilterChainProxy - Secured POST /api/login
2026-03-09 19:45:35 - DEBUG - org.springframework.security.authentication.dao.DaoAuthenticationProvider - Authenticated user
2026-03-09 19:45:35 - DEBUG - org.springframework.security.web.FilterChainProxy - Securing POST /api/login
2026-03-09 19:45:35 - DEBUG - org.springframework.security.web.authentication.AnonymousAuthenticationFilter - Set SecurityContextHolder to anonymous SecurityContext
2026-03-09 19:45:35 - DEBUG - org.springframework.security.web.FilterChainProxy - Secured POST /api/login
2026-03-09 19:45:35 - DEBUG - org.springframework.security.authentication.dao.DaoAuthenticationProvider - Authenticated user
2026-03-09 19:45:35 - DEBUG - org.springframework.security.web.FilterChainProxy - Securing DELETE /api/admin/users/27
2026-03-09 19:45:35 - DEBUG - org.springframework.security.web.access.AccessDeniedHandlerImpl - Responding with 403 status code
2026-03-09 19:45:35 - INFO - org.springframework.orm.jpa.LocalContainerEntityManagerFactoryBean - Closing JPA EntityManagerFactory for persistence unit 'default'
2026-03-09 19:45:35 - INFO - com.zaxxer.hikari.HikariDataSource - HikariPool-1 - Shutdown initiated...
2026-03-09 19:45:35 - INFO - com.zaxxer.hikari.HikariDataSource - HikariPool-1 - Shutdown completed.
2026-03-09 19:45:46 - INFO - com.gotcha.gotcha_api.controller.SubscriptionControllerIntegrationTest - Starting SubscriptionControllerIntegrationTest using Java 23.0.1 with PID 30644 (started by Maksym in G:\Work\gotcha-cafe\gotcha-api\gotcha-api)
2026-03-09 19:45:46 - DEBUG - com.gotcha.gotcha_api.controller.SubscriptionControllerIntegrationTest - Running with Spring Boot v4.0.2, Spring v7.0.3
2026-03-09 19:45:46 - INFO - com.gotcha.gotcha_api.controller.SubscriptionControllerIntegrationTest - The following 1 profile is active: "test"
2026-03-09 19:45:47 - INFO - org.springframework.data.repository.config.RepositoryConfigurationDelegate - Bootstrapping Spring Data JPA repositories in DEFAULT mode.
2026-03-09 19:45:47 - INFO - org.springframework.data.repository.config.RepositoryConfigurationDelegate - Finished Spring Data repository scanning in 94 ms. Found 6 JPA repository interfaces.
2026-03-09 19:45:50 - INFO - org.hibernate.orm.jpa - HHH008540: Processing PersistenceUnitInfo [name: default]
2026-03-09 19:45:50 - INFO - org.hibernate.orm.core - HHH000001: Hibernate ORM core version 7.2.1.Final
2026-03-09 19:45:51 - INFO - org.springframework.orm.jpa.persistenceunit.SpringPersistenceUnitInfo - No LoadTimeWeaver setup: ignoring JPA class transformer
2026-03-09 19:45:51 - INFO - com.zaxxer.hikari.HikariDataSource - HikariPool-1 - Starting...
2026-03-09 19:45:52 - INFO - com.zaxxer.hikari.pool.HikariPool - HikariPool-1 - Added connection conn0: url=jdbc:h2:mem:testdb user=POSTGRES
2026-03-09 19:45:52 - INFO - com.zaxxer.hikari.HikariDataSource - HikariPool-1 - Start completed.
2026-03-09 19:45:52 - INFO - org.hibernate.orm.connections.pooling - HHH10001005: Database info:
	Database JDBC URL [jdbc:h2:mem:testdb]
	Database driver: H2 JDBC Driver
	Database dialect: H2Dialect
	Database version: 2.4.240
	Default catalog/schema: testdb/public
	Autocommit mode: undefined/unknown
	Isolation level: READ_COMMITTED [default READ_COMMITTED]
	JDBC fetch size: 100
	Pool: DataSourceConnectionProvider
	Minimum pool size: undefined/unknown
	Maximum pool size: undefined/unknown
2026-03-09 19:45:53 - INFO - org.hibernate.orm.core - HHH000489: No JTA platform available (set 'hibernate.transaction.jta.platform' to enable JTA platform integration)
2026-03-09 19:45:53 - INFO - org.springframework.orm.jpa.LocalContainerEntityManagerFactoryBean - Initialized JPA EntityManagerFactory for persistence unit 'default'
2026-03-09 19:45:53 - INFO - org.springframework.data.jpa.repository.query.QueryEnhancerFactories - Hibernate is in classpath; If applicable, HQL parser will be used.
2026-03-09 19:45:54 - INFO - com.gotcha.gotcha_api.service.JWTService - Generated key length: 256 bits
2026-03-09 19:45:54 - INFO - org.springframework.security.config.annotation.authentication.configuration.InitializeAuthenticationProviderBeanManagerConfigurer$InitializeAuthenticationProviderManagerConfigurer - Global AuthenticationManager configured with AuthenticationProvider bean with name authProvider
2026-03-09 19:45:54 - WARN - org.springframework.security.config.annotation.authentication.configuration.InitializeUserDetailsBeanManagerConfigurer$InitializeUserDetailsManagerConfigurer - Global AuthenticationManager configured with an AuthenticationProvider bean. UserDetailsService beans will not be used by Spring Security for automatically configuring username/password login. Consider removing the AuthenticationProvider bean. Alternatively, consider using the UserDetailsService in a manually instantiated DaoAuthenticationProvider. If the current configuration is intentional, to turn off this warning, increase the logging level of 'org.springframework.security.config.annotation.authentication.configuration.InitializeUserDetailsBeanManagerConfigurer' to ERROR
2026-03-09 19:45:55 - WARN - org.springframework.boot.jpa.autoconfigure.JpaBaseConfiguration$JpaWebConfiguration - spring.jpa.open-in-view is enabled by default. Therefore, database queries may be performed during view rendering. Explicitly configure spring.jpa.open-in-view to disable this warning
2026-03-09 19:45:55 - DEBUG - org.springframework.security.web.DefaultSecurityFilterChain - Will secure any request with filters: DisableEncodeUrlFilter, WebAsyncManagerIntegrationFilter, SecurityContextHolderFilter, HeaderWriterFilter, LogoutFilter, JWTFilter, RequestCacheAwareFilter, SecurityContextHolderAwareRequestFilter, AnonymousAuthenticationFilter, SessionManagementFilter, ExceptionTranslationFilter, AuthorizationFilter
2026-03-09 19:45:56 - DEBUG - com.gotcha.gotcha_api.securityConfig.JWTFilter - Filter 'JWTFilter' configured for use
2026-03-09 19:45:56 - INFO - org.springframework.boot.test.mock.web.SpringBootMockServletContext - Initializing Spring TestDispatcherServlet ''
2026-03-09 19:45:56 - INFO - org.springframework.test.web.servlet.TestDispatcherServlet - Initializing Servlet ''
2026-03-09 19:45:56 - INFO - org.springframework.test.web.servlet.TestDispatcherServlet - Completed initialization in 6 ms
2026-03-09 19:45:56 - INFO - com.gotcha.gotcha_api.controller.SubscriptionControllerIntegrationTest - Started SubscriptionControllerIntegrationTest in 10.475 seconds (process running for 11.772)
2026-03-09 19:45:57 - DEBUG - org.springframework.security.web.FilterChainProxy - Securing POST /api/login
2026-03-09 19:45:57 - DEBUG - org.springframework.security.web.authentication.AnonymousAuthenticationFilter - Set SecurityContextHolder to anonymous SecurityContext
2026-03-09 19:45:57 - DEBUG - org.springframework.security.web.FilterChainProxy - Secured POST /api/login
2026-03-09 19:45:58 - DEBUG - org.springframework.security.authentication.dao.DaoAuthenticationProvider - Authenticated user
2026-03-09 19:45:58 - DEBUG - org.springframework.security.web.FilterChainProxy - Securing POST /api/member/subscription
2026-03-09 19:45:58 - DEBUG - org.springframework.security.web.authentication.AnonymousAuthenticationFilter - Set SecurityContextHolder to anonymous SecurityContext
2026-03-09 19:45:58 - DEBUG - org.springframework.security.web.FilterChainProxy - Securing POST /api/login
2026-03-09 19:45:58 - DEBUG - org.springframework.security.web.authentication.AnonymousAuthenticationFilter - Set SecurityContextHolder to anonymous SecurityContext
2026-03-09 19:45:58 - DEBUG - org.springframework.security.web.FilterChainProxy - Secured POST /api/login
2026-03-09 19:45:58 - DEBUG - org.springframework.security.authentication.dao.DaoAuthenticationProvider - Authenticated user
2026-03-09 19:45:58 - DEBUG - org.springframework.security.web.FilterChainProxy - Securing POST /api/member/subscription
2026-03-09 19:45:58 - DEBUG - org.springframework.security.web.FilterChainProxy - Secured POST /api/member/subscription
2026-03-09 19:45:59 - DEBUG - org.springframework.security.web.FilterChainProxy - Securing POST /api/login
2026-03-09 19:45:59 - DEBUG - org.springframework.security.web.authentication.AnonymousAuthenticationFilter - Set SecurityContextHolder to anonymous SecurityContext
2026-03-09 19:45:59 - DEBUG - org.springframework.security.web.FilterChainProxy - Secured POST /api/login
2026-03-09 19:45:59 - DEBUG - org.springframework.security.authentication.dao.DaoAuthenticationProvider - Authenticated user
2026-03-09 19:45:59 - DEBUG - org.springframework.security.web.FilterChainProxy - Securing POST /api/member/subscription
2026-03-09 19:45:59 - DEBUG - org.springframework.security.web.FilterChainProxy - Secured POST /api/member/subscription
2026-03-09 19:45:59 - DEBUG - org.springframework.security.web.FilterChainProxy - Securing POST /api/login
2026-03-09 19:45:59 - DEBUG - org.springframework.security.web.authentication.AnonymousAuthenticationFilter - Set SecurityContextHolder to anonymous SecurityContext
2026-03-09 19:45:59 - DEBUG - org.springframework.security.web.FilterChainProxy - Secured POST /api/login
2026-03-09 19:45:59 - DEBUG - org.springframework.security.authentication.dao.DaoAuthenticationProvider - Authenticated user
2026-03-09 19:45:59 - DEBUG - org.springframework.security.web.FilterChainProxy - Securing DELETE /api/member/subscription
2026-03-09 19:45:59 - DEBUG - org.springframework.security.web.authentication.AnonymousAuthenticationFilter - Set SecurityContextHolder to anonymous SecurityContext
2026-03-09 19:46:00 - DEBUG - org.springframework.security.web.FilterChainProxy - Securing POST /api/login
2026-03-09 19:46:00 - DEBUG - org.springframework.security.web.authentication.AnonymousAuthenticationFilter - Set SecurityContextHolder to anonymous SecurityContext
2026-03-09 19:46:00 - DEBUG - org.springframework.security.web.FilterChainProxy - Secured POST /api/login
2026-03-09 19:46:00 - DEBUG - org.springframework.security.authentication.dao.DaoAuthenticationProvider - Authenticated user
2026-03-09 19:46:00 - DEBUG - org.springframework.security.web.FilterChainProxy - Securing DELETE /api/member/subscription
2026-03-09 19:46:00 - DEBUG - org.springframework.security.web.FilterChainProxy - Secured DELETE /api/member/subscription
2026-03-09 19:46:00 - INFO - org.springframework.orm.jpa.LocalContainerEntityManagerFactoryBean - Closing JPA EntityManagerFactory for persistence unit 'default'
2026-03-09 19:46:00 - INFO - com.zaxxer.hikari.HikariDataSource - HikariPool-1 - Shutdown initiated...
2026-03-09 19:46:00 - INFO - com.zaxxer.hikari.HikariDataSource - HikariPool-1 - Shutdown completed.
2026-03-09 19:46:18 - INFO - com.gotcha.gotcha_api.controller.WebhookControllerIntegrationTest - Starting WebhookControllerIntegrationTest using Java 23.0.1 with PID 2588 (started by Maksym in G:\Work\gotcha-cafe\gotcha-api\gotcha-api)
2026-03-09 19:46:18 - DEBUG - com.gotcha.gotcha_api.controller.WebhookControllerIntegrationTest - Running with Spring Boot v4.0.2, Spring v7.0.3
2026-03-09 19:46:18 - INFO - com.gotcha.gotcha_api.controller.WebhookControllerIntegrationTest - The following 1 profile is active: "test"
2026-03-09 19:46:19 - INFO - org.springframework.data.repository.config.RepositoryConfigurationDelegate - Bootstrapping Spring Data JPA repositories in DEFAULT mode.
2026-03-09 19:46:19 - INFO - org.springframework.data.repository.config.RepositoryConfigurationDelegate - Finished Spring Data repository scanning in 49 ms. Found 6 JPA repository interfaces.
2026-03-09 19:46:20 - INFO - org.hibernate.orm.jpa - HHH008540: Processing PersistenceUnitInfo [name: default]
2026-03-09 19:46:21 - INFO - org.hibernate.orm.core - HHH000001: Hibernate ORM core version 7.2.1.Final
2026-03-09 19:46:21 - INFO - org.springframework.orm.jpa.persistenceunit.SpringPersistenceUnitInfo - No LoadTimeWeaver setup: ignoring JPA class transformer
2026-03-09 19:46:21 - INFO - com.zaxxer.hikari.HikariDataSource - HikariPool-1 - Starting...
2026-03-09 19:46:22 - INFO - com.zaxxer.hikari.pool.HikariPool - HikariPool-1 - Added connection conn0: url=jdbc:h2:mem:testdb user=POSTGRES
2026-03-09 19:46:22 - INFO - com.zaxxer.hikari.HikariDataSource - HikariPool-1 - Start completed.
2026-03-09 19:46:22 - INFO - org.hibernate.orm.connections.pooling - HHH10001005: Database info:
	Database JDBC URL [jdbc:h2:mem:testdb]
	Database driver: H2 JDBC Driver
	Database dialect: H2Dialect
	Database version: 2.4.240
	Default catalog/schema: testdb/public
	Autocommit mode: undefined/unknown
	Isolation level: READ_COMMITTED [default READ_COMMITTED]
	JDBC fetch size: 100
	Pool: DataSourceConnectionProvider
	Minimum pool size: undefined/unknown
	Maximum pool size: undefined/unknown
2026-03-09 19:46:24 - INFO - org.hibernate.orm.core - HHH000489: No JTA platform available (set 'hibernate.transaction.jta.platform' to enable JTA platform integration)
2026-03-09 19:46:24 - INFO - org.springframework.orm.jpa.LocalContainerEntityManagerFactoryBean - Initialized JPA EntityManagerFactory for persistence unit 'default'
2026-03-09 19:46:24 - INFO - org.springframework.data.jpa.repository.query.QueryEnhancerFactories - Hibernate is in classpath; If applicable, HQL parser will be used.
2026-03-09 19:46:24 - INFO - com.gotcha.gotcha_api.service.JWTService - Generated key length: 256 bits
2026-03-09 19:46:24 - INFO - org.springframework.security.config.annotation.authentication.configuration.InitializeAuthenticationProviderBeanManagerConfigurer$InitializeAuthenticationProviderManagerConfigurer - Global AuthenticationManager configured with AuthenticationProvider bean with name authProvider
2026-03-09 19:46:24 - WARN - org.springframework.security.config.annotation.authentication.configuration.InitializeUserDetailsBeanManagerConfigurer$InitializeUserDetailsManagerConfigurer - Global AuthenticationManager configured with an AuthenticationProvider bean. UserDetailsService beans will not be used by Spring Security for automatically configuring username/password login. Consider removing the AuthenticationProvider bean. Alternatively, consider using the UserDetailsService in a manually instantiated DaoAuthenticationProvider. If the current configuration is intentional, to turn off this warning, increase the logging level of 'org.springframework.security.config.annotation.authentication.configuration.InitializeUserDetailsBeanManagerConfigurer' to ERROR
2026-03-09 19:46:25 - WARN - org.springframework.boot.jpa.autoconfigure.JpaBaseConfiguration$JpaWebConfiguration - spring.jpa.open-in-view is enabled by default. Therefore, database queries may be performed during view rendering. Explicitly configure spring.jpa.open-in-view to disable this warning
2026-03-09 19:46:26 - DEBUG - org.springframework.security.web.DefaultSecurityFilterChain - Will secure any request with filters: DisableEncodeUrlFilter, WebAsyncManagerIntegrationFilter, SecurityContextHolderFilter, HeaderWriterFilter, LogoutFilter, JWTFilter, RequestCacheAwareFilter, SecurityContextHolderAwareRequestFilter, AnonymousAuthenticationFilter, SessionManagementFilter, ExceptionTranslationFilter, AuthorizationFilter
2026-03-09 19:46:26 - DEBUG - com.gotcha.gotcha_api.securityConfig.JWTFilter - Filter 'JWTFilter' configured for use
2026-03-09 19:46:26 - INFO - org.springframework.boot.test.mock.web.SpringBootMockServletContext - Initializing Spring TestDispatcherServlet ''
2026-03-09 19:46:26 - INFO - org.springframework.test.web.servlet.TestDispatcherServlet - Initializing Servlet ''
2026-03-09 19:46:26 - INFO - org.springframework.test.web.servlet.TestDispatcherServlet - Completed initialization in 0 ms
2026-03-09 19:46:26 - INFO - com.gotcha.gotcha_api.controller.WebhookControllerIntegrationTest - Started WebhookControllerIntegrationTest in 8.669 seconds (process running for 10.009)
2026-03-09 19:46:27 - DEBUG - org.springframework.security.web.FilterChainProxy - Securing POST /api/webhook/stripe
2026-03-09 19:46:27 - DEBUG - org.springframework.security.web.authentication.AnonymousAuthenticationFilter - Set SecurityContextHolder to anonymous SecurityContext
2026-03-09 19:46:27 - DEBUG - org.springframework.security.web.FilterChainProxy - Secured POST /api/webhook/stripe
2026-03-09 19:46:27 - WARN - org.springframework.web.servlet.mvc.support.DefaultHandlerExceptionResolver - Resolved [org.springframework.web.bind.MissingRequestHeaderException: Required request header 'Stripe-Signature' for method parameter type String is not present]
2026-03-09 19:46:28 - DEBUG - org.springframework.security.web.FilterChainProxy - Securing POST /api/webhook/stripe
2026-03-09 19:46:28 - DEBUG - org.springframework.security.web.authentication.AnonymousAuthenticationFilter - Set SecurityContextHolder to anonymous SecurityContext
2026-03-09 19:46:28 - DEBUG - org.springframework.security.web.FilterChainProxy - Secured POST /api/webhook/stripe
2026-03-09 19:46:28 - INFO - com.gotcha.gotcha_api.controller.WebhookController - Received Stripe webhook event: type=invoice_payment.paid, id=evt_test_123
2026-03-09 19:46:28 - INFO - com.gotcha.gotcha_api.controller.WebhookController - invoice.paid: activating subscription for customer=cus_test_123
2026-03-09 19:46:28 - DEBUG - org.springframework.security.web.FilterChainProxy - Securing POST /api/webhook/stripe
2026-03-09 19:46:28 - DEBUG - org.springframework.security.web.authentication.AnonymousAuthenticationFilter - Set SecurityContextHolder to anonymous SecurityContext
2026-03-09 19:46:28 - DEBUG - org.springframework.security.web.FilterChainProxy - Secured POST /api/webhook/stripe
2026-03-09 19:46:28 - ERROR - com.gotcha.gotcha_api.controller.WebhookController - Webhook signature verification failed: Invalid signature
2026-03-09 19:46:29 - DEBUG - org.springframework.security.web.FilterChainProxy - Securing POST /api/webhook/stripe
2026-03-09 19:46:29 - DEBUG - org.springframework.security.web.authentication.AnonymousAuthenticationFilter - Set SecurityContextHolder to anonymous SecurityContext
2026-03-09 19:46:29 - DEBUG - org.springframework.security.web.FilterChainProxy - Secured POST /api/webhook/stripe
2026-03-09 19:46:29 - INFO - com.gotcha.gotcha_api.controller.WebhookController - Received Stripe webhook event: type=invoice_payment.paid, id=evt_test_123
2026-03-09 19:46:29 - INFO - com.gotcha.gotcha_api.controller.WebhookController - invoice.paid: activating subscription for customer=cus_unknown_999
2026-03-09 19:46:29 - DEBUG - org.springframework.security.web.FilterChainProxy - Securing POST /api/webhook/stripe
2026-03-09 19:46:29 - DEBUG - org.springframework.security.web.authentication.AnonymousAuthenticationFilter - Set SecurityContextHolder to anonymous SecurityContext
2026-03-09 19:46:29 - DEBUG - org.springframework.security.web.FilterChainProxy - Secured POST /api/webhook/stripe
2026-03-09 19:46:29 - INFO - com.gotcha.gotcha_api.controller.WebhookController - Received Stripe webhook event: type=invoice_payment.failed, id=evt_test_123
2026-03-09 19:46:29 - INFO - com.gotcha.gotcha_api.controller.WebhookController - invoice.payment_failed: deactivating subscription for customer=cus_test_123
2026-03-09 19:46:29 - DEBUG - org.springframework.security.web.FilterChainProxy - Securing POST /api/webhook/stripe
2026-03-09 19:46:29 - DEBUG - org.springframework.security.web.authentication.AnonymousAuthenticationFilter - Set SecurityContextHolder to anonymous SecurityContext
2026-03-09 19:46:29 - DEBUG - org.springframework.security.web.FilterChainProxy - Secured POST /api/webhook/stripe
2026-03-09 19:46:29 - INFO - com.gotcha.gotcha_api.controller.WebhookController - Received Stripe webhook event: type=customer.subscription.deleted, id=evt_test_123
2026-03-09 19:46:29 - INFO - com.gotcha.gotcha_api.controller.WebhookController - subscription.deleted: deactivating subscription for customer=cus_test_123
2026-03-09 19:46:29 - INFO - org.springframework.orm.jpa.LocalContainerEntityManagerFactoryBean - Closing JPA EntityManagerFactory for persistence unit 'default'
2026-03-09 19:46:29 - INFO - com.zaxxer.hikari.HikariDataSource - HikariPool-1 - Shutdown initiated...
2026-03-09 19:46:29 - INFO - com.zaxxer.hikari.HikariDataSource - HikariPool-1 - Shutdown completed.
2026-03-09 19:46:43 - INFO - com.gotcha.gotcha_api.controller.AuthControllerIntegrationTest - Starting AuthControllerIntegrationTest using Java 23.0.1 with PID 5160 (started by Maksym in G:\Work\gotcha-cafe\gotcha-api\gotcha-api)
2026-03-09 19:46:43 - DEBUG - com.gotcha.gotcha_api.controller.AuthControllerIntegrationTest - Running with Spring Boot v4.0.2, Spring v7.0.3
2026-03-09 19:46:43 - INFO - com.gotcha.gotcha_api.controller.AuthControllerIntegrationTest - The following 1 profile is active: "test"
2026-03-09 19:46:44 - INFO - org.springframework.data.repository.config.RepositoryConfigurationDelegate - Bootstrapping Spring Data JPA repositories in DEFAULT mode.
2026-03-09 19:46:44 - INFO - org.springframework.data.repository.config.RepositoryConfigurationDelegate - Finished Spring Data repository scanning in 75 ms. Found 6 JPA repository interfaces.
2026-03-09 19:46:45 - INFO - org.hibernate.orm.jpa - HHH008540: Processing PersistenceUnitInfo [name: default]
2026-03-09 19:46:45 - INFO - org.hibernate.orm.core - HHH000001: Hibernate ORM core version 7.2.1.Final
2026-03-09 19:46:46 - INFO - org.springframework.orm.jpa.persistenceunit.SpringPersistenceUnitInfo - No LoadTimeWeaver setup: ignoring JPA class transformer
2026-03-09 19:46:46 - INFO - com.zaxxer.hikari.HikariDataSource - HikariPool-1 - Starting...
2026-03-09 19:46:46 - INFO - com.zaxxer.hikari.pool.HikariPool - HikariPool-1 - Added connection conn0: url=jdbc:h2:mem:testdb user=POSTGRES
2026-03-09 19:46:46 - INFO - com.zaxxer.hikari.HikariDataSource - HikariPool-1 - Start completed.
2026-03-09 19:46:46 - INFO - org.hibernate.orm.connections.pooling - HHH10001005: Database info:
	Database JDBC URL [jdbc:h2:mem:testdb]
	Database driver: H2 JDBC Driver
	Database dialect: H2Dialect
	Database version: 2.4.240
	Default catalog/schema: testdb/public
	Autocommit mode: undefined/unknown
	Isolation level: READ_COMMITTED [default READ_COMMITTED]
	JDBC fetch size: 100
	Pool: DataSourceConnectionProvider
	Minimum pool size: undefined/unknown
	Maximum pool size: undefined/unknown
2026-03-09 19:46:47 - INFO - org.hibernate.orm.core - HHH000489: No JTA platform available (set 'hibernate.transaction.jta.platform' to enable JTA platform integration)
2026-03-09 19:46:47 - INFO - org.springframework.orm.jpa.LocalContainerEntityManagerFactoryBean - Initialized JPA EntityManagerFactory for persistence unit 'default'
2026-03-09 19:46:47 - INFO - org.springframework.data.jpa.repository.query.QueryEnhancerFactories - Hibernate is in classpath; If applicable, HQL parser will be used.
2026-03-09 19:46:48 - INFO - com.gotcha.gotcha_api.service.JWTService - Generated key length: 256 bits
2026-03-09 19:46:48 - INFO - org.springframework.security.config.annotation.authentication.configuration.InitializeAuthenticationProviderBeanManagerConfigurer$InitializeAuthenticationProviderManagerConfigurer - Global AuthenticationManager configured with AuthenticationProvider bean with name authProvider
2026-03-09 19:46:48 - WARN - org.springframework.security.config.annotation.authentication.configuration.InitializeUserDetailsBeanManagerConfigurer$InitializeUserDetailsManagerConfigurer - Global AuthenticationManager configured with an AuthenticationProvider bean. UserDetailsService beans will not be used by Spring Security for automatically configuring username/password login. Consider removing the AuthenticationProvider bean. Alternatively, consider using the UserDetailsService in a manually instantiated DaoAuthenticationProvider. If the current configuration is intentional, to turn off this warning, increase the logging level of 'org.springframework.security.config.annotation.authentication.configuration.InitializeUserDetailsBeanManagerConfigurer' to ERROR
2026-03-09 19:46:49 - WARN - org.springframework.boot.jpa.autoconfigure.JpaBaseConfiguration$JpaWebConfiguration - spring.jpa.open-in-view is enabled by default. Therefore, database queries may be performed during view rendering. Explicitly configure spring.jpa.open-in-view to disable this warning
2026-03-09 19:46:49 - DEBUG - org.springframework.security.web.DefaultSecurityFilterChain - Will secure any request with filters: DisableEncodeUrlFilter, WebAsyncManagerIntegrationFilter, SecurityContextHolderFilter, HeaderWriterFilter, LogoutFilter, JWTFilter, RequestCacheAwareFilter, SecurityContextHolderAwareRequestFilter, AnonymousAuthenticationFilter, SessionManagementFilter, ExceptionTranslationFilter, AuthorizationFilter
2026-03-09 19:46:50 - DEBUG - com.gotcha.gotcha_api.securityConfig.JWTFilter - Filter 'JWTFilter' configured for use
2026-03-09 19:46:50 - INFO - org.springframework.boot.test.mock.web.SpringBootMockServletContext - Initializing Spring TestDispatcherServlet ''
2026-03-09 19:46:50 - INFO - org.springframework.test.web.servlet.TestDispatcherServlet - Initializing Servlet ''
2026-03-09 19:46:50 - INFO - org.springframework.test.web.servlet.TestDispatcherServlet - Completed initialization in 0 ms
2026-03-09 19:46:50 - INFO - com.gotcha.gotcha_api.controller.AuthControllerIntegrationTest - Started AuthControllerIntegrationTest in 7.421 seconds (process running for 8.954)
2026-03-09 19:46:51 - DEBUG - org.springframework.security.web.FilterChainProxy - Securing POST /api/register
2026-03-09 19:46:51 - DEBUG - org.springframework.security.web.authentication.AnonymousAuthenticationFilter - Set SecurityContextHolder to anonymous SecurityContext
2026-03-09 19:46:51 - DEBUG - org.springframework.security.web.FilterChainProxy - Secured POST /api/register
2026-03-09 19:46:52 - DEBUG - org.springframework.security.web.FilterChainProxy - Securing POST /api/register
2026-03-09 19:46:52 - DEBUG - org.springframework.security.web.authentication.AnonymousAuthenticationFilter - Set SecurityContextHolder to anonymous SecurityContext
2026-03-09 19:46:52 - DEBUG - org.springframework.security.web.FilterChainProxy - Secured POST /api/register
2026-03-09 19:46:52 - DEBUG - org.springframework.security.web.FilterChainProxy - Securing POST /api/login
2026-03-09 19:46:52 - DEBUG - org.springframework.security.web.authentication.AnonymousAuthenticationFilter - Set SecurityContextHolder to anonymous SecurityContext
2026-03-09 19:46:52 - DEBUG - org.springframework.security.web.FilterChainProxy - Secured POST /api/login
2026-03-09 19:46:52 - DEBUG - org.springframework.security.authentication.dao.DaoAuthenticationProvider - Authenticated user
2026-03-09 19:46:52 - DEBUG - org.springframework.security.web.FilterChainProxy - Securing POST /api/register
2026-03-09 19:46:52 - DEBUG - org.springframework.security.web.authentication.AnonymousAuthenticationFilter - Set SecurityContextHolder to anonymous SecurityContext
2026-03-09 19:46:52 - DEBUG - org.springframework.security.web.FilterChainProxy - Secured POST /api/register
2026-03-09 19:46:53 - DEBUG - org.springframework.security.web.FilterChainProxy - Securing POST /api/login
2026-03-09 19:46:53 - DEBUG - org.springframework.security.web.authentication.AnonymousAuthenticationFilter - Set SecurityContextHolder to anonymous SecurityContext
2026-03-09 19:46:53 - DEBUG - org.springframework.security.web.FilterChainProxy - Secured POST /api/login
2026-03-09 19:46:53 - DEBUG - org.springframework.security.authentication.dao.DaoAuthenticationProvider - Failed to authenticate since password does not match stored value
2026-03-09 19:46:53 - DEBUG - org.springframework.security.authentication.ProviderManager - Authentication failed with provider DaoAuthenticationProvider since Bad credentials
2026-03-09 19:46:53 - DEBUG - org.springframework.security.web.FilterChainProxy - Securing POST /api/login
2026-03-09 19:46:53 - DEBUG - org.springframework.security.web.authentication.AnonymousAuthenticationFilter - Set SecurityContextHolder to anonymous SecurityContext
2026-03-09 19:46:53 - DEBUG - org.springframework.security.web.FilterChainProxy - Secured POST /api/login
2026-03-09 19:46:53 - DEBUG - org.springframework.security.authentication.dao.DaoAuthenticationProvider - Failed to find user 'nonexistent@example.com'
2026-03-09 19:46:53 - DEBUG - org.springframework.security.authentication.ProviderManager - Authentication failed with provider DaoAuthenticationProvider since Bad credentials
2026-03-09 19:46:53 - DEBUG - org.springframework.security.web.FilterChainProxy - Securing POST /api/register
2026-03-09 19:46:53 - DEBUG - org.springframework.security.web.authentication.AnonymousAuthenticationFilter - Set SecurityContextHolder to anonymous SecurityContext
2026-03-09 19:46:53 - DEBUG - org.springframework.security.web.FilterChainProxy - Secured POST /api/register
2026-03-09 19:46:53 - DEBUG - org.springframework.security.web.FilterChainProxy - Securing POST /api/register
2026-03-09 19:46:53 - DEBUG - org.springframework.security.web.authentication.AnonymousAuthenticationFilter - Set SecurityContextHolder to anonymous SecurityContext
2026-03-09 19:46:53 - DEBUG - org.springframework.security.web.FilterChainProxy - Secured POST /api/register
2026-03-09 19:46:53 - INFO - org.springframework.test.context.support.AnnotationConfigContextLoaderUtils - Could not detect default configuration classes for test class [com.gotcha.gotcha_api.controller.StaticContentControllerIntegrationTest]: StaticContentControllerIntegrationTest does not declare any static, non-private, non-final, nested classes annotated with @Configuration.
2026-03-09 19:46:53 - INFO - org.springframework.boot.test.context.SpringBootTestContextBootstrapper - Found @SpringBootConfiguration com.gotcha.gotcha_api.GotchaApiApplication for test class com.gotcha.gotcha_api.controller.StaticContentControllerIntegrationTest
2026-03-09 19:46:53 - INFO - com.gotcha.gotcha_api.controller.StaticContentControllerIntegrationTest - Starting StaticContentControllerIntegrationTest using Java 23.0.1 with PID 5160 (started by Maksym in G:\Work\gotcha-cafe\gotcha-api\gotcha-api)
2026-03-09 19:46:53 - DEBUG - com.gotcha.gotcha_api.controller.StaticContentControllerIntegrationTest - Running with Spring Boot v4.0.2, Spring v7.0.3
2026-03-09 19:46:53 - INFO - com.gotcha.gotcha_api.controller.StaticContentControllerIntegrationTest - The following 1 profile is active: "test"
2026-03-09 19:46:55 - INFO - org.springframework.data.repository.config.RepositoryConfigurationDelegate - Bootstrapping Spring Data JPA repositories in DEFAULT mode.
2026-03-09 19:46:55 - INFO - org.springframework.data.repository.config.RepositoryConfigurationDelegate - Finished Spring Data repository scanning in 8 ms. Found 6 JPA repository interfaces.
2026-03-09 19:46:55 - INFO - org.hibernate.orm.jpa - HHH008540: Processing PersistenceUnitInfo [name: default]
2026-03-09 19:46:55 - INFO - org.springframework.orm.jpa.persistenceunit.SpringPersistenceUnitInfo - No LoadTimeWeaver setup: ignoring JPA class transformer
2026-03-09 19:46:55 - INFO - com.zaxxer.hikari.HikariDataSource - HikariPool-2 - Starting...
2026-03-09 19:46:55 - INFO - com.zaxxer.hikari.pool.HikariPool - HikariPool-2 - Added connection conn10: url=jdbc:h2:mem:testdb user=POSTGRES
2026-03-09 19:46:55 - INFO - com.zaxxer.hikari.HikariDataSource - HikariPool-2 - Start completed.
2026-03-09 19:46:55 - INFO - org.hibernate.orm.connections.pooling - HHH10001005: Database info:
	Database JDBC URL [jdbc:h2:mem:testdb]
	Database driver: H2 JDBC Driver
	Database dialect: H2Dialect
	Database version: 2.4.240
	Default catalog/schema: testdb/public
	Autocommit mode: undefined/unknown
	Isolation level: READ_COMMITTED [default READ_COMMITTED]
	JDBC fetch size: 100
	Pool: DataSourceConnectionProvider
	Minimum pool size: undefined/unknown
	Maximum pool size: undefined/unknown
2026-03-09 19:46:56 - INFO - org.hibernate.orm.core - HHH000489: No JTA platform available (set 'hibernate.transaction.jta.platform' to enable JTA platform integration)
2026-03-09 19:46:56 - INFO - org.springframework.orm.jpa.LocalContainerEntityManagerFactoryBean - Initialized JPA EntityManagerFactory for persistence unit 'default'
2026-03-09 19:46:56 - INFO - com.gotcha.gotcha_api.service.JWTService - Generated key length: 256 bits
2026-03-09 19:46:56 - INFO - org.springframework.security.config.annotation.authentication.configuration.InitializeAuthenticationProviderBeanManagerConfigurer$InitializeAuthenticationProviderManagerConfigurer - Global AuthenticationManager configured with AuthenticationProvider bean with name authProvider
2026-03-09 19:46:56 - WARN - org.springframework.security.config.annotation.authentication.configuration.InitializeUserDetailsBeanManagerConfigurer$InitializeUserDetailsManagerConfigurer - Global AuthenticationManager configured with an AuthenticationProvider bean. UserDetailsService beans will not be used by Spring Security for automatically configuring username/password login. Consider removing the AuthenticationProvider bean. Alternatively, consider using the UserDetailsService in a manually instantiated DaoAuthenticationProvider. If the current configuration is intentional, to turn off this warning, increase the logging level of 'org.springframework.security.config.annotation.authentication.configuration.InitializeUserDetailsBeanManagerConfigurer' to ERROR
2026-03-09 19:46:56 - WARN - org.springframework.boot.jpa.autoconfigure.JpaBaseConfiguration$JpaWebConfiguration - spring.jpa.open-in-view is enabled by default. Therefore, database queries may be performed during view rendering. Explicitly configure spring.jpa.open-in-view to disable this warning
2026-03-09 19:46:56 - DEBUG - org.springframework.security.web.DefaultSecurityFilterChain - Will secure any request with filters: DisableEncodeUrlFilter, WebAsyncManagerIntegrationFilter, SecurityContextHolderFilter, HeaderWriterFilter, LogoutFilter, JWTFilter, RequestCacheAwareFilter, SecurityContextHolderAwareRequestFilter, AnonymousAuthenticationFilter, SessionManagementFilter, ExceptionTranslationFilter, AuthorizationFilter
2026-03-09 19:46:56 - DEBUG - com.gotcha.gotcha_api.securityConfig.JWTFilter - Filter 'JWTFilter' configured for use
2026-03-09 19:46:56 - INFO - org.springframework.boot.test.mock.web.SpringBootMockServletContext - Initializing Spring TestDispatcherServlet ''
2026-03-09 19:46:56 - INFO - org.springframework.test.web.servlet.TestDispatcherServlet - Initializing Servlet ''
2026-03-09 19:46:56 - INFO - org.springframework.test.web.servlet.TestDispatcherServlet - Completed initialization in 7 ms
2026-03-09 19:46:56 - INFO - com.gotcha.gotcha_api.controller.StaticContentControllerIntegrationTest - Started StaticContentControllerIntegrationTest in 2.72 seconds (process running for 15.074)
2026-03-09 19:46:57 - DEBUG - org.springframework.security.web.FilterChainProxy - Securing POST /api/login
2026-03-09 19:46:57 - DEBUG - org.springframework.security.web.authentication.AnonymousAuthenticationFilter - Set SecurityContextHolder to anonymous SecurityContext
2026-03-09 19:46:57 - DEBUG - org.springframework.security.web.FilterChainProxy - Secured POST /api/login
2026-03-09 19:46:58 - DEBUG - org.springframework.security.authentication.dao.DaoAuthenticationProvider - Authenticated user
2026-03-09 19:46:58 - DEBUG - org.springframework.security.web.FilterChainProxy - Securing POST /api/login
2026-03-09 19:46:58 - DEBUG - org.springframework.security.web.authentication.AnonymousAuthenticationFilter - Set SecurityContextHolder to anonymous SecurityContext
2026-03-09 19:46:58 - DEBUG - org.springframework.security.web.FilterChainProxy - Secured POST /api/login
2026-03-09 19:46:58 - DEBUG - org.springframework.security.authentication.dao.DaoAuthenticationProvider - Authenticated user
2026-03-09 19:46:58 - DEBUG - org.springframework.security.web.FilterChainProxy - Securing GET /api/member/static-content/hero-banner
2026-03-09 19:46:58 - DEBUG - org.springframework.security.web.FilterChainProxy - Secured GET /api/member/static-content/hero-banner
2026-03-09 19:46:59 - DEBUG - org.springframework.security.web.FilterChainProxy - Securing POST /api/login
2026-03-09 19:46:59 - DEBUG - org.springframework.security.web.authentication.AnonymousAuthenticationFilter - Set SecurityContextHolder to anonymous SecurityContext
2026-03-09 19:46:59 - DEBUG - org.springframework.security.web.FilterChainProxy - Secured POST /api/login
2026-03-09 19:46:59 - DEBUG - org.springframework.security.authentication.dao.DaoAuthenticationProvider - Authenticated user
2026-03-09 19:46:59 - DEBUG - org.springframework.security.web.FilterChainProxy - Securing POST /api/login
2026-03-09 19:46:59 - DEBUG - org.springframework.security.web.authentication.AnonymousAuthenticationFilter - Set SecurityContextHolder to anonymous SecurityContext
2026-03-09 19:46:59 - DEBUG - org.springframework.security.web.FilterChainProxy - Secured POST /api/login
2026-03-09 19:46:59 - DEBUG - org.springframework.security.authentication.dao.DaoAuthenticationProvider - Authenticated user
2026-03-09 19:46:59 - DEBUG - org.springframework.security.web.FilterChainProxy - Securing GET /api/member/static-content
2026-03-09 19:46:59 - DEBUG - org.springframework.security.web.authentication.AnonymousAuthenticationFilter - Set SecurityContextHolder to anonymous SecurityContext
2026-03-09 19:47:00 - DEBUG - org.springframework.security.web.FilterChainProxy - Securing POST /api/login
2026-03-09 19:47:00 - DEBUG - org.springframework.security.web.authentication.AnonymousAuthenticationFilter - Set SecurityContextHolder to anonymous SecurityContext
2026-03-09 19:47:00 - DEBUG - org.springframework.security.web.FilterChainProxy - Secured POST /api/login
2026-03-09 19:47:00 - DEBUG - org.springframework.security.authentication.dao.DaoAuthenticationProvider - Authenticated user
2026-03-09 19:47:00 - DEBUG - org.springframework.security.web.FilterChainProxy - Securing POST /api/login
2026-03-09 19:47:00 - DEBUG - org.springframework.security.web.authentication.AnonymousAuthenticationFilter - Set SecurityContextHolder to anonymous SecurityContext
2026-03-09 19:47:00 - DEBUG - org.springframework.security.web.FilterChainProxy - Secured POST /api/login
2026-03-09 19:47:00 - DEBUG - org.springframework.security.authentication.dao.DaoAuthenticationProvider - Authenticated user
2026-03-09 19:47:00 - DEBUG - org.springframework.security.web.FilterChainProxy - Securing PUT /api/admin/static-content/hero-banner
2026-03-09 19:47:00 - DEBUG - org.springframework.security.web.authentication.AnonymousAuthenticationFilter - Set SecurityContextHolder to anonymous SecurityContext
2026-03-09 19:47:01 - DEBUG - org.springframework.security.web.FilterChainProxy - Securing POST /api/login
2026-03-09 19:47:01 - DEBUG - org.springframework.security.web.authentication.AnonymousAuthenticationFilter - Set SecurityContextHolder to anonymous SecurityContext
2026-03-09 19:47:01 - DEBUG - org.springframework.security.web.FilterChainProxy - Secured POST /api/login
2026-03-09 19:47:01 - DEBUG - org.springframework.security.authentication.dao.DaoAuthenticationProvider - Authenticated user
2026-03-09 19:47:01 - DEBUG - org.springframework.security.web.FilterChainProxy - Securing POST /api/login
2026-03-09 19:47:01 - DEBUG - org.springframework.security.web.authentication.AnonymousAuthenticationFilter - Set SecurityContextHolder to anonymous SecurityContext
2026-03-09 19:47:01 - DEBUG - org.springframework.security.web.FilterChainProxy - Secured POST /api/login
2026-03-09 19:47:01 - DEBUG - org.springframework.security.authentication.dao.DaoAuthenticationProvider - Authenticated user
2026-03-09 19:47:01 - DEBUG - org.springframework.security.web.FilterChainProxy - Securing PUT /api/admin/static-content/hero-banner
2026-03-09 19:47:01 - DEBUG - org.springframework.security.web.access.AccessDeniedHandlerImpl - Responding with 403 status code
2026-03-09 19:47:02 - DEBUG - org.springframework.security.web.FilterChainProxy - Securing POST /api/login
2026-03-09 19:47:02 - DEBUG - org.springframework.security.web.authentication.AnonymousAuthenticationFilter - Set SecurityContextHolder to anonymous SecurityContext
2026-03-09 19:47:02 - DEBUG - org.springframework.security.web.FilterChainProxy - Secured POST /api/login
2026-03-09 19:47:02 - DEBUG - org.springframework.security.authentication.dao.DaoAuthenticationProvider - Authenticated user
2026-03-09 19:47:02 - DEBUG - org.springframework.security.web.FilterChainProxy - Securing POST /api/login
2026-03-09 19:47:02 - DEBUG - org.springframework.security.web.authentication.AnonymousAuthenticationFilter - Set SecurityContextHolder to anonymous SecurityContext
2026-03-09 19:47:02 - DEBUG - org.springframework.security.web.FilterChainProxy - Secured POST /api/login
2026-03-09 19:47:02 - DEBUG - org.springframework.security.authentication.dao.DaoAuthenticationProvider - Authenticated user
2026-03-09 19:47:02 - DEBUG - org.springframework.security.web.FilterChainProxy - Securing GET /api/member/static-content
2026-03-09 19:47:02 - DEBUG - org.springframework.security.web.FilterChainProxy - Secured GET /api/member/static-content
2026-03-09 19:47:03 - DEBUG - org.springframework.security.web.FilterChainProxy - Securing POST /api/login
2026-03-09 19:47:03 - DEBUG - org.springframework.security.web.authentication.AnonymousAuthenticationFilter - Set SecurityContextHolder to anonymous SecurityContext
2026-03-09 19:47:03 - DEBUG - org.springframework.security.web.FilterChainProxy - Secured POST /api/login
2026-03-09 19:47:03 - DEBUG - org.springframework.security.authentication.dao.DaoAuthenticationProvider - Authenticated user
2026-03-09 19:47:03 - DEBUG - org.springframework.security.web.FilterChainProxy - Securing POST /api/login
2026-03-09 19:47:03 - DEBUG - org.springframework.security.web.authentication.AnonymousAuthenticationFilter - Set SecurityContextHolder to anonymous SecurityContext
2026-03-09 19:47:03 - DEBUG - org.springframework.security.web.FilterChainProxy - Secured POST /api/login
2026-03-09 19:47:03 - DEBUG - org.springframework.security.authentication.dao.DaoAuthenticationProvider - Authenticated user
2026-03-09 19:47:03 - DEBUG - org.springframework.security.web.FilterChainProxy - Securing GET /api/member/static-content/nonexistent-key
2026-03-09 19:47:03 - DEBUG - org.springframework.security.web.FilterChainProxy - Secured GET /api/member/static-content/nonexistent-key
2026-03-09 19:47:04 - DEBUG - org.springframework.security.web.FilterChainProxy - Securing POST /api/login
2026-03-09 19:47:04 - DEBUG - org.springframework.security.web.authentication.AnonymousAuthenticationFilter - Set SecurityContextHolder to anonymous SecurityContext
2026-03-09 19:47:04 - DEBUG - org.springframework.security.web.FilterChainProxy - Secured POST /api/login
2026-03-09 19:47:04 - DEBUG - org.springframework.security.authentication.dao.DaoAuthenticationProvider - Authenticated user
2026-03-09 19:47:04 - DEBUG - org.springframework.security.web.FilterChainProxy - Securing POST /api/login
2026-03-09 19:47:04 - DEBUG - org.springframework.security.web.authentication.AnonymousAuthenticationFilter - Set SecurityContextHolder to anonymous SecurityContext
2026-03-09 19:47:04 - DEBUG - org.springframework.security.web.FilterChainProxy - Secured POST /api/login
2026-03-09 19:47:04 - DEBUG - org.springframework.security.authentication.dao.DaoAuthenticationProvider - Authenticated user
2026-03-09 19:47:04 - DEBUG - org.springframework.security.web.FilterChainProxy - Securing GET /api/member/static-content
2026-03-09 19:47:04 - DEBUG - org.springframework.security.web.FilterChainProxy - Secured GET /api/member/static-content
2026-03-09 19:47:05 - DEBUG - org.springframework.security.web.FilterChainProxy - Securing POST /api/login
2026-03-09 19:47:05 - DEBUG - org.springframework.security.web.authentication.AnonymousAuthenticationFilter - Set SecurityContextHolder to anonymous SecurityContext
2026-03-09 19:47:05 - DEBUG - org.springframework.security.web.FilterChainProxy - Secured POST /api/login
2026-03-09 19:47:05 - DEBUG - org.springframework.security.authentication.dao.DaoAuthenticationProvider - Authenticated user
2026-03-09 19:47:05 - DEBUG - org.springframework.security.web.FilterChainProxy - Securing POST /api/login
2026-03-09 19:47:05 - DEBUG - org.springframework.security.web.authentication.AnonymousAuthenticationFilter - Set SecurityContextHolder to anonymous SecurityContext
2026-03-09 19:47:05 - DEBUG - org.springframework.security.web.FilterChainProxy - Secured POST /api/login
2026-03-09 19:47:05 - DEBUG - org.springframework.security.authentication.dao.DaoAuthenticationProvider - Authenticated user
2026-03-09 19:47:05 - DEBUG - org.springframework.security.web.FilterChainProxy - Securing PUT /api/admin/static-content/hero-banner
2026-03-09 19:47:05 - DEBUG - org.springframework.security.web.FilterChainProxy - Secured PUT /api/admin/static-content/hero-banner
2026-03-09 19:47:05 - INFO - com.gotcha.gotcha_api.controller.StaticContentController - Updating the static content in DB(Controller layer): StaticContent(contentId=null, sectionKey=hero-banner, title=Updated Title, description=Updated description for Gotcha Cafe, imageKey=placeholder)
2026-03-09 19:47:06 - INFO - org.springframework.test.context.support.AnnotationConfigContextLoaderUtils - Could not detect default configuration classes for test class [com.gotcha.gotcha_api.controller.EventRSVPControllerIntegrationTest]: EventRSVPControllerIntegrationTest does not declare any static, non-private, non-final, nested classes annotated with @Configuration.
2026-03-09 19:47:06 - INFO - org.springframework.boot.test.context.SpringBootTestContextBootstrapper - Found @SpringBootConfiguration com.gotcha.gotcha_api.GotchaApiApplication for test class com.gotcha.gotcha_api.controller.EventRSVPControllerIntegrationTest
2026-03-09 19:47:06 - DEBUG - org.springframework.security.web.FilterChainProxy - Securing POST /api/login
2026-03-09 19:47:06 - DEBUG - org.springframework.security.web.authentication.AnonymousAuthenticationFilter - Set SecurityContextHolder to anonymous SecurityContext
2026-03-09 19:47:06 - DEBUG - org.springframework.security.web.FilterChainProxy - Secured POST /api/login
2026-03-09 19:47:06 - DEBUG - org.springframework.security.authentication.dao.DaoAuthenticationProvider - Authenticated user
2026-03-09 19:47:06 - DEBUG - org.springframework.security.web.FilterChainProxy - Securing POST /api/member/event/rsvp
2026-03-09 19:47:06 - DEBUG - org.springframework.security.web.FilterChainProxy - Secured POST /api/member/event/rsvp
2026-03-09 19:47:06 - INFO - com.gotcha.gotcha_api.service.EventRSVPService - Submitting RSVP
2026-03-09 19:47:06 - INFO - com.gotcha.gotcha_api.service.EventRSVPService - User email: admin2@gotcha.com 
2026-03-09 19:47:07 - DEBUG - org.springframework.security.web.FilterChainProxy - Securing POST /api/login
2026-03-09 19:47:07 - DEBUG - org.springframework.security.web.authentication.AnonymousAuthenticationFilter - Set SecurityContextHolder to anonymous SecurityContext
2026-03-09 19:47:07 - DEBUG - org.springframework.security.web.FilterChainProxy - Secured POST /api/login
2026-03-09 19:47:07 - DEBUG - org.springframework.security.authentication.dao.DaoAuthenticationProvider - Authenticated user
2026-03-09 19:47:07 - DEBUG - org.springframework.security.web.FilterChainProxy - Securing POST /api/member/event/rsvp
2026-03-09 19:47:07 - DEBUG - org.springframework.security.web.FilterChainProxy - Secured POST /api/member/event/rsvp
2026-03-09 19:47:07 - INFO - com.gotcha.gotcha_api.service.EventRSVPService - Submitting RSVP
2026-03-09 19:47:07 - INFO - com.gotcha.gotcha_api.service.EventRSVPService - User email: admin2@gotcha.com 
2026-03-09 19:47:07 - DEBUG - org.springframework.security.web.FilterChainProxy - Securing POST /api/login
2026-03-09 19:47:07 - DEBUG - org.springframework.security.web.authentication.AnonymousAuthenticationFilter - Set SecurityContextHolder to anonymous SecurityContext
2026-03-09 19:47:07 - DEBUG - org.springframework.security.web.FilterChainProxy - Secured POST /api/login
2026-03-09 19:47:08 - DEBUG - org.springframework.security.authentication.dao.DaoAuthenticationProvider - Authenticated user
2026-03-09 19:47:08 - DEBUG - org.springframework.security.web.FilterChainProxy - Securing GET /api/admin/event/3/rsvp
2026-03-09 19:47:08 - DEBUG - org.springframework.security.web.FilterChainProxy - Secured GET /api/admin/event/3/rsvp
2026-03-09 19:47:08 - DEBUG - org.springframework.security.web.FilterChainProxy - Securing POST /api/login
2026-03-09 19:47:08 - DEBUG - org.springframework.security.web.authentication.AnonymousAuthenticationFilter - Set SecurityContextHolder to anonymous SecurityContext
2026-03-09 19:47:08 - DEBUG - org.springframework.security.web.FilterChainProxy - Secured POST /api/login
2026-03-09 19:47:08 - DEBUG - org.springframework.security.authentication.dao.DaoAuthenticationProvider - Authenticated user
2026-03-09 19:47:08 - DEBUG - org.springframework.security.web.FilterChainProxy - Securing POST /api/member/event/rsvp
2026-03-09 19:47:08 - DEBUG - org.springframework.security.web.FilterChainProxy - Secured POST /api/member/event/rsvp
2026-03-09 19:47:08 - INFO - com.gotcha.gotcha_api.service.EventRSVPService - Submitting RSVP
2026-03-09 19:47:08 - INFO - com.gotcha.gotcha_api.service.EventRSVPService - User email: admin2@gotcha.com 
2026-03-09 19:47:09 - DEBUG - org.springframework.security.web.FilterChainProxy - Securing POST /api/login
2026-03-09 19:47:09 - DEBUG - org.springframework.security.web.authentication.AnonymousAuthenticationFilter - Set SecurityContextHolder to anonymous SecurityContext
2026-03-09 19:47:09 - DEBUG - org.springframework.security.web.FilterChainProxy - Secured POST /api/login
2026-03-09 19:47:09 - DEBUG - org.springframework.security.authentication.dao.DaoAuthenticationProvider - Authenticated user
2026-03-09 19:47:09 - DEBUG - org.springframework.security.web.FilterChainProxy - Securing POST /api/member/event/rsvp
2026-03-09 19:47:09 - DEBUG - org.springframework.security.web.FilterChainProxy - Secured POST /api/member/event/rsvp
2026-03-09 19:47:09 - INFO - com.gotcha.gotcha_api.service.EventRSVPService - Submitting RSVP
2026-03-09 19:47:09 - INFO - com.gotcha.gotcha_api.service.EventRSVPService - User email: admin2@gotcha.com 
2026-03-09 19:47:09 - DEBUG - org.springframework.security.web.FilterChainProxy - Securing POST /api/login
2026-03-09 19:47:09 - DEBUG - org.springframework.security.web.authentication.AnonymousAuthenticationFilter - Set SecurityContextHolder to anonymous SecurityContext
2026-03-09 19:47:09 - DEBUG - org.springframework.security.web.FilterChainProxy - Secured POST /api/login
2026-03-09 19:47:09 - DEBUG - org.springframework.security.authentication.dao.DaoAuthenticationProvider - Authenticated user
2026-03-09 19:47:09 - DEBUG - org.springframework.security.web.FilterChainProxy - Securing POST /api/member/event/rsvp
2026-03-09 19:47:09 - DEBUG - org.springframework.security.web.authentication.AnonymousAuthenticationFilter - Set SecurityContextHolder to anonymous SecurityContext
2026-03-09 19:47:10 - DEBUG - org.springframework.security.web.FilterChainProxy - Securing POST /api/login
2026-03-09 19:47:10 - DEBUG - org.springframework.security.web.authentication.AnonymousAuthenticationFilter - Set SecurityContextHolder to anonymous SecurityContext
2026-03-09 19:47:10 - DEBUG - org.springframework.security.web.FilterChainProxy - Secured POST /api/login
2026-03-09 19:47:10 - DEBUG - org.springframework.security.authentication.dao.DaoAuthenticationProvider - Authenticated user
2026-03-09 19:47:10 - DEBUG - org.springframework.security.web.FilterChainProxy - Securing GET /api/admin/event/rsvp
2026-03-09 19:47:10 - DEBUG - org.springframework.security.web.FilterChainProxy - Secured GET /api/admin/event/rsvp
2026-03-09 19:47:10 - DEBUG - org.springframework.security.web.FilterChainProxy - Securing POST /api/login
2026-03-09 19:47:10 - DEBUG - org.springframework.security.web.authentication.AnonymousAuthenticationFilter - Set SecurityContextHolder to anonymous SecurityContext
2026-03-09 19:47:10 - DEBUG - org.springframework.security.web.FilterChainProxy - Secured POST /api/login
2026-03-09 19:47:10 - DEBUG - org.springframework.security.authentication.dao.DaoAuthenticationProvider - Authenticated user
2026-03-09 19:47:10 - DEBUG - org.springframework.security.web.FilterChainProxy - Securing GET /api/admin/user/24/rsvp
2026-03-09 19:47:10 - DEBUG - org.springframework.security.web.FilterChainProxy - Secured GET /api/admin/user/24/rsvp
2026-03-09 19:47:10 - INFO - org.springframework.test.context.support.AnnotationConfigContextLoaderUtils - Could not detect default configuration classes for test class [com.gotcha.gotcha_api.controller.OrderControllerIntegrationTest]: OrderControllerIntegrationTest does not declare any static, non-private, non-final, nested classes annotated with @Configuration.
2026-03-09 19:47:10 - INFO - org.springframework.boot.test.context.SpringBootTestContextBootstrapper - Found @SpringBootConfiguration com.gotcha.gotcha_api.GotchaApiApplication for test class com.gotcha.gotcha_api.controller.OrderControllerIntegrationTest
2026-03-09 19:47:11 - DEBUG - org.springframework.security.web.FilterChainProxy - Securing POST /api/login
2026-03-09 19:47:11 - DEBUG - org.springframework.security.web.authentication.AnonymousAuthenticationFilter - Set SecurityContextHolder to anonymous SecurityContext
2026-03-09 19:47:11 - DEBUG - org.springframework.security.web.FilterChainProxy - Secured POST /api/login
2026-03-09 19:47:11 - DEBUG - org.springframework.security.authentication.dao.DaoAuthenticationProvider - Authenticated user
2026-03-09 19:47:11 - DEBUG - org.springframework.security.web.FilterChainProxy - Securing POST /api/login
2026-03-09 19:47:11 - DEBUG - org.springframework.security.web.authentication.AnonymousAuthenticationFilter - Set SecurityContextHolder to anonymous SecurityContext
2026-03-09 19:47:11 - DEBUG - org.springframework.security.web.FilterChainProxy - Secured POST /api/login
2026-03-09 19:47:11 - DEBUG - org.springframework.security.authentication.dao.DaoAuthenticationProvider - Authenticated user
2026-03-09 19:47:12 - DEBUG - org.springframework.security.web.FilterChainProxy - Securing POST /api/member/order
2026-03-09 19:47:12 - DEBUG - org.springframework.security.web.FilterChainProxy - Secured POST /api/member/order
2026-03-09 19:47:12 - DEBUG - org.springframework.security.web.FilterChainProxy - Securing POST /api/login
2026-03-09 19:47:12 - DEBUG - org.springframework.security.web.authentication.AnonymousAuthenticationFilter - Set SecurityContextHolder to anonymous SecurityContext
2026-03-09 19:47:12 - DEBUG - org.springframework.security.web.FilterChainProxy - Secured POST /api/login
2026-03-09 19:47:12 - DEBUG - org.springframework.security.authentication.dao.DaoAuthenticationProvider - Authenticated user
2026-03-09 19:47:12 - DEBUG - org.springframework.security.web.FilterChainProxy - Securing POST /api/login
2026-03-09 19:47:12 - DEBUG - org.springframework.security.web.authentication.AnonymousAuthenticationFilter - Set SecurityContextHolder to anonymous SecurityContext
2026-03-09 19:47:12 - DEBUG - org.springframework.security.web.FilterChainProxy - Secured POST /api/login
2026-03-09 19:47:13 - DEBUG - org.springframework.security.authentication.dao.DaoAuthenticationProvider - Authenticated user
2026-03-09 19:47:13 - DEBUG - org.springframework.security.web.FilterChainProxy - Securing GET /api/admin/order/9999
2026-03-09 19:47:13 - DEBUG - org.springframework.security.web.FilterChainProxy - Secured GET /api/admin/order/9999
2026-03-09 19:47:13 - DEBUG - org.springframework.security.web.FilterChainProxy - Securing POST /api/login
2026-03-09 19:47:13 - DEBUG - org.springframework.security.web.authentication.AnonymousAuthenticationFilter - Set SecurityContextHolder to anonymous SecurityContext
2026-03-09 19:47:13 - DEBUG - org.springframework.security.web.FilterChainProxy - Secured POST /api/login
2026-03-09 19:47:13 - DEBUG - org.springframework.security.authentication.dao.DaoAuthenticationProvider - Authenticated user
2026-03-09 19:47:13 - DEBUG - org.springframework.security.web.FilterChainProxy - Securing POST /api/login
2026-03-09 19:47:13 - DEBUG - org.springframework.security.web.authentication.AnonymousAuthenticationFilter - Set SecurityContextHolder to anonymous SecurityContext
2026-03-09 19:47:13 - DEBUG - org.springframework.security.web.FilterChainProxy - Secured POST /api/login
2026-03-09 19:47:14 - DEBUG - org.springframework.security.authentication.dao.DaoAuthenticationProvider - Authenticated user
2026-03-09 19:47:14 - DEBUG - org.springframework.security.web.FilterChainProxy - Securing POST /api/member/order
2026-03-09 19:47:14 - DEBUG - org.springframework.security.web.FilterChainProxy - Secured POST /api/member/order
2026-03-09 19:47:14 - DEBUG - org.springframework.security.web.FilterChainProxy - Securing POST /api/login
2026-03-09 19:47:14 - DEBUG - org.springframework.security.web.authentication.AnonymousAuthenticationFilter - Set SecurityContextHolder to anonymous SecurityContext
2026-03-09 19:47:14 - DEBUG - org.springframework.security.web.FilterChainProxy - Secured POST /api/login
2026-03-09 19:47:14 - DEBUG - org.springframework.security.authentication.dao.DaoAuthenticationProvider - Authenticated user
2026-03-09 19:47:14 - DEBUG - org.springframework.security.web.FilterChainProxy - Securing POST /api/login
2026-03-09 19:47:14 - DEBUG - org.springframework.security.web.authentication.AnonymousAuthenticationFilter - Set SecurityContextHolder to anonymous SecurityContext
2026-03-09 19:47:14 - DEBUG - org.springframework.security.web.FilterChainProxy - Secured POST /api/login
2026-03-09 19:47:15 - DEBUG - org.springframework.security.authentication.dao.DaoAuthenticationProvider - Authenticated user
2026-03-09 19:47:15 - DEBUG - org.springframework.security.web.FilterChainProxy - Securing GET /api/member/order
2026-03-09 19:47:15 - DEBUG - org.springframework.security.web.FilterChainProxy - Secured GET /api/member/order
2026-03-09 19:47:15 - DEBUG - org.springframework.security.web.FilterChainProxy - Securing POST /api/login
2026-03-09 19:47:15 - DEBUG - org.springframework.security.web.authentication.AnonymousAuthenticationFilter - Set SecurityContextHolder to anonymous SecurityContext
2026-03-09 19:47:15 - DEBUG - org.springframework.security.web.FilterChainProxy - Secured POST /api/login
2026-03-09 19:47:15 - DEBUG - org.springframework.security.authentication.dao.DaoAuthenticationProvider - Authenticated user
2026-03-09 19:47:15 - DEBUG - org.springframework.security.web.FilterChainProxy - Securing POST /api/login
2026-03-09 19:47:15 - DEBUG - org.springframework.security.web.authentication.AnonymousAuthenticationFilter - Set SecurityContextHolder to anonymous SecurityContext
2026-03-09 19:47:15 - DEBUG - org.springframework.security.web.FilterChainProxy - Secured POST /api/login
2026-03-09 19:47:15 - DEBUG - org.springframework.security.authentication.dao.DaoAuthenticationProvider - Authenticated user
2026-03-09 19:47:15 - DEBUG - org.springframework.security.web.FilterChainProxy - Securing GET /api/admin/order/1
2026-03-09 19:47:15 - DEBUG - org.springframework.security.web.access.AccessDeniedHandlerImpl - Responding with 403 status code
2026-03-09 19:47:16 - DEBUG - org.springframework.security.web.FilterChainProxy - Securing POST /api/login
2026-03-09 19:47:16 - DEBUG - org.springframework.security.web.authentication.AnonymousAuthenticationFilter - Set SecurityContextHolder to anonymous SecurityContext
2026-03-09 19:47:16 - DEBUG - org.springframework.security.web.FilterChainProxy - Secured POST /api/login
2026-03-09 19:47:16 - DEBUG - org.springframework.security.authentication.dao.DaoAuthenticationProvider - Authenticated user
2026-03-09 19:47:16 - DEBUG - org.springframework.security.web.FilterChainProxy - Securing POST /api/login
2026-03-09 19:47:16 - DEBUG - org.springframework.security.web.authentication.AnonymousAuthenticationFilter - Set SecurityContextHolder to anonymous SecurityContext
2026-03-09 19:47:16 - DEBUG - org.springframework.security.web.FilterChainProxy - Secured POST /api/login
2026-03-09 19:47:16 - DEBUG - org.springframework.security.authentication.dao.DaoAuthenticationProvider - Authenticated user
2026-03-09 19:47:16 - DEBUG - org.springframework.security.web.FilterChainProxy - Securing POST /api/member/order
2026-03-09 19:47:16 - DEBUG - org.springframework.security.web.FilterChainProxy - Secured POST /api/member/order
2026-03-09 19:47:17 - DEBUG - org.springframework.security.web.FilterChainProxy - Securing POST /api/login
2026-03-09 19:47:17 - DEBUG - org.springframework.security.web.authentication.AnonymousAuthenticationFilter - Set SecurityContextHolder to anonymous SecurityContext
2026-03-09 19:47:17 - DEBUG - org.springframework.security.web.FilterChainProxy - Secured POST /api/login
2026-03-09 19:47:17 - DEBUG - org.springframework.security.authentication.dao.DaoAuthenticationProvider - Authenticated user
2026-03-09 19:47:17 - DEBUG - org.springframework.security.web.FilterChainProxy - Securing POST /api/login
2026-03-09 19:47:17 - DEBUG - org.springframework.security.web.authentication.AnonymousAuthenticationFilter - Set SecurityContextHolder to anonymous SecurityContext
2026-03-09 19:47:17 - DEBUG - org.springframework.security.web.FilterChainProxy - Secured POST /api/login
2026-03-09 19:47:17 - DEBUG - org.springframework.security.authentication.dao.DaoAuthenticationProvider - Authenticated user
2026-03-09 19:47:17 - DEBUG - org.springframework.security.web.FilterChainProxy - Securing GET /api/member/order
2026-03-09 19:47:17 - DEBUG - org.springframework.security.web.authentication.AnonymousAuthenticationFilter - Set SecurityContextHolder to anonymous SecurityContext
2026-03-09 19:47:18 - DEBUG - org.springframework.security.web.FilterChainProxy - Securing POST /api/login
2026-03-09 19:47:18 - DEBUG - org.springframework.security.web.authentication.AnonymousAuthenticationFilter - Set SecurityContextHolder to anonymous SecurityContext
2026-03-09 19:47:18 - DEBUG - org.springframework.security.web.FilterChainProxy - Secured POST /api/login
2026-03-09 19:47:18 - DEBUG - org.springframework.security.authentication.dao.DaoAuthenticationProvider - Authenticated user
2026-03-09 19:47:18 - DEBUG - org.springframework.security.web.FilterChainProxy - Securing POST /api/login
2026-03-09 19:47:18 - DEBUG - org.springframework.security.web.authentication.AnonymousAuthenticationFilter - Set SecurityContextHolder to anonymous SecurityContext
2026-03-09 19:47:18 - DEBUG - org.springframework.security.web.FilterChainProxy - Secured POST /api/login
2026-03-09 19:47:18 - DEBUG - org.springframework.security.authentication.dao.DaoAuthenticationProvider - Authenticated user
2026-03-09 19:47:18 - DEBUG - org.springframework.security.web.FilterChainProxy - Securing POST /api/member/order
2026-03-09 19:47:18 - DEBUG - org.springframework.security.web.FilterChainProxy - Secured POST /api/member/order
2026-03-09 19:47:19 - DEBUG - org.springframework.security.web.FilterChainProxy - Securing POST /api/login
2026-03-09 19:47:19 - DEBUG - org.springframework.security.web.authentication.AnonymousAuthenticationFilter - Set SecurityContextHolder to anonymous SecurityContext
2026-03-09 19:47:19 - DEBUG - org.springframework.security.web.FilterChainProxy - Secured POST /api/login
2026-03-09 19:47:19 - DEBUG - org.springframework.security.authentication.dao.DaoAuthenticationProvider - Authenticated user
2026-03-09 19:47:19 - DEBUG - org.springframework.security.web.FilterChainProxy - Securing POST /api/login
2026-03-09 19:47:19 - DEBUG - org.springframework.security.web.authentication.AnonymousAuthenticationFilter - Set SecurityContextHolder to anonymous SecurityContext
2026-03-09 19:47:19 - DEBUG - org.springframework.security.web.FilterChainProxy - Secured POST /api/login
2026-03-09 19:47:19 - DEBUG - org.springframework.security.authentication.dao.DaoAuthenticationProvider - Authenticated user
2026-03-09 19:47:19 - DEBUG - org.springframework.security.web.FilterChainProxy - Securing POST /api/member/order
2026-03-09 19:47:19 - DEBUG - org.springframework.security.web.FilterChainProxy - Secured POST /api/member/order
2026-03-09 19:47:20 - DEBUG - org.springframework.security.web.FilterChainProxy - Securing POST /api/login
2026-03-09 19:47:20 - DEBUG - org.springframework.security.web.authentication.AnonymousAuthenticationFilter - Set SecurityContextHolder to anonymous SecurityContext
2026-03-09 19:47:20 - DEBUG - org.springframework.security.web.FilterChainProxy - Secured POST /api/login
2026-03-09 19:47:20 - DEBUG - org.springframework.security.authentication.dao.DaoAuthenticationProvider - Authenticated user
2026-03-09 19:47:20 - DEBUG - org.springframework.security.web.FilterChainProxy - Securing POST /api/login
2026-03-09 19:47:20 - DEBUG - org.springframework.security.web.authentication.AnonymousAuthenticationFilter - Set SecurityContextHolder to anonymous SecurityContext
2026-03-09 19:47:20 - DEBUG - org.springframework.security.web.FilterChainProxy - Secured POST /api/login
2026-03-09 19:47:20 - DEBUG - org.springframework.security.authentication.dao.DaoAuthenticationProvider - Authenticated user
2026-03-09 19:47:20 - DEBUG - org.springframework.security.web.FilterChainProxy - Securing POST /api/member/order
2026-03-09 19:47:20 - DEBUG - org.springframework.security.web.FilterChainProxy - Secured POST /api/member/order
2026-03-09 19:47:21 - DEBUG - org.springframework.security.web.FilterChainProxy - Securing POST /api/login
2026-03-09 19:47:21 - DEBUG - org.springframework.security.web.authentication.AnonymousAuthenticationFilter - Set SecurityContextHolder to anonymous SecurityContext
2026-03-09 19:47:21 - DEBUG - org.springframework.security.web.FilterChainProxy - Secured POST /api/login
2026-03-09 19:47:21 - DEBUG - org.springframework.security.authentication.dao.DaoAuthenticationProvider - Authenticated user
2026-03-09 19:47:21 - DEBUG - org.springframework.security.web.FilterChainProxy - Securing POST /api/login
2026-03-09 19:47:21 - DEBUG - org.springframework.security.web.authentication.AnonymousAuthenticationFilter - Set SecurityContextHolder to anonymous SecurityContext
2026-03-09 19:47:21 - DEBUG - org.springframework.security.web.FilterChainProxy - Secured POST /api/login
2026-03-09 19:47:21 - DEBUG - org.springframework.security.authentication.dao.DaoAuthenticationProvider - Authenticated user
2026-03-09 19:47:21 - DEBUG - org.springframework.security.web.FilterChainProxy - Securing POST /api/member/order
2026-03-09 19:47:21 - DEBUG - org.springframework.security.web.authentication.AnonymousAuthenticationFilter - Set SecurityContextHolder to anonymous SecurityContext
2026-03-09 19:47:22 - DEBUG - org.springframework.security.web.FilterChainProxy - Securing POST /api/login
2026-03-09 19:47:22 - DEBUG - org.springframework.security.web.authentication.AnonymousAuthenticationFilter - Set SecurityContextHolder to anonymous SecurityContext
2026-03-09 19:47:22 - DEBUG - org.springframework.security.web.FilterChainProxy - Secured POST /api/login
2026-03-09 19:47:22 - DEBUG - org.springframework.security.authentication.dao.DaoAuthenticationProvider - Authenticated user
2026-03-09 19:47:22 - DEBUG - org.springframework.security.web.FilterChainProxy - Securing POST /api/login
2026-03-09 19:47:22 - DEBUG - org.springframework.security.web.authentication.AnonymousAuthenticationFilter - Set SecurityContextHolder to anonymous SecurityContext
2026-03-09 19:47:22 - DEBUG - org.springframework.security.web.FilterChainProxy - Secured POST /api/login
2026-03-09 19:47:22 - DEBUG - org.springframework.security.authentication.dao.DaoAuthenticationProvider - Authenticated user
2026-03-09 19:47:22 - DEBUG - org.springframework.security.web.FilterChainProxy - Securing POST /api/member/order
2026-03-09 19:47:22 - DEBUG - org.springframework.security.web.FilterChainProxy - Secured POST /api/member/order
2026-03-09 19:47:22 - DEBUG - org.springframework.security.web.FilterChainProxy - Securing POST /api/login
2026-03-09 19:47:22 - DEBUG - org.springframework.security.web.authentication.AnonymousAuthenticationFilter - Set SecurityContextHolder to anonymous SecurityContext
2026-03-09 19:47:22 - DEBUG - org.springframework.security.web.FilterChainProxy - Secured POST /api/login
2026-03-09 19:47:23 - DEBUG - org.springframework.security.authentication.dao.DaoAuthenticationProvider - Authenticated user
2026-03-09 19:47:23 - DEBUG - org.springframework.security.web.FilterChainProxy - Securing POST /api/login
2026-03-09 19:47:23 - DEBUG - org.springframework.security.web.authentication.AnonymousAuthenticationFilter - Set SecurityContextHolder to anonymous SecurityContext
2026-03-09 19:47:23 - DEBUG - org.springframework.security.web.FilterChainProxy - Secured POST /api/login
2026-03-09 19:47:23 - DEBUG - org.springframework.security.authentication.dao.DaoAuthenticationProvider - Authenticated user
2026-03-09 19:47:24 - DEBUG - org.springframework.security.web.FilterChainProxy - Securing POST /api/login
2026-03-09 19:47:24 - DEBUG - org.springframework.security.web.authentication.AnonymousAuthenticationFilter - Set SecurityContextHolder to anonymous SecurityContext
2026-03-09 19:47:24 - DEBUG - org.springframework.security.web.FilterChainProxy - Secured POST /api/login
2026-03-09 19:47:24 - DEBUG - org.springframework.security.authentication.dao.DaoAuthenticationProvider - Authenticated user
2026-03-09 19:47:24 - DEBUG - org.springframework.security.web.FilterChainProxy - Securing POST /api/member/order
2026-03-09 19:47:24 - DEBUG - org.springframework.security.web.FilterChainProxy - Secured POST /api/member/order
2026-03-09 19:47:25 - DEBUG - org.springframework.security.web.FilterChainProxy - Securing POST /api/login
2026-03-09 19:47:25 - DEBUG - org.springframework.security.web.authentication.AnonymousAuthenticationFilter - Set SecurityContextHolder to anonymous SecurityContext
2026-03-09 19:47:25 - DEBUG - org.springframework.security.web.FilterChainProxy - Secured POST /api/login
2026-03-09 19:47:25 - DEBUG - org.springframework.security.authentication.dao.DaoAuthenticationProvider - Authenticated user
2026-03-09 19:47:25 - DEBUG - org.springframework.security.web.FilterChainProxy - Securing POST /api/login
2026-03-09 19:47:25 - DEBUG - org.springframework.security.web.authentication.AnonymousAuthenticationFilter - Set SecurityContextHolder to anonymous SecurityContext
2026-03-09 19:47:25 - DEBUG - org.springframework.security.web.FilterChainProxy - Secured POST /api/login
2026-03-09 19:47:26 - DEBUG - org.springframework.security.authentication.dao.DaoAuthenticationProvider - Authenticated user
2026-03-09 19:47:26 - DEBUG - org.springframework.security.web.FilterChainProxy - Securing POST /api/member/order
2026-03-09 19:47:26 - DEBUG - org.springframework.security.web.FilterChainProxy - Secured POST /api/member/order
2026-03-09 19:47:26 - DEBUG - org.springframework.security.web.FilterChainProxy - Securing POST /api/login
2026-03-09 19:47:26 - DEBUG - org.springframework.security.web.authentication.AnonymousAuthenticationFilter - Set SecurityContextHolder to anonymous SecurityContext
2026-03-09 19:47:26 - DEBUG - org.springframework.security.web.FilterChainProxy - Secured POST /api/login
2026-03-09 19:47:27 - DEBUG - org.springframework.security.authentication.dao.DaoAuthenticationProvider - Authenticated user
2026-03-09 19:47:27 - DEBUG - org.springframework.security.web.FilterChainProxy - Securing POST /api/login
2026-03-09 19:47:27 - DEBUG - org.springframework.security.web.authentication.AnonymousAuthenticationFilter - Set SecurityContextHolder to anonymous SecurityContext
2026-03-09 19:47:27 - DEBUG - org.springframework.security.web.FilterChainProxy - Secured POST /api/login
2026-03-09 19:47:27 - DEBUG - org.springframework.security.authentication.dao.DaoAuthenticationProvider - Authenticated user
2026-03-09 19:47:27 - DEBUG - org.springframework.security.web.FilterChainProxy - Securing GET /api/admin/order
2026-03-09 19:47:27 - DEBUG - org.springframework.security.web.access.AccessDeniedHandlerImpl - Responding with 403 status code
2026-03-09 19:47:27 - INFO - org.springframework.test.context.support.AnnotationConfigContextLoaderUtils - Could not detect default configuration classes for test class [com.gotcha.gotcha_api.controller.AdminControllerIntegrationTest]: AdminControllerIntegrationTest does not declare any static, non-private, non-final, nested classes annotated with @Configuration.
2026-03-09 19:47:27 - INFO - org.springframework.boot.test.context.SpringBootTestContextBootstrapper - Found @SpringBootConfiguration com.gotcha.gotcha_api.GotchaApiApplication for test class com.gotcha.gotcha_api.controller.AdminControllerIntegrationTest
2026-03-09 19:47:28 - DEBUG - org.springframework.security.web.FilterChainProxy - Securing POST /api/login
2026-03-09 19:47:28 - DEBUG - org.springframework.security.web.authentication.AnonymousAuthenticationFilter - Set SecurityContextHolder to anonymous SecurityContext
2026-03-09 19:47:28 - DEBUG - org.springframework.security.web.FilterChainProxy - Secured POST /api/login
2026-03-09 19:47:29 - DEBUG - org.springframework.security.authentication.dao.DaoAuthenticationProvider - Authenticated user
2026-03-09 19:47:29 - DEBUG - org.springframework.security.web.FilterChainProxy - Securing POST /api/login
2026-03-09 19:47:29 - DEBUG - org.springframework.security.web.authentication.AnonymousAuthenticationFilter - Set SecurityContextHolder to anonymous SecurityContext
2026-03-09 19:47:29 - DEBUG - org.springframework.security.web.FilterChainProxy - Secured POST /api/login
2026-03-09 19:47:29 - DEBUG - org.springframework.security.authentication.dao.DaoAuthenticationProvider - Authenticated user
2026-03-09 19:47:29 - DEBUG - org.springframework.security.web.FilterChainProxy - Securing GET /api/admin/users/9999
2026-03-09 19:47:29 - DEBUG - org.springframework.security.web.FilterChainProxy - Secured GET /api/admin/users/9999
2026-03-09 19:47:30 - DEBUG - org.springframework.security.web.FilterChainProxy - Securing POST /api/login
2026-03-09 19:47:30 - DEBUG - org.springframework.security.web.authentication.AnonymousAuthenticationFilter - Set SecurityContextHolder to anonymous SecurityContext
2026-03-09 19:47:30 - DEBUG - org.springframework.security.web.FilterChainProxy - Secured POST /api/login
2026-03-09 19:47:31 - DEBUG - org.springframework.security.authentication.dao.DaoAuthenticationProvider - Authenticated user
2026-03-09 19:47:31 - DEBUG - org.springframework.security.web.FilterChainProxy - Securing POST /api/login
2026-03-09 19:47:31 - DEBUG - org.springframework.security.web.authentication.AnonymousAuthenticationFilter - Set SecurityContextHolder to anonymous SecurityContext
2026-03-09 19:47:31 - DEBUG - org.springframework.security.web.FilterChainProxy - Secured POST /api/login
2026-03-09 19:47:31 - DEBUG - org.springframework.security.authentication.dao.DaoAuthenticationProvider - Authenticated user
2026-03-09 19:47:31 - DEBUG - org.springframework.security.web.FilterChainProxy - Securing DELETE /api/admin/users/61
2026-03-09 19:47:31 - DEBUG - org.springframework.security.web.FilterChainProxy - Secured DELETE /api/admin/users/61
2026-03-09 19:47:32 - DEBUG - org.springframework.security.web.FilterChainProxy - Securing POST /api/login
2026-03-09 19:47:32 - DEBUG - org.springframework.security.web.authentication.AnonymousAuthenticationFilter - Set SecurityContextHolder to anonymous SecurityContext
2026-03-09 19:47:32 - DEBUG - org.springframework.security.web.FilterChainProxy - Secured POST /api/login
2026-03-09 19:47:32 - DEBUG - org.springframework.security.authentication.dao.DaoAuthenticationProvider - Authenticated user
2026-03-09 19:47:32 - DEBUG - org.springframework.security.web.FilterChainProxy - Securing POST /api/login
2026-03-09 19:47:32 - DEBUG - org.springframework.security.web.authentication.AnonymousAuthenticationFilter - Set SecurityContextHolder to anonymous SecurityContext
2026-03-09 19:47:32 - DEBUG - org.springframework.security.web.FilterChainProxy - Secured POST /api/login
2026-03-09 19:47:33 - DEBUG - org.springframework.security.authentication.dao.DaoAuthenticationProvider - Authenticated user
2026-03-09 19:47:33 - DEBUG - org.springframework.security.web.FilterChainProxy - Securing GET /api/admin/users/64
2026-03-09 19:47:33 - DEBUG - org.springframework.security.web.FilterChainProxy - Secured GET /api/admin/users/64
2026-03-09 19:47:34 - DEBUG - org.springframework.security.web.FilterChainProxy - Securing POST /api/login
2026-03-09 19:47:34 - DEBUG - org.springframework.security.web.authentication.AnonymousAuthenticationFilter - Set SecurityContextHolder to anonymous SecurityContext
2026-03-09 19:47:34 - DEBUG - org.springframework.security.web.FilterChainProxy - Secured POST /api/login
2026-03-09 19:47:34 - DEBUG - org.springframework.security.authentication.dao.DaoAuthenticationProvider - Authenticated user
2026-03-09 19:47:34 - DEBUG - org.springframework.security.web.FilterChainProxy - Securing POST /api/login
2026-03-09 19:47:34 - DEBUG - org.springframework.security.web.authentication.AnonymousAuthenticationFilter - Set SecurityContextHolder to anonymous SecurityContext
2026-03-09 19:47:34 - DEBUG - org.springframework.security.web.FilterChainProxy - Secured POST /api/login
2026-03-09 19:47:35 - DEBUG - org.springframework.security.authentication.dao.DaoAuthenticationProvider - Authenticated user
2026-03-09 19:47:35 - DEBUG - org.springframework.security.web.FilterChainProxy - Securing GET /api/admin/users/67
2026-03-09 19:47:35 - DEBUG - org.springframework.security.web.access.AccessDeniedHandlerImpl - Responding with 403 status code
2026-03-09 19:47:36 - DEBUG - org.springframework.security.web.FilterChainProxy - Securing POST /api/login
2026-03-09 19:47:36 - DEBUG - org.springframework.security.web.authentication.AnonymousAuthenticationFilter - Set SecurityContextHolder to anonymous SecurityContext
2026-03-09 19:47:36 - DEBUG - org.springframework.security.web.FilterChainProxy - Secured POST /api/login
2026-03-09 19:47:37 - DEBUG - org.springframework.security.authentication.dao.DaoAuthenticationProvider - Authenticated user
2026-03-09 19:47:37 - DEBUG - org.springframework.security.web.FilterChainProxy - Securing POST /api/login
2026-03-09 19:47:37 - DEBUG - org.springframework.security.web.authentication.AnonymousAuthenticationFilter - Set SecurityContextHolder to anonymous SecurityContext
2026-03-09 19:47:37 - DEBUG - org.springframework.security.web.FilterChainProxy - Secured POST /api/login
2026-03-09 19:47:37 - DEBUG - org.springframework.security.authentication.dao.DaoAuthenticationProvider - Authenticated user
2026-03-09 19:47:37 - DEBUG - org.springframework.security.web.FilterChainProxy - Securing GET /api/admin/users
2026-03-09 19:47:37 - DEBUG - org.springframework.security.web.access.AccessDeniedHandlerImpl - Responding with 403 status code
2026-03-09 19:47:39 - DEBUG - org.springframework.security.web.FilterChainProxy - Securing POST /api/login
2026-03-09 19:47:39 - DEBUG - org.springframework.security.web.authentication.AnonymousAuthenticationFilter - Set SecurityContextHolder to anonymous SecurityContext
2026-03-09 19:47:39 - DEBUG - org.springframework.security.web.FilterChainProxy - Secured POST /api/login
2026-03-09 19:47:39 - DEBUG - org.springframework.security.authentication.dao.DaoAuthenticationProvider - Authenticated user
2026-03-09 19:47:39 - DEBUG - org.springframework.security.web.FilterChainProxy - Securing POST /api/login
2026-03-09 19:47:39 - DEBUG - org.springframework.security.web.authentication.AnonymousAuthenticationFilter - Set SecurityContextHolder to anonymous SecurityContext
2026-03-09 19:47:39 - DEBUG - org.springframework.security.web.FilterChainProxy - Secured POST /api/login
2026-03-09 19:47:40 - DEBUG - org.springframework.security.authentication.dao.DaoAuthenticationProvider - Authenticated user
2026-03-09 19:47:40 - DEBUG - org.springframework.security.web.FilterChainProxy - Securing GET /api/admin/users
2026-03-09 19:47:40 - DEBUG - org.springframework.security.web.authentication.AnonymousAuthenticationFilter - Set SecurityContextHolder to anonymous SecurityContext
2026-03-09 19:47:42 - DEBUG - org.springframework.security.web.FilterChainProxy - Securing POST /api/login
2026-03-09 19:47:42 - DEBUG - org.springframework.security.web.authentication.AnonymousAuthenticationFilter - Set SecurityContextHolder to anonymous SecurityContext
2026-03-09 19:47:42 - DEBUG - org.springframework.security.web.FilterChainProxy - Secured POST /api/login
2026-03-09 19:47:42 - DEBUG - org.springframework.security.authentication.dao.DaoAuthenticationProvider - Authenticated user
2026-03-09 19:47:42 - DEBUG - org.springframework.security.web.FilterChainProxy - Securing POST /api/login
2026-03-09 19:47:42 - DEBUG - org.springframework.security.web.authentication.AnonymousAuthenticationFilter - Set SecurityContextHolder to anonymous SecurityContext
2026-03-09 19:47:42 - DEBUG - org.springframework.security.web.FilterChainProxy - Secured POST /api/login
2026-03-09 19:47:43 - DEBUG - org.springframework.security.authentication.dao.DaoAuthenticationProvider - Authenticated user
2026-03-09 19:47:43 - DEBUG - org.springframework.security.web.FilterChainProxy - Securing GET /api/admin/users
2026-03-09 19:47:43 - DEBUG - org.springframework.security.web.FilterChainProxy - Secured GET /api/admin/users
2026-03-09 19:47:44 - DEBUG - org.springframework.security.web.FilterChainProxy - Securing POST /api/login
2026-03-09 19:47:44 - DEBUG - org.springframework.security.web.authentication.AnonymousAuthenticationFilter - Set SecurityContextHolder to anonymous SecurityContext
2026-03-09 19:47:44 - DEBUG - org.springframework.security.web.FilterChainProxy - Secured POST /api/login
2026-03-09 19:47:45 - DEBUG - org.springframework.security.authentication.dao.DaoAuthenticationProvider - Authenticated user
2026-03-09 19:47:45 - DEBUG - org.springframework.security.web.FilterChainProxy - Securing POST /api/login
2026-03-09 19:47:45 - DEBUG - org.springframework.security.web.authentication.AnonymousAuthenticationFilter - Set SecurityContextHolder to anonymous SecurityContext
2026-03-09 19:47:45 - DEBUG - org.springframework.security.web.FilterChainProxy - Secured POST /api/login
2026-03-09 19:47:45 - DEBUG - org.springframework.security.authentication.dao.DaoAuthenticationProvider - Authenticated user
2026-03-09 19:47:45 - DEBUG - org.springframework.security.web.FilterChainProxy - Securing DELETE /api/admin/users/79
2026-03-09 19:47:45 - DEBUG - org.springframework.security.web.authentication.AnonymousAuthenticationFilter - Set SecurityContextHolder to anonymous SecurityContext
2026-03-09 19:47:46 - DEBUG - org.springframework.security.web.FilterChainProxy - Securing POST /api/login
2026-03-09 19:47:46 - DEBUG - org.springframework.security.web.authentication.AnonymousAuthenticationFilter - Set SecurityContextHolder to anonymous SecurityContext
2026-03-09 19:47:46 - DEBUG - org.springframework.security.web.FilterChainProxy - Secured POST /api/login
2026-03-09 19:47:47 - DEBUG - org.springframework.security.authentication.dao.DaoAuthenticationProvider - Authenticated user
2026-03-09 19:47:47 - DEBUG - org.springframework.security.web.FilterChainProxy - Securing POST /api/login
2026-03-09 19:47:47 - DEBUG - org.springframework.security.web.authentication.AnonymousAuthenticationFilter - Set SecurityContextHolder to anonymous SecurityContext
2026-03-09 19:47:47 - DEBUG - org.springframework.security.web.FilterChainProxy - Secured POST /api/login
2026-03-09 19:47:47 - DEBUG - org.springframework.security.authentication.dao.DaoAuthenticationProvider - Authenticated user
2026-03-09 19:47:47 - DEBUG - org.springframework.security.web.FilterChainProxy - Securing DELETE /api/admin/users/82
2026-03-09 19:47:47 - DEBUG - org.springframework.security.web.access.AccessDeniedHandlerImpl - Responding with 403 status code
2026-03-09 19:47:47 - INFO - org.springframework.test.context.support.AnnotationConfigContextLoaderUtils - Could not detect default configuration classes for test class [com.gotcha.gotcha_api.controller.EventControllerIntegrationTest]: EventControllerIntegrationTest does not declare any static, non-private, non-final, nested classes annotated with @Configuration.
2026-03-09 19:47:47 - INFO - org.springframework.boot.test.context.SpringBootTestContextBootstrapper - Found @SpringBootConfiguration com.gotcha.gotcha_api.GotchaApiApplication for test class com.gotcha.gotcha_api.controller.EventControllerIntegrationTest
2026-03-09 19:47:48 - DEBUG - org.springframework.security.web.FilterChainProxy - Securing POST /api/login
2026-03-09 19:47:48 - DEBUG - org.springframework.security.web.authentication.AnonymousAuthenticationFilter - Set SecurityContextHolder to anonymous SecurityContext
2026-03-09 19:47:48 - DEBUG - org.springframework.security.web.FilterChainProxy - Secured POST /api/login
2026-03-09 19:47:48 - DEBUG - org.springframework.security.authentication.dao.DaoAuthenticationProvider - Authenticated user
2026-03-09 19:47:48 - DEBUG - org.springframework.security.web.FilterChainProxy - Securing POST /api/login
2026-03-09 19:47:48 - DEBUG - org.springframework.security.web.authentication.AnonymousAuthenticationFilter - Set SecurityContextHolder to anonymous SecurityContext
2026-03-09 19:47:48 - DEBUG - org.springframework.security.web.FilterChainProxy - Secured POST /api/login
2026-03-09 19:47:49 - DEBUG - org.springframework.security.authentication.dao.DaoAuthenticationProvider - Authenticated user
2026-03-09 19:47:49 - DEBUG - org.springframework.security.web.FilterChainProxy - Securing POST /api/admin/event
2026-03-09 19:47:49 - DEBUG - org.springframework.security.web.FilterChainProxy - Secured POST /api/admin/event
2026-03-09 19:47:49 - INFO - com.gotcha.gotcha_api.controller.EventController - Adding the event to DB(Controller layer): Event(eventId=null, title=Latte Art Workshop, description=Learn to create beautiful latte art, eventDate=2026-04-08T19:47:49.407578900, location=Gotcha Cafe, Paris, createdAt=2026-03-09T19:47:49.407578900, imageKey=placeholder)
2026-03-09 19:47:49 - INFO - com.gotcha.gotcha_api.service.EventService - Uploading image to S3: event.jpg
2026-03-09 19:47:50 - DEBUG - org.springframework.security.web.FilterChainProxy - Securing POST /api/login
2026-03-09 19:47:50 - DEBUG - org.springframework.security.web.authentication.AnonymousAuthenticationFilter - Set SecurityContextHolder to anonymous SecurityContext
2026-03-09 19:47:50 - DEBUG - org.springframework.security.web.FilterChainProxy - Secured POST /api/login
2026-03-09 19:47:50 - DEBUG - org.springframework.security.authentication.dao.DaoAuthenticationProvider - Authenticated user
2026-03-09 19:47:50 - DEBUG - org.springframework.security.web.FilterChainProxy - Securing POST /api/login
2026-03-09 19:47:50 - DEBUG - org.springframework.security.web.authentication.AnonymousAuthenticationFilter - Set SecurityContextHolder to anonymous SecurityContext
2026-03-09 19:47:50 - DEBUG - org.springframework.security.web.FilterChainProxy - Secured POST /api/login
2026-03-09 19:47:50 - DEBUG - org.springframework.security.authentication.dao.DaoAuthenticationProvider - Authenticated user
2026-03-09 19:47:51 - DEBUG - org.springframework.security.web.FilterChainProxy - Securing POST /api/admin/event
2026-03-09 19:47:51 - DEBUG - org.springframework.security.web.access.AccessDeniedHandlerImpl - Responding with 403 status code
2026-03-09 19:47:51 - DEBUG - org.springframework.security.web.FilterChainProxy - Securing POST /api/login
2026-03-09 19:47:51 - DEBUG - org.springframework.security.web.authentication.AnonymousAuthenticationFilter - Set SecurityContextHolder to anonymous SecurityContext
2026-03-09 19:47:51 - DEBUG - org.springframework.security.web.FilterChainProxy - Secured POST /api/login
2026-03-09 19:47:52 - DEBUG - org.springframework.security.authentication.dao.DaoAuthenticationProvider - Authenticated user
2026-03-09 19:47:52 - DEBUG - org.springframework.security.web.FilterChainProxy - Securing POST /api/login
2026-03-09 19:47:52 - DEBUG - org.springframework.security.web.authentication.AnonymousAuthenticationFilter - Set SecurityContextHolder to anonymous SecurityContext
2026-03-09 19:47:52 - DEBUG - org.springframework.security.web.FilterChainProxy - Secured POST /api/login
2026-03-09 19:47:52 - DEBUG - org.springframework.security.authentication.dao.DaoAuthenticationProvider - Authenticated user
2026-03-09 19:47:52 - DEBUG - org.springframework.security.web.FilterChainProxy - Securing DELETE /api/admin/event/9999
2026-03-09 19:47:52 - DEBUG - org.springframework.security.web.FilterChainProxy - Secured DELETE /api/admin/event/9999
2026-03-09 19:47:53 - DEBUG - org.springframework.security.web.FilterChainProxy - Securing POST /api/login
2026-03-09 19:47:53 - DEBUG - org.springframework.security.web.authentication.AnonymousAuthenticationFilter - Set SecurityContextHolder to anonymous SecurityContext
2026-03-09 19:47:53 - DEBUG - org.springframework.security.web.FilterChainProxy - Secured POST /api/login
2026-03-09 19:47:53 - DEBUG - org.springframework.security.authentication.dao.DaoAuthenticationProvider - Authenticated user
2026-03-09 19:47:53 - DEBUG - org.springframework.security.web.FilterChainProxy - Securing POST /api/login
2026-03-09 19:47:53 - DEBUG - org.springframework.security.web.authentication.AnonymousAuthenticationFilter - Set SecurityContextHolder to anonymous SecurityContext
2026-03-09 19:47:53 - DEBUG - org.springframework.security.web.FilterChainProxy - Secured POST /api/login
2026-03-09 19:47:53 - DEBUG - org.springframework.security.authentication.dao.DaoAuthenticationProvider - Authenticated user
2026-03-09 19:47:53 - DEBUG - org.springframework.security.web.FilterChainProxy - Securing DELETE /api/admin/event/13
2026-03-09 19:47:53 - DEBUG - org.springframework.security.web.FilterChainProxy - Secured DELETE /api/admin/event/13
2026-03-09 19:47:54 - DEBUG - org.springframework.security.web.FilterChainProxy - Securing POST /api/login
2026-03-09 19:47:54 - DEBUG - org.springframework.security.web.authentication.AnonymousAuthenticationFilter - Set SecurityContextHolder to anonymous SecurityContext
2026-03-09 19:47:54 - DEBUG - org.springframework.security.web.FilterChainProxy - Secured POST /api/login
2026-03-09 19:47:54 - DEBUG - org.springframework.security.authentication.dao.DaoAuthenticationProvider - Authenticated user
2026-03-09 19:47:54 - DEBUG - org.springframework.security.web.FilterChainProxy - Securing POST /api/login
2026-03-09 19:47:54 - DEBUG - org.springframework.security.web.authentication.AnonymousAuthenticationFilter - Set SecurityContextHolder to anonymous SecurityContext
2026-03-09 19:47:54 - DEBUG - org.springframework.security.web.FilterChainProxy - Secured POST /api/login
2026-03-09 19:47:55 - DEBUG - org.springframework.security.authentication.dao.DaoAuthenticationProvider - Authenticated user
2026-03-09 19:47:55 - DEBUG - org.springframework.security.web.FilterChainProxy - Securing GET /api/member/event
2026-03-09 19:47:55 - DEBUG - org.springframework.security.web.FilterChainProxy - Secured GET /api/member/event
2026-03-09 19:47:55 - INFO - com.gotcha.gotcha_api.service.EventService - Getting events from DB: 0
2026-03-09 19:47:55 - DEBUG - org.springframework.security.web.FilterChainProxy - Securing POST /api/login
2026-03-09 19:47:55 - DEBUG - org.springframework.security.web.authentication.AnonymousAuthenticationFilter - Set SecurityContextHolder to anonymous SecurityContext
2026-03-09 19:47:55 - DEBUG - org.springframework.security.web.FilterChainProxy - Secured POST /api/login
2026-03-09 19:47:56 - DEBUG - org.springframework.security.authentication.dao.DaoAuthenticationProvider - Authenticated user
2026-03-09 19:47:56 - DEBUG - org.springframework.security.web.FilterChainProxy - Securing POST /api/login
2026-03-09 19:47:56 - DEBUG - org.springframework.security.web.authentication.AnonymousAuthenticationFilter - Set SecurityContextHolder to anonymous SecurityContext
2026-03-09 19:47:56 - DEBUG - org.springframework.security.web.FilterChainProxy - Secured POST /api/login
2026-03-09 19:47:56 - DEBUG - org.springframework.security.authentication.dao.DaoAuthenticationProvider - Authenticated user
2026-03-09 19:47:56 - DEBUG - org.springframework.security.web.FilterChainProxy - Securing GET /api/member/event/15
2026-03-09 19:47:56 - DEBUG - org.springframework.security.web.FilterChainProxy - Secured GET /api/member/event/15
2026-03-09 19:47:57 - DEBUG - org.springframework.security.web.FilterChainProxy - Securing POST /api/login
2026-03-09 19:47:57 - DEBUG - org.springframework.security.web.authentication.AnonymousAuthenticationFilter - Set SecurityContextHolder to anonymous SecurityContext
2026-03-09 19:47:57 - DEBUG - org.springframework.security.web.FilterChainProxy - Secured POST /api/login
2026-03-09 19:47:57 - DEBUG - org.springframework.security.authentication.dao.DaoAuthenticationProvider - Authenticated user
2026-03-09 19:47:57 - DEBUG - org.springframework.security.web.FilterChainProxy - Securing POST /api/login
2026-03-09 19:47:57 - DEBUG - org.springframework.security.web.authentication.AnonymousAuthenticationFilter - Set SecurityContextHolder to anonymous SecurityContext
2026-03-09 19:47:57 - DEBUG - org.springframework.security.web.FilterChainProxy - Secured POST /api/login
2026-03-09 19:47:57 - DEBUG - org.springframework.security.authentication.dao.DaoAuthenticationProvider - Authenticated user
2026-03-09 19:47:57 - DEBUG - org.springframework.security.web.FilterChainProxy - Securing GET /api/member/event
2026-03-09 19:47:57 - DEBUG - org.springframework.security.web.authentication.AnonymousAuthenticationFilter - Set SecurityContextHolder to anonymous SecurityContext
2026-03-09 19:47:58 - DEBUG - org.springframework.security.web.FilterChainProxy - Securing POST /api/login
2026-03-09 19:47:58 - DEBUG - org.springframework.security.web.authentication.AnonymousAuthenticationFilter - Set SecurityContextHolder to anonymous SecurityContext
2026-03-09 19:47:58 - DEBUG - org.springframework.security.web.FilterChainProxy - Secured POST /api/login
2026-03-09 19:47:58 - DEBUG - org.springframework.security.authentication.dao.DaoAuthenticationProvider - Authenticated user
2026-03-09 19:47:58 - DEBUG - org.springframework.security.web.FilterChainProxy - Securing POST /api/login
2026-03-09 19:47:58 - DEBUG - org.springframework.security.web.authentication.AnonymousAuthenticationFilter - Set SecurityContextHolder to anonymous SecurityContext
2026-03-09 19:47:58 - DEBUG - org.springframework.security.web.FilterChainProxy - Secured POST /api/login
2026-03-09 19:47:59 - DEBUG - org.springframework.security.authentication.dao.DaoAuthenticationProvider - Authenticated user
2026-03-09 19:47:59 - DEBUG - org.springframework.security.web.FilterChainProxy - Securing PUT /api/admin/event/17
2026-03-09 19:47:59 - DEBUG - org.springframework.security.web.FilterChainProxy - Secured PUT /api/admin/event/17
2026-03-09 19:47:59 - INFO - com.gotcha.gotcha_api.controller.EventController - Updating the event in DB(Controller layer): Event(eventId=null, title=Updated Coffee Night, description=Updated description, eventDate=2026-03-30T19:47:59.084993800, location=New Location, Paris, createdAt=2026-03-09T19:47:59.068928900, imageKey=placeholder)
2026-03-09 19:47:59 - INFO - com.gotcha.gotcha_api.service.EventService - Uploading image to S3: updated.jpg
2026-03-09 19:47:59 - DEBUG - org.springframework.security.web.FilterChainProxy - Securing POST /api/login
2026-03-09 19:47:59 - DEBUG - org.springframework.security.web.authentication.AnonymousAuthenticationFilter - Set SecurityContextHolder to anonymous SecurityContext
2026-03-09 19:47:59 - DEBUG - org.springframework.security.web.FilterChainProxy - Secured POST /api/login
2026-03-09 19:48:00 - DEBUG - org.springframework.security.authentication.dao.DaoAuthenticationProvider - Authenticated user
2026-03-09 19:48:00 - DEBUG - org.springframework.security.web.FilterChainProxy - Securing POST /api/login
2026-03-09 19:48:00 - DEBUG - org.springframework.security.web.authentication.AnonymousAuthenticationFilter - Set SecurityContextHolder to anonymous SecurityContext
2026-03-09 19:48:00 - DEBUG - org.springframework.security.web.FilterChainProxy - Secured POST /api/login
2026-03-09 19:48:00 - DEBUG - org.springframework.security.authentication.dao.DaoAuthenticationProvider - Authenticated user
2026-03-09 19:48:00 - DEBUG - org.springframework.security.web.FilterChainProxy - Securing GET /api/member/event/9999
2026-03-09 19:48:00 - DEBUG - org.springframework.security.web.FilterChainProxy - Secured GET /api/member/event/9999
2026-03-09 19:48:01 - DEBUG - org.springframework.security.web.FilterChainProxy - Securing POST /api/login
2026-03-09 19:48:01 - DEBUG - org.springframework.security.web.authentication.AnonymousAuthenticationFilter - Set SecurityContextHolder to anonymous SecurityContext
2026-03-09 19:48:01 - DEBUG - org.springframework.security.web.FilterChainProxy - Secured POST /api/login
2026-03-09 19:48:01 - DEBUG - org.springframework.security.authentication.dao.DaoAuthenticationProvider - Authenticated user
2026-03-09 19:48:01 - DEBUG - org.springframework.security.web.FilterChainProxy - Securing POST /api/login
2026-03-09 19:48:01 - DEBUG - org.springframework.security.web.authentication.AnonymousAuthenticationFilter - Set SecurityContextHolder to anonymous SecurityContext
2026-03-09 19:48:01 - DEBUG - org.springframework.security.web.FilterChainProxy - Secured POST /api/login
2026-03-09 19:48:01 - DEBUG - org.springframework.security.authentication.dao.DaoAuthenticationProvider - Authenticated user
2026-03-09 19:48:01 - DEBUG - org.springframework.security.web.FilterChainProxy - Securing POST /api/admin/event
2026-03-09 19:48:01 - DEBUG - org.springframework.security.web.authentication.AnonymousAuthenticationFilter - Set SecurityContextHolder to anonymous SecurityContext
2026-03-09 19:48:02 - DEBUG - org.springframework.security.web.FilterChainProxy - Securing POST /api/login
2026-03-09 19:48:02 - DEBUG - org.springframework.security.web.authentication.AnonymousAuthenticationFilter - Set SecurityContextHolder to anonymous SecurityContext
2026-03-09 19:48:02 - DEBUG - org.springframework.security.web.FilterChainProxy - Secured POST /api/login
2026-03-09 19:48:02 - DEBUG - org.springframework.security.authentication.dao.DaoAuthenticationProvider - Authenticated user
2026-03-09 19:48:02 - DEBUG - org.springframework.security.web.FilterChainProxy - Securing POST /api/login
2026-03-09 19:48:02 - DEBUG - org.springframework.security.web.authentication.AnonymousAuthenticationFilter - Set SecurityContextHolder to anonymous SecurityContext
2026-03-09 19:48:02 - DEBUG - org.springframework.security.web.FilterChainProxy - Secured POST /api/login
2026-03-09 19:48:03 - DEBUG - org.springframework.security.authentication.dao.DaoAuthenticationProvider - Authenticated user
2026-03-09 19:48:03 - DEBUG - org.springframework.security.web.FilterChainProxy - Securing GET /api/member/event
2026-03-09 19:48:03 - DEBUG - org.springframework.security.web.FilterChainProxy - Secured GET /api/member/event
2026-03-09 19:48:03 - INFO - com.gotcha.gotcha_api.service.EventService - Getting events from DB: 1
2026-03-09 19:48:03 - DEBUG - org.springframework.security.web.FilterChainProxy - Securing POST /api/login
2026-03-09 19:48:03 - DEBUG - org.springframework.security.web.authentication.AnonymousAuthenticationFilter - Set SecurityContextHolder to anonymous SecurityContext
2026-03-09 19:48:03 - DEBUG - org.springframework.security.web.FilterChainProxy - Secured POST /api/login
2026-03-09 19:48:03 - DEBUG - org.springframework.security.authentication.dao.DaoAuthenticationProvider - Authenticated user
2026-03-09 19:48:03 - DEBUG - org.springframework.security.web.FilterChainProxy - Securing POST /api/login
2026-03-09 19:48:03 - DEBUG - org.springframework.security.web.authentication.AnonymousAuthenticationFilter - Set SecurityContextHolder to anonymous SecurityContext
2026-03-09 19:48:03 - DEBUG - org.springframework.security.web.FilterChainProxy - Secured POST /api/login
2026-03-09 19:48:04 - DEBUG - org.springframework.security.authentication.dao.DaoAuthenticationProvider - Authenticated user
2026-03-09 19:48:04 - DEBUG - org.springframework.security.web.FilterChainProxy - Securing DELETE /api/admin/event/21
2026-03-09 19:48:04 - DEBUG - org.springframework.security.web.access.AccessDeniedHandlerImpl - Responding with 403 status code
2026-03-09 19:48:04 - INFO - org.springframework.test.context.support.AnnotationConfigContextLoaderUtils - Could not detect default configuration classes for test class [com.gotcha.gotcha_api.controller.ProductControllerTest]: ProductControllerTest does not declare any static, non-private, non-final, nested classes annotated with @Configuration.
2026-03-09 19:48:04 - INFO - org.springframework.boot.test.context.SpringBootTestContextBootstrapper - Found @SpringBootConfiguration com.gotcha.gotcha_api.GotchaApiApplication for test class com.gotcha.gotcha_api.controller.ProductControllerTest
2026-03-09 19:48:04 - DEBUG - org.springframework.security.web.FilterChainProxy - Securing POST /api/login
2026-03-09 19:48:04 - DEBUG - org.springframework.security.web.authentication.AnonymousAuthenticationFilter - Set SecurityContextHolder to anonymous SecurityContext
2026-03-09 19:48:04 - DEBUG - org.springframework.security.web.FilterChainProxy - Secured POST /api/login
2026-03-09 19:48:04 - DEBUG - org.springframework.security.authentication.dao.DaoAuthenticationProvider - Authenticated user
2026-03-09 19:48:04 - DEBUG - org.springframework.security.web.FilterChainProxy - Securing POST /api/admin/product
2026-03-09 19:48:04 - DEBUG - org.springframework.security.web.FilterChainProxy - Secured POST /api/admin/product
2026-03-09 19:48:05 - DEBUG - org.springframework.security.web.FilterChainProxy - Securing POST /api/login
2026-03-09 19:48:05 - DEBUG - org.springframework.security.web.authentication.AnonymousAuthenticationFilter - Set SecurityContextHolder to anonymous SecurityContext
2026-03-09 19:48:05 - DEBUG - org.springframework.security.web.FilterChainProxy - Secured POST /api/login
2026-03-09 19:48:05 - DEBUG - org.springframework.security.authentication.dao.DaoAuthenticationProvider - Authenticated user
2026-03-09 19:48:05 - DEBUG - org.springframework.security.web.FilterChainProxy - Securing PUT /api/admin/product/18
2026-03-09 19:48:05 - DEBUG - org.springframework.security.web.FilterChainProxy - Secured PUT /api/admin/product/18
2026-03-09 19:48:05 - DEBUG - org.springframework.security.web.FilterChainProxy - Securing POST /api/login
2026-03-09 19:48:05 - DEBUG - org.springframework.security.web.authentication.AnonymousAuthenticationFilter - Set SecurityContextHolder to anonymous SecurityContext
2026-03-09 19:48:05 - DEBUG - org.springframework.security.web.FilterChainProxy - Secured POST /api/login
2026-03-09 19:48:05 - DEBUG - org.springframework.security.authentication.dao.DaoAuthenticationProvider - Authenticated user
2026-03-09 19:48:05 - DEBUG - org.springframework.security.web.FilterChainProxy - Securing GET /api/member/product
2026-03-09 19:48:05 - DEBUG - org.springframework.security.web.FilterChainProxy - Secured GET /api/member/product
2026-03-09 19:48:06 - DEBUG - org.springframework.security.web.FilterChainProxy - Securing POST /api/login
2026-03-09 19:48:06 - DEBUG - org.springframework.security.web.authentication.AnonymousAuthenticationFilter - Set SecurityContextHolder to anonymous SecurityContext
2026-03-09 19:48:06 - DEBUG - org.springframework.security.web.FilterChainProxy - Secured POST /api/login
2026-03-09 19:48:06 - DEBUG - org.springframework.security.authentication.dao.DaoAuthenticationProvider - Authenticated user
2026-03-09 19:48:06 - DEBUG - org.springframework.security.web.FilterChainProxy - Securing GET /api/member/product/20
2026-03-09 19:48:06 - DEBUG - org.springframework.security.web.FilterChainProxy - Secured GET /api/member/product/20
2026-03-09 19:48:06 - DEBUG - org.springframework.security.web.FilterChainProxy - Securing POST /api/login
2026-03-09 19:48:06 - DEBUG - org.springframework.security.web.authentication.AnonymousAuthenticationFilter - Set SecurityContextHolder to anonymous SecurityContext
2026-03-09 19:48:06 - DEBUG - org.springframework.security.web.FilterChainProxy - Secured POST /api/login
2026-03-09 19:48:07 - DEBUG - org.springframework.security.authentication.dao.DaoAuthenticationProvider - Authenticated user
2026-03-09 19:48:07 - DEBUG - org.springframework.security.web.FilterChainProxy - Securing DELETE /api/admin/product/21
2026-03-09 19:48:07 - DEBUG - org.springframework.security.web.FilterChainProxy - Secured DELETE /api/admin/product/21
2026-03-09 19:48:07 - INFO - org.springframework.test.context.support.AnnotationConfigContextLoaderUtils - Could not detect default configuration classes for test class [com.gotcha.gotcha_api.controller.SubscriptionControllerIntegrationTest]: SubscriptionControllerIntegrationTest does not declare any static, non-private, non-final, nested classes annotated with @Configuration.
2026-03-09 19:48:07 - INFO - org.springframework.boot.test.context.SpringBootTestContextBootstrapper - Found @SpringBootConfiguration com.gotcha.gotcha_api.GotchaApiApplication for test class com.gotcha.gotcha_api.controller.SubscriptionControllerIntegrationTest
2026-03-09 19:48:07 - INFO - com.gotcha.gotcha_api.controller.SubscriptionControllerIntegrationTest - Starting SubscriptionControllerIntegrationTest using Java 23.0.1 with PID 5160 (started by Maksym in G:\Work\gotcha-cafe\gotcha-api\gotcha-api)
2026-03-09 19:48:07 - DEBUG - com.gotcha.gotcha_api.controller.SubscriptionControllerIntegrationTest - Running with Spring Boot v4.0.2, Spring v7.0.3
2026-03-09 19:48:07 - INFO - com.gotcha.gotcha_api.controller.SubscriptionControllerIntegrationTest - The following 1 profile is active: "test"
2026-03-09 19:48:07 - INFO - org.springframework.data.repository.config.RepositoryConfigurationDelegate - Bootstrapping Spring Data JPA repositories in DEFAULT mode.
2026-03-09 19:48:07 - INFO - org.springframework.data.repository.config.RepositoryConfigurationDelegate - Finished Spring Data repository scanning in 14 ms. Found 6 JPA repository interfaces.
2026-03-09 19:48:07 - INFO - org.hibernate.orm.jpa - HHH008540: Processing PersistenceUnitInfo [name: default]
2026-03-09 19:48:07 - INFO - org.springframework.orm.jpa.persistenceunit.SpringPersistenceUnitInfo - No LoadTimeWeaver setup: ignoring JPA class transformer
2026-03-09 19:48:07 - INFO - com.zaxxer.hikari.HikariDataSource - HikariPool-3 - Starting...
2026-03-09 19:48:07 - INFO - com.zaxxer.hikari.pool.HikariPool - HikariPool-3 - Added connection conn20: url=jdbc:h2:mem:testdb user=POSTGRES
2026-03-09 19:48:07 - INFO - com.zaxxer.hikari.HikariDataSource - HikariPool-3 - Start completed.
2026-03-09 19:48:07 - INFO - org.hibernate.orm.connections.pooling - HHH10001005: Database info:
	Database JDBC URL [jdbc:h2:mem:testdb]
	Database driver: H2 JDBC Driver
	Database dialect: H2Dialect
	Database version: 2.4.240
	Default catalog/schema: testdb/public
	Autocommit mode: undefined/unknown
	Isolation level: READ_COMMITTED [default READ_COMMITTED]
	JDBC fetch size: 100
	Pool: DataSourceConnectionProvider
	Minimum pool size: undefined/unknown
	Maximum pool size: undefined/unknown
2026-03-09 19:48:07 - INFO - org.hibernate.orm.core - HHH000489: No JTA platform available (set 'hibernate.transaction.jta.platform' to enable JTA platform integration)
2026-03-09 19:48:07 - INFO - org.springframework.orm.jpa.LocalContainerEntityManagerFactoryBean - Initialized JPA EntityManagerFactory for persistence unit 'default'
2026-03-09 19:48:07 - INFO - com.gotcha.gotcha_api.service.JWTService - Generated key length: 256 bits
2026-03-09 19:48:07 - INFO - org.springframework.security.config.annotation.authentication.configuration.InitializeAuthenticationProviderBeanManagerConfigurer$InitializeAuthenticationProviderManagerConfigurer - Global AuthenticationManager configured with AuthenticationProvider bean with name authProvider
2026-03-09 19:48:07 - WARN - org.springframework.security.config.annotation.authentication.configuration.InitializeUserDetailsBeanManagerConfigurer$InitializeUserDetailsManagerConfigurer - Global AuthenticationManager configured with an AuthenticationProvider bean. UserDetailsService beans will not be used by Spring Security for automatically configuring username/password login. Consider removing the AuthenticationProvider bean. Alternatively, consider using the UserDetailsService in a manually instantiated DaoAuthenticationProvider. If the current configuration is intentional, to turn off this warning, increase the logging level of 'org.springframework.security.config.annotation.authentication.configuration.InitializeUserDetailsBeanManagerConfigurer' to ERROR
2026-03-09 19:48:07 - WARN - org.springframework.boot.jpa.autoconfigure.JpaBaseConfiguration$JpaWebConfiguration - spring.jpa.open-in-view is enabled by default. Therefore, database queries may be performed during view rendering. Explicitly configure spring.jpa.open-in-view to disable this warning
2026-03-09 19:48:07 - DEBUG - org.springframework.security.web.DefaultSecurityFilterChain - Will secure any request with filters: DisableEncodeUrlFilter, WebAsyncManagerIntegrationFilter, SecurityContextHolderFilter, HeaderWriterFilter, LogoutFilter, JWTFilter, RequestCacheAwareFilter, SecurityContextHolderAwareRequestFilter, AnonymousAuthenticationFilter, SessionManagementFilter, ExceptionTranslationFilter, AuthorizationFilter
2026-03-09 19:48:07 - DEBUG - com.gotcha.gotcha_api.securityConfig.JWTFilter - Filter 'JWTFilter' configured for use
2026-03-09 19:48:07 - INFO - org.springframework.boot.test.mock.web.SpringBootMockServletContext - Initializing Spring TestDispatcherServlet ''
2026-03-09 19:48:07 - INFO - org.springframework.test.web.servlet.TestDispatcherServlet - Initializing Servlet ''
2026-03-09 19:48:07 - INFO - org.springframework.test.web.servlet.TestDispatcherServlet - Completed initialization in 16 ms
2026-03-09 19:48:07 - INFO - com.gotcha.gotcha_api.controller.SubscriptionControllerIntegrationTest - Started SubscriptionControllerIntegrationTest in 0.709 seconds (process running for 86.331)
2026-03-09 19:48:08 - DEBUG - org.springframework.security.web.FilterChainProxy - Securing POST /api/login
2026-03-09 19:48:08 - DEBUG - org.springframework.security.web.authentication.AnonymousAuthenticationFilter - Set SecurityContextHolder to anonymous SecurityContext
2026-03-09 19:48:08 - DEBUG - org.springframework.security.web.FilterChainProxy - Secured POST /api/login
2026-03-09 19:48:08 - DEBUG - org.springframework.security.authentication.dao.DaoAuthenticationProvider - Authenticated user
2026-03-09 19:48:08 - DEBUG - org.springframework.security.web.FilterChainProxy - Securing POST /api/member/subscription
2026-03-09 19:48:08 - DEBUG - org.springframework.security.web.authentication.AnonymousAuthenticationFilter - Set SecurityContextHolder to anonymous SecurityContext
2026-03-09 19:48:09 - DEBUG - org.springframework.security.web.FilterChainProxy - Securing POST /api/login
2026-03-09 19:48:09 - DEBUG - org.springframework.security.web.authentication.AnonymousAuthenticationFilter - Set SecurityContextHolder to anonymous SecurityContext
2026-03-09 19:48:09 - DEBUG - org.springframework.security.web.FilterChainProxy - Secured POST /api/login
2026-03-09 19:48:09 - DEBUG - org.springframework.security.authentication.dao.DaoAuthenticationProvider - Authenticated user
2026-03-09 19:48:09 - DEBUG - org.springframework.security.web.FilterChainProxy - Securing POST /api/member/subscription
2026-03-09 19:48:09 - DEBUG - org.springframework.security.web.FilterChainProxy - Secured POST /api/member/subscription
2026-03-09 19:48:09 - DEBUG - org.springframework.security.web.FilterChainProxy - Securing POST /api/login
2026-03-09 19:48:09 - DEBUG - org.springframework.security.web.authentication.AnonymousAuthenticationFilter - Set SecurityContextHolder to anonymous SecurityContext
2026-03-09 19:48:09 - DEBUG - org.springframework.security.web.FilterChainProxy - Secured POST /api/login
2026-03-09 19:48:09 - DEBUG - org.springframework.security.authentication.dao.DaoAuthenticationProvider - Authenticated user
2026-03-09 19:48:09 - DEBUG - org.springframework.security.web.FilterChainProxy - Securing POST /api/member/subscription
2026-03-09 19:48:09 - DEBUG - org.springframework.security.web.FilterChainProxy - Secured POST /api/member/subscription
2026-03-09 19:48:10 - DEBUG - org.springframework.security.web.FilterChainProxy - Securing POST /api/login
2026-03-09 19:48:10 - DEBUG - org.springframework.security.web.authentication.AnonymousAuthenticationFilter - Set SecurityContextHolder to anonymous SecurityContext
2026-03-09 19:48:10 - DEBUG - org.springframework.security.web.FilterChainProxy - Secured POST /api/login
2026-03-09 19:48:10 - DEBUG - org.springframework.security.authentication.dao.DaoAuthenticationProvider - Authenticated user
2026-03-09 19:48:10 - DEBUG - org.springframework.security.web.FilterChainProxy - Securing DELETE /api/member/subscription
2026-03-09 19:48:10 - DEBUG - org.springframework.security.web.authentication.AnonymousAuthenticationFilter - Set SecurityContextHolder to anonymous SecurityContext
2026-03-09 19:48:10 - DEBUG - org.springframework.security.web.FilterChainProxy - Securing POST /api/login
2026-03-09 19:48:10 - DEBUG - org.springframework.security.web.authentication.AnonymousAuthenticationFilter - Set SecurityContextHolder to anonymous SecurityContext
2026-03-09 19:48:10 - DEBUG - org.springframework.security.web.FilterChainProxy - Secured POST /api/login
2026-03-09 19:48:10 - DEBUG - org.springframework.security.authentication.dao.DaoAuthenticationProvider - Authenticated user
2026-03-09 19:48:10 - DEBUG - org.springframework.security.web.FilterChainProxy - Securing DELETE /api/member/subscription
2026-03-09 19:48:10 - DEBUG - org.springframework.security.web.FilterChainProxy - Secured DELETE /api/member/subscription
2026-03-09 19:48:10 - INFO - org.springframework.test.context.support.AnnotationConfigContextLoaderUtils - Could not detect default configuration classes for test class [com.gotcha.gotcha_api.controller.ProfileIntegrationTest]: ProfileIntegrationTest does not declare any static, non-private, non-final, nested classes annotated with @Configuration.
2026-03-09 19:48:10 - INFO - org.springframework.boot.test.context.SpringBootTestContextBootstrapper - Found @SpringBootConfiguration com.gotcha.gotcha_api.GotchaApiApplication for test class com.gotcha.gotcha_api.controller.ProfileIntegrationTest
2026-03-09 19:48:11 - DEBUG - org.springframework.security.web.FilterChainProxy - Securing POST /api/login
2026-03-09 19:48:11 - DEBUG - org.springframework.security.web.authentication.AnonymousAuthenticationFilter - Set SecurityContextHolder to anonymous SecurityContext
2026-03-09 19:48:11 - DEBUG - org.springframework.security.web.FilterChainProxy - Secured POST /api/login
2026-03-09 19:48:11 - DEBUG - org.springframework.security.authentication.dao.DaoAuthenticationProvider - Authenticated user
2026-03-09 19:48:11 - DEBUG - org.springframework.security.web.FilterChainProxy - Securing PUT /api/member/profile
2026-03-09 19:48:11 - DEBUG - org.springframework.security.web.FilterChainProxy - Secured PUT /api/member/profile
2026-03-09 19:48:11 - DEBUG - org.springframework.security.web.FilterChainProxy - Securing POST /api/login
2026-03-09 19:48:11 - DEBUG - org.springframework.security.web.authentication.AnonymousAuthenticationFilter - Set SecurityContextHolder to anonymous SecurityContext
2026-03-09 19:48:11 - DEBUG - org.springframework.security.web.FilterChainProxy - Secured POST /api/login
2026-03-09 19:48:12 - DEBUG - org.springframework.security.authentication.dao.DaoAuthenticationProvider - Authenticated user
2026-03-09 19:48:12 - DEBUG - org.springframework.security.web.FilterChainProxy - Securing PUT /api/member/profile
2026-03-09 19:48:12 - DEBUG - org.springframework.security.web.FilterChainProxy - Secured PUT /api/member/profile
2026-03-09 19:48:12 - DEBUG - org.springframework.security.web.FilterChainProxy - Securing POST /api/login
2026-03-09 19:48:12 - DEBUG - org.springframework.security.web.authentication.AnonymousAuthenticationFilter - Set SecurityContextHolder to anonymous SecurityContext
2026-03-09 19:48:12 - DEBUG - org.springframework.security.web.FilterChainProxy - Secured POST /api/login
2026-03-09 19:48:12 - DEBUG - org.springframework.security.authentication.dao.DaoAuthenticationProvider - Authenticated user
2026-03-09 19:48:12 - DEBUG - org.springframework.security.web.FilterChainProxy - Securing PUT /api/member/profile
2026-03-09 19:48:12 - DEBUG - org.springframework.security.web.authentication.AnonymousAuthenticationFilter - Set SecurityContextHolder to anonymous SecurityContext
2026-03-09 19:48:12 - DEBUG - org.springframework.security.web.FilterChainProxy - Securing POST /api/login
2026-03-09 19:48:12 - DEBUG - org.springframework.security.web.authentication.AnonymousAuthenticationFilter - Set SecurityContextHolder to anonymous SecurityContext
2026-03-09 19:48:12 - DEBUG - org.springframework.security.web.FilterChainProxy - Secured POST /api/login
2026-03-09 19:48:13 - DEBUG - org.springframework.security.authentication.dao.DaoAuthenticationProvider - Authenticated user
2026-03-09 19:48:13 - DEBUG - org.springframework.security.web.FilterChainProxy - Securing PUT /api/member/profile
2026-03-09 19:48:13 - DEBUG - org.springframework.security.web.FilterChainProxy - Secured PUT /api/member/profile
2026-03-09 19:48:13 - INFO - org.springframework.test.context.support.AnnotationConfigContextLoaderUtils - Could not detect default configuration classes for test class [com.gotcha.gotcha_api.controller.WebhookControllerIntegrationTest]: WebhookControllerIntegrationTest does not declare any static, non-private, non-final, nested classes annotated with @Configuration.
2026-03-09 19:48:13 - INFO - org.springframework.boot.test.context.SpringBootTestContextBootstrapper - Found @SpringBootConfiguration com.gotcha.gotcha_api.GotchaApiApplication for test class com.gotcha.gotcha_api.controller.WebhookControllerIntegrationTest
2026-03-09 19:48:13 - DEBUG - org.springframework.security.web.FilterChainProxy - Securing POST /api/webhook/stripe
2026-03-09 19:48:13 - DEBUG - org.springframework.security.web.authentication.AnonymousAuthenticationFilter - Set SecurityContextHolder to anonymous SecurityContext
2026-03-09 19:48:13 - DEBUG - org.springframework.security.web.FilterChainProxy - Secured POST /api/webhook/stripe
2026-03-09 19:48:13 - WARN - org.springframework.web.servlet.mvc.support.DefaultHandlerExceptionResolver - Resolved [org.springframework.web.bind.MissingRequestHeaderException: Required request header 'Stripe-Signature' for method parameter type String is not present]
2026-03-09 19:48:13 - DEBUG - org.springframework.security.web.FilterChainProxy - Securing POST /api/webhook/stripe
2026-03-09 19:48:13 - DEBUG - org.springframework.security.web.authentication.AnonymousAuthenticationFilter - Set SecurityContextHolder to anonymous SecurityContext
2026-03-09 19:48:13 - DEBUG - org.springframework.security.web.FilterChainProxy - Secured POST /api/webhook/stripe
2026-03-09 19:48:13 - INFO - com.gotcha.gotcha_api.controller.WebhookController - Received Stripe webhook event: type=invoice_payment.paid, id=evt_test_123
2026-03-09 19:48:13 - INFO - com.gotcha.gotcha_api.controller.WebhookController - invoice.paid: activating subscription for customer=cus_test_123
2026-03-09 19:48:14 - DEBUG - org.springframework.security.web.FilterChainProxy - Securing POST /api/webhook/stripe
2026-03-09 19:48:14 - DEBUG - org.springframework.security.web.authentication.AnonymousAuthenticationFilter - Set SecurityContextHolder to anonymous SecurityContext
2026-03-09 19:48:14 - DEBUG - org.springframework.security.web.FilterChainProxy - Secured POST /api/webhook/stripe
2026-03-09 19:48:14 - ERROR - com.gotcha.gotcha_api.controller.WebhookController - Webhook signature verification failed: Invalid signature
2026-03-09 19:48:14 - DEBUG - org.springframework.security.web.FilterChainProxy - Securing POST /api/webhook/stripe
2026-03-09 19:48:14 - DEBUG - org.springframework.security.web.authentication.AnonymousAuthenticationFilter - Set SecurityContextHolder to anonymous SecurityContext
2026-03-09 19:48:14 - DEBUG - org.springframework.security.web.FilterChainProxy - Secured POST /api/webhook/stripe
2026-03-09 19:48:14 - INFO - com.gotcha.gotcha_api.controller.WebhookController - Received Stripe webhook event: type=invoice_payment.paid, id=evt_test_123
2026-03-09 19:48:14 - INFO - com.gotcha.gotcha_api.controller.WebhookController - invoice.paid: activating subscription for customer=cus_unknown_999
2026-03-09 19:48:14 - DEBUG - org.springframework.security.web.FilterChainProxy - Securing POST /api/webhook/stripe
2026-03-09 19:48:14 - DEBUG - org.springframework.security.web.authentication.AnonymousAuthenticationFilter - Set SecurityContextHolder to anonymous SecurityContext
2026-03-09 19:48:14 - DEBUG - org.springframework.security.web.FilterChainProxy - Secured POST /api/webhook/stripe
2026-03-09 19:48:14 - INFO - com.gotcha.gotcha_api.controller.WebhookController - Received Stripe webhook event: type=invoice_payment.failed, id=evt_test_123
2026-03-09 19:48:14 - INFO - com.gotcha.gotcha_api.controller.WebhookController - invoice.payment_failed: deactivating subscription for customer=cus_test_123
2026-03-09 19:48:15 - DEBUG - org.springframework.security.web.FilterChainProxy - Securing POST /api/webhook/stripe
2026-03-09 19:48:15 - DEBUG - org.springframework.security.web.authentication.AnonymousAuthenticationFilter - Set SecurityContextHolder to anonymous SecurityContext
2026-03-09 19:48:15 - DEBUG - org.springframework.security.web.FilterChainProxy - Secured POST /api/webhook/stripe
2026-03-09 19:48:15 - INFO - com.gotcha.gotcha_api.controller.WebhookController - Received Stripe webhook event: type=customer.subscription.deleted, id=evt_test_123
2026-03-09 19:48:15 - INFO - com.gotcha.gotcha_api.controller.WebhookController - subscription.deleted: deactivating subscription for customer=cus_test_123
2026-03-09 19:48:15 - INFO - org.springframework.orm.jpa.LocalContainerEntityManagerFactoryBean - Closing JPA EntityManagerFactory for persistence unit 'default'
2026-03-09 19:48:15 - INFO - com.zaxxer.hikari.HikariDataSource - HikariPool-1 - Shutdown initiated...
2026-03-09 19:48:15 - INFO - com.zaxxer.hikari.HikariDataSource - HikariPool-1 - Shutdown completed.
2026-03-09 19:48:15 - INFO - org.springframework.orm.jpa.LocalContainerEntityManagerFactoryBean - Closing JPA EntityManagerFactory for persistence unit 'default'
2026-03-09 19:48:15 - INFO - com.zaxxer.hikari.HikariDataSource - HikariPool-2 - Shutdown initiated...
2026-03-09 19:48:15 - INFO - com.zaxxer.hikari.HikariDataSource - HikariPool-2 - Shutdown completed.
2026-03-09 19:48:15 - INFO - org.springframework.orm.jpa.LocalContainerEntityManagerFactoryBean - Closing JPA EntityManagerFactory for persistence unit 'default'
2026-03-09 19:48:15 - INFO - com.zaxxer.hikari.HikariDataSource - HikariPool-3 - Shutdown initiated...
2026-03-09 19:48:15 - INFO - com.zaxxer.hikari.HikariDataSource - HikariPool-3 - Shutdown completed.
2026-03-09 19:51:06 - INFO - com.gotcha.gotcha_api.controller.AuthControllerIntegrationTest - Starting AuthControllerIntegrationTest using Java 23.0.1 with PID 21988 (started by Maksym in G:\Work\gotcha-cafe\gotcha-api\gotcha-api)
2026-03-09 19:51:06 - DEBUG - com.gotcha.gotcha_api.controller.AuthControllerIntegrationTest - Running with Spring Boot v4.0.2, Spring v7.0.3
2026-03-09 19:51:06 - INFO - com.gotcha.gotcha_api.controller.AuthControllerIntegrationTest - The following 1 profile is active: "test"
2026-03-09 19:51:07 - INFO - org.springframework.data.repository.config.RepositoryConfigurationDelegate - Bootstrapping Spring Data JPA repositories in DEFAULT mode.
2026-03-09 19:51:07 - INFO - org.springframework.data.repository.config.RepositoryConfigurationDelegate - Finished Spring Data repository scanning in 45 ms. Found 6 JPA repository interfaces.
2026-03-09 19:51:08 - INFO - org.hibernate.orm.jpa - HHH008540: Processing PersistenceUnitInfo [name: default]
2026-03-09 19:51:08 - INFO - org.hibernate.orm.core - HHH000001: Hibernate ORM core version 7.2.1.Final
2026-03-09 19:51:08 - INFO - org.springframework.orm.jpa.persistenceunit.SpringPersistenceUnitInfo - No LoadTimeWeaver setup: ignoring JPA class transformer
2026-03-09 19:51:08 - INFO - com.zaxxer.hikari.HikariDataSource - HikariPool-1 - Starting...
2026-03-09 19:51:08 - INFO - com.zaxxer.hikari.pool.HikariPool - HikariPool-1 - Added connection conn0: url=jdbc:h2:mem:testdb user=POSTGRES
2026-03-09 19:51:08 - INFO - com.zaxxer.hikari.HikariDataSource - HikariPool-1 - Start completed.
2026-03-09 19:51:08 - INFO - org.hibernate.orm.connections.pooling - HHH10001005: Database info:
	Database JDBC URL [jdbc:h2:mem:testdb]
	Database driver: H2 JDBC Driver
	Database dialect: H2Dialect
	Database version: 2.4.240
	Default catalog/schema: testdb/public
	Autocommit mode: undefined/unknown
	Isolation level: READ_COMMITTED [default READ_COMMITTED]
	JDBC fetch size: 100
	Pool: DataSourceConnectionProvider
	Minimum pool size: undefined/unknown
	Maximum pool size: undefined/unknown
2026-03-09 19:51:09 - INFO - org.hibernate.orm.core - HHH000489: No JTA platform available (set 'hibernate.transaction.jta.platform' to enable JTA platform integration)
2026-03-09 19:51:10 - INFO - org.springframework.orm.jpa.LocalContainerEntityManagerFactoryBean - Initialized JPA EntityManagerFactory for persistence unit 'default'
2026-03-09 19:51:10 - INFO - org.springframework.data.jpa.repository.query.QueryEnhancerFactories - Hibernate is in classpath; If applicable, HQL parser will be used.
2026-03-09 19:51:10 - INFO - com.gotcha.gotcha_api.service.JWTService - Generated key length: 256 bits
2026-03-09 19:51:10 - INFO - org.springframework.security.config.annotation.authentication.configuration.InitializeAuthenticationProviderBeanManagerConfigurer$InitializeAuthenticationProviderManagerConfigurer - Global AuthenticationManager configured with AuthenticationProvider bean with name authProvider
2026-03-09 19:51:10 - WARN - org.springframework.security.config.annotation.authentication.configuration.InitializeUserDetailsBeanManagerConfigurer$InitializeUserDetailsManagerConfigurer - Global AuthenticationManager configured with an AuthenticationProvider bean. UserDetailsService beans will not be used by Spring Security for automatically configuring username/password login. Consider removing the AuthenticationProvider bean. Alternatively, consider using the UserDetailsService in a manually instantiated DaoAuthenticationProvider. If the current configuration is intentional, to turn off this warning, increase the logging level of 'org.springframework.security.config.annotation.authentication.configuration.InitializeUserDetailsBeanManagerConfigurer' to ERROR
2026-03-09 19:51:11 - WARN - org.springframework.boot.jpa.autoconfigure.JpaBaseConfiguration$JpaWebConfiguration - spring.jpa.open-in-view is enabled by default. Therefore, database queries may be performed during view rendering. Explicitly configure spring.jpa.open-in-view to disable this warning
2026-03-09 19:51:11 - DEBUG - org.springframework.security.web.DefaultSecurityFilterChain - Will secure any request with filters: DisableEncodeUrlFilter, WebAsyncManagerIntegrationFilter, SecurityContextHolderFilter, HeaderWriterFilter, LogoutFilter, JWTFilter, RequestCacheAwareFilter, SecurityContextHolderAwareRequestFilter, AnonymousAuthenticationFilter, SessionManagementFilter, ExceptionTranslationFilter, AuthorizationFilter
2026-03-09 19:51:12 - DEBUG - com.gotcha.gotcha_api.securityConfig.JWTFilter - Filter 'JWTFilter' configured for use
2026-03-09 19:51:12 - INFO - org.springframework.boot.test.mock.web.SpringBootMockServletContext - Initializing Spring TestDispatcherServlet ''
2026-03-09 19:51:12 - INFO - org.springframework.test.web.servlet.TestDispatcherServlet - Initializing Servlet ''
2026-03-09 19:51:12 - INFO - org.springframework.test.web.servlet.TestDispatcherServlet - Completed initialization in 16 ms
2026-03-09 19:51:12 - INFO - com.gotcha.gotcha_api.controller.AuthControllerIntegrationTest - Started AuthControllerIntegrationTest in 5.864 seconds (process running for 7.403)
2026-03-09 19:51:13 - DEBUG - org.springframework.security.web.FilterChainProxy - Securing POST /api/register
2026-03-09 19:51:13 - DEBUG - org.springframework.security.web.authentication.AnonymousAuthenticationFilter - Set SecurityContextHolder to anonymous SecurityContext
2026-03-09 19:51:13 - DEBUG - org.springframework.security.web.FilterChainProxy - Secured POST /api/register
2026-03-09 19:51:14 - DEBUG - org.springframework.security.web.FilterChainProxy - Securing POST /api/register
2026-03-09 19:51:14 - DEBUG - org.springframework.security.web.authentication.AnonymousAuthenticationFilter - Set SecurityContextHolder to anonymous SecurityContext
2026-03-09 19:51:14 - DEBUG - org.springframework.security.web.FilterChainProxy - Secured POST /api/register
2026-03-09 19:51:14 - DEBUG - org.springframework.security.web.FilterChainProxy - Securing POST /api/login
2026-03-09 19:51:14 - DEBUG - org.springframework.security.web.authentication.AnonymousAuthenticationFilter - Set SecurityContextHolder to anonymous SecurityContext
2026-03-09 19:51:14 - DEBUG - org.springframework.security.web.FilterChainProxy - Secured POST /api/login
2026-03-09 19:51:15 - DEBUG - org.springframework.security.authentication.dao.DaoAuthenticationProvider - Authenticated user
2026-03-09 19:51:15 - DEBUG - org.springframework.security.web.FilterChainProxy - Securing POST /api/register
2026-03-09 19:51:15 - DEBUG - org.springframework.security.web.authentication.AnonymousAuthenticationFilter - Set SecurityContextHolder to anonymous SecurityContext
2026-03-09 19:51:15 - DEBUG - org.springframework.security.web.FilterChainProxy - Secured POST /api/register
2026-03-09 19:51:15 - DEBUG - org.springframework.security.web.FilterChainProxy - Securing POST /api/login
2026-03-09 19:51:15 - DEBUG - org.springframework.security.web.authentication.AnonymousAuthenticationFilter - Set SecurityContextHolder to anonymous SecurityContext
2026-03-09 19:51:15 - DEBUG - org.springframework.security.web.FilterChainProxy - Secured POST /api/login
2026-03-09 19:51:15 - DEBUG - org.springframework.security.authentication.dao.DaoAuthenticationProvider - Failed to authenticate since password does not match stored value
2026-03-09 19:51:15 - DEBUG - org.springframework.security.authentication.ProviderManager - Authentication failed with provider DaoAuthenticationProvider since Bad credentials
2026-03-09 19:51:15 - DEBUG - org.springframework.security.web.FilterChainProxy - Securing POST /api/login
2026-03-09 19:51:15 - DEBUG - org.springframework.security.web.authentication.AnonymousAuthenticationFilter - Set SecurityContextHolder to anonymous SecurityContext
2026-03-09 19:51:15 - DEBUG - org.springframework.security.web.FilterChainProxy - Secured POST /api/login
2026-03-09 19:51:15 - DEBUG - org.springframework.security.authentication.dao.DaoAuthenticationProvider - Failed to find user 'nonexistent@example.com'
2026-03-09 19:51:15 - DEBUG - org.springframework.security.authentication.ProviderManager - Authentication failed with provider DaoAuthenticationProvider since Bad credentials
2026-03-09 19:51:15 - DEBUG - org.springframework.security.web.FilterChainProxy - Securing POST /api/register
2026-03-09 19:51:15 - DEBUG - org.springframework.security.web.authentication.AnonymousAuthenticationFilter - Set SecurityContextHolder to anonymous SecurityContext
2026-03-09 19:51:15 - DEBUG - org.springframework.security.web.FilterChainProxy - Secured POST /api/register
2026-03-09 19:51:16 - DEBUG - org.springframework.security.web.FilterChainProxy - Securing POST /api/register
2026-03-09 19:51:16 - DEBUG - org.springframework.security.web.authentication.AnonymousAuthenticationFilter - Set SecurityContextHolder to anonymous SecurityContext
2026-03-09 19:51:16 - DEBUG - org.springframework.security.web.FilterChainProxy - Secured POST /api/register
2026-03-09 19:51:16 - INFO - org.springframework.test.context.support.AnnotationConfigContextLoaderUtils - Could not detect default configuration classes for test class [com.gotcha.gotcha_api.controller.StaticContentControllerIntegrationTest]: StaticContentControllerIntegrationTest does not declare any static, non-private, non-final, nested classes annotated with @Configuration.
2026-03-09 19:51:16 - INFO - org.springframework.boot.test.context.SpringBootTestContextBootstrapper - Found @SpringBootConfiguration com.gotcha.gotcha_api.GotchaApiApplication for test class com.gotcha.gotcha_api.controller.StaticContentControllerIntegrationTest
2026-03-09 19:51:16 - INFO - com.gotcha.gotcha_api.controller.StaticContentControllerIntegrationTest - Starting StaticContentControllerIntegrationTest using Java 23.0.1 with PID 21988 (started by Maksym in G:\Work\gotcha-cafe\gotcha-api\gotcha-api)
2026-03-09 19:51:16 - DEBUG - com.gotcha.gotcha_api.controller.StaticContentControllerIntegrationTest - Running with Spring Boot v4.0.2, Spring v7.0.3
2026-03-09 19:51:16 - INFO - com.gotcha.gotcha_api.controller.StaticContentControllerIntegrationTest - The following 1 profile is active: "test"
2026-03-09 19:51:16 - INFO - org.springframework.data.repository.config.RepositoryConfigurationDelegate - Bootstrapping Spring Data JPA repositories in DEFAULT mode.
2026-03-09 19:51:16 - INFO - org.springframework.data.repository.config.RepositoryConfigurationDelegate - Finished Spring Data repository scanning in 17 ms. Found 6 JPA repository interfaces.
2026-03-09 19:51:16 - INFO - org.springframework.orm.jpa.LocalContainerEntityManagerFactoryBean - Closing JPA EntityManagerFactory for persistence unit 'default'
2026-03-09 19:51:16 - INFO - com.zaxxer.hikari.HikariDataSource - HikariPool-1 - Shutdown initiated...
2026-03-09 19:51:16 - INFO - com.zaxxer.hikari.HikariDataSource - HikariPool-1 - Shutdown completed.
2026-03-09 19:51:16 - INFO - org.hibernate.orm.jpa - HHH008540: Processing PersistenceUnitInfo [name: default]
2026-03-09 19:51:16 - INFO - org.springframework.orm.jpa.persistenceunit.SpringPersistenceUnitInfo - No LoadTimeWeaver setup: ignoring JPA class transformer
2026-03-09 19:51:16 - INFO - com.zaxxer.hikari.HikariDataSource - HikariPool-2 - Starting...
2026-03-09 19:51:16 - INFO - com.zaxxer.hikari.pool.HikariPool - HikariPool-2 - Added connection conn10: url=jdbc:h2:mem:testdb user=POSTGRES
2026-03-09 19:51:16 - INFO - com.zaxxer.hikari.HikariDataSource - HikariPool-2 - Start completed.
2026-03-09 19:51:16 - INFO - org.hibernate.orm.connections.pooling - HHH10001005: Database info:
	Database JDBC URL [jdbc:h2:mem:testdb]
	Database driver: H2 JDBC Driver
	Database dialect: H2Dialect
	Database version: 2.4.240
	Default catalog/schema: testdb/public
	Autocommit mode: undefined/unknown
	Isolation level: READ_COMMITTED [default READ_COMMITTED]
	JDBC fetch size: 100
	Pool: DataSourceConnectionProvider
	Minimum pool size: undefined/unknown
	Maximum pool size: undefined/unknown
2026-03-09 19:51:16 - INFO - org.hibernate.orm.core - HHH000489: No JTA platform available (set 'hibernate.transaction.jta.platform' to enable JTA platform integration)
2026-03-09 19:51:17 - INFO - org.springframework.orm.jpa.LocalContainerEntityManagerFactoryBean - Initialized JPA EntityManagerFactory for persistence unit 'default'
2026-03-09 19:51:17 - INFO - com.gotcha.gotcha_api.service.JWTService - Generated key length: 256 bits
2026-03-09 19:51:17 - INFO - org.springframework.security.config.annotation.authentication.configuration.InitializeAuthenticationProviderBeanManagerConfigurer$InitializeAuthenticationProviderManagerConfigurer - Global AuthenticationManager configured with AuthenticationProvider bean with name authProvider
2026-03-09 19:51:17 - WARN - org.springframework.security.config.annotation.authentication.configuration.InitializeUserDetailsBeanManagerConfigurer$InitializeUserDetailsManagerConfigurer - Global AuthenticationManager configured with an AuthenticationProvider bean. UserDetailsService beans will not be used by Spring Security for automatically configuring username/password login. Consider removing the AuthenticationProvider bean. Alternatively, consider using the UserDetailsService in a manually instantiated DaoAuthenticationProvider. If the current configuration is intentional, to turn off this warning, increase the logging level of 'org.springframework.security.config.annotation.authentication.configuration.InitializeUserDetailsBeanManagerConfigurer' to ERROR
2026-03-09 19:51:17 - WARN - org.springframework.boot.jpa.autoconfigure.JpaBaseConfiguration$JpaWebConfiguration - spring.jpa.open-in-view is enabled by default. Therefore, database queries may be performed during view rendering. Explicitly configure spring.jpa.open-in-view to disable this warning
2026-03-09 19:51:17 - DEBUG - org.springframework.security.web.DefaultSecurityFilterChain - Will secure any request with filters: DisableEncodeUrlFilter, WebAsyncManagerIntegrationFilter, SecurityContextHolderFilter, HeaderWriterFilter, LogoutFilter, JWTFilter, RequestCacheAwareFilter, SecurityContextHolderAwareRequestFilter, AnonymousAuthenticationFilter, SessionManagementFilter, ExceptionTranslationFilter, AuthorizationFilter
2026-03-09 19:51:17 - DEBUG - com.gotcha.gotcha_api.securityConfig.JWTFilter - Filter 'JWTFilter' configured for use
2026-03-09 19:51:17 - INFO - org.springframework.boot.test.mock.web.SpringBootMockServletContext - Initializing Spring TestDispatcherServlet ''
2026-03-09 19:51:17 - INFO - org.springframework.test.web.servlet.TestDispatcherServlet - Initializing Servlet ''
2026-03-09 19:51:17 - INFO - org.springframework.test.web.servlet.TestDispatcherServlet - Completed initialization in 0 ms
2026-03-09 19:51:17 - INFO - com.gotcha.gotcha_api.controller.StaticContentControllerIntegrationTest - Started StaticContentControllerIntegrationTest in 1.667 seconds (process running for 12.786)
2026-03-09 19:51:17 - INFO - org.springframework.orm.jpa.LocalContainerEntityManagerFactoryBean - Closing JPA EntityManagerFactory for persistence unit 'default'
2026-03-09 19:51:17 - INFO - com.zaxxer.hikari.HikariDataSource - HikariPool-2 - Shutdown initiated...
2026-03-09 19:51:17 - INFO - com.zaxxer.hikari.HikariDataSource - HikariPool-2 - Shutdown completed.
2026-03-09 19:51:26 - INFO - com.gotcha.gotcha_api.controller.EventRSVPControllerIntegrationTest - Starting EventRSVPControllerIntegrationTest using Java 23.0.1 with PID 13244 (started by Maksym in G:\Work\gotcha-cafe\gotcha-api\gotcha-api)
2026-03-09 19:51:26 - DEBUG - com.gotcha.gotcha_api.controller.EventRSVPControllerIntegrationTest - Running with Spring Boot v4.0.2, Spring v7.0.3
2026-03-09 19:51:26 - INFO - com.gotcha.gotcha_api.controller.EventRSVPControllerIntegrationTest - The following 1 profile is active: "test"
2026-03-09 19:51:28 - INFO - org.springframework.data.repository.config.RepositoryConfigurationDelegate - Bootstrapping Spring Data JPA repositories in DEFAULT mode.
2026-03-09 19:51:28 - INFO - org.springframework.data.repository.config.RepositoryConfigurationDelegate - Finished Spring Data repository scanning in 83 ms. Found 6 JPA repository interfaces.
2026-03-09 19:51:28 - INFO - org.hibernate.orm.jpa - HHH008540: Processing PersistenceUnitInfo [name: default]
2026-03-09 19:51:29 - INFO - org.hibernate.orm.core - HHH000001: Hibernate ORM core version 7.2.1.Final
2026-03-09 19:51:30 - INFO - org.springframework.orm.jpa.persistenceunit.SpringPersistenceUnitInfo - No LoadTimeWeaver setup: ignoring JPA class transformer
2026-03-09 19:51:30 - INFO - com.zaxxer.hikari.HikariDataSource - HikariPool-1 - Starting...
2026-03-09 19:51:30 - INFO - com.zaxxer.hikari.pool.HikariPool - HikariPool-1 - Added connection conn0: url=jdbc:h2:mem:testdb user=POSTGRES
2026-03-09 19:51:30 - INFO - com.zaxxer.hikari.HikariDataSource - HikariPool-1 - Start completed.
2026-03-09 19:51:30 - INFO - org.hibernate.orm.connections.pooling - HHH10001005: Database info:
	Database JDBC URL [jdbc:h2:mem:testdb]
	Database driver: H2 JDBC Driver
	Database dialect: H2Dialect
	Database version: 2.4.240
	Default catalog/schema: testdb/public
	Autocommit mode: undefined/unknown
	Isolation level: READ_COMMITTED [default READ_COMMITTED]
	JDBC fetch size: 100
	Pool: DataSourceConnectionProvider
	Minimum pool size: undefined/unknown
	Maximum pool size: undefined/unknown
2026-03-09 19:51:31 - INFO - org.hibernate.orm.core - HHH000489: No JTA platform available (set 'hibernate.transaction.jta.platform' to enable JTA platform integration)
2026-03-09 19:51:31 - INFO - org.springframework.orm.jpa.LocalContainerEntityManagerFactoryBean - Initialized JPA EntityManagerFactory for persistence unit 'default'
2026-03-09 19:51:32 - INFO - org.springframework.data.jpa.repository.query.QueryEnhancerFactories - Hibernate is in classpath; If applicable, HQL parser will be used.
2026-03-09 19:51:32 - INFO - com.gotcha.gotcha_api.service.JWTService - Generated key length: 256 bits
2026-03-09 19:51:32 - INFO - org.springframework.security.config.annotation.authentication.configuration.InitializeAuthenticationProviderBeanManagerConfigurer$InitializeAuthenticationProviderManagerConfigurer - Global AuthenticationManager configured with AuthenticationProvider bean with name authProvider
2026-03-09 19:51:32 - WARN - org.springframework.security.config.annotation.authentication.configuration.InitializeUserDetailsBeanManagerConfigurer$InitializeUserDetailsManagerConfigurer - Global AuthenticationManager configured with an AuthenticationProvider bean. UserDetailsService beans will not be used by Spring Security for automatically configuring username/password login. Consider removing the AuthenticationProvider bean. Alternatively, consider using the UserDetailsService in a manually instantiated DaoAuthenticationProvider. If the current configuration is intentional, to turn off this warning, increase the logging level of 'org.springframework.security.config.annotation.authentication.configuration.InitializeUserDetailsBeanManagerConfigurer' to ERROR
2026-03-09 19:51:33 - WARN - org.springframework.boot.jpa.autoconfigure.JpaBaseConfiguration$JpaWebConfiguration - spring.jpa.open-in-view is enabled by default. Therefore, database queries may be performed during view rendering. Explicitly configure spring.jpa.open-in-view to disable this warning
2026-03-09 19:51:33 - DEBUG - org.springframework.security.web.DefaultSecurityFilterChain - Will secure any request with filters: DisableEncodeUrlFilter, WebAsyncManagerIntegrationFilter, SecurityContextHolderFilter, HeaderWriterFilter, LogoutFilter, JWTFilter, RequestCacheAwareFilter, SecurityContextHolderAwareRequestFilter, AnonymousAuthenticationFilter, SessionManagementFilter, ExceptionTranslationFilter, AuthorizationFilter
2026-03-09 19:51:34 - DEBUG - com.gotcha.gotcha_api.securityConfig.JWTFilter - Filter 'JWTFilter' configured for use
2026-03-09 19:51:34 - INFO - org.springframework.boot.test.mock.web.SpringBootMockServletContext - Initializing Spring TestDispatcherServlet ''
2026-03-09 19:51:34 - INFO - org.springframework.test.web.servlet.TestDispatcherServlet - Initializing Servlet ''
2026-03-09 19:51:34 - INFO - org.springframework.test.web.servlet.TestDispatcherServlet - Completed initialization in 0 ms
2026-03-09 19:51:34 - INFO - com.gotcha.gotcha_api.controller.EventRSVPControllerIntegrationTest - Started EventRSVPControllerIntegrationTest in 8.102 seconds (process running for 9.833)
2026-03-09 19:51:35 - DEBUG - org.springframework.security.web.FilterChainProxy - Securing POST /api/login
2026-03-09 19:51:35 - DEBUG - org.springframework.security.web.authentication.AnonymousAuthenticationFilter - Set SecurityContextHolder to anonymous SecurityContext
2026-03-09 19:51:35 - DEBUG - org.springframework.security.web.FilterChainProxy - Secured POST /api/login
2026-03-09 19:51:36 - DEBUG - org.springframework.security.authentication.dao.DaoAuthenticationProvider - Authenticated user
2026-03-09 19:51:36 - DEBUG - org.springframework.security.web.FilterChainProxy - Securing POST /api/member/event/rsvp
2026-03-09 19:51:36 - DEBUG - org.springframework.security.web.FilterChainProxy - Secured POST /api/member/event/rsvp
2026-03-09 19:51:36 - INFO - com.gotcha.gotcha_api.service.EventRSVPService - Submitting RSVP
2026-03-09 19:51:36 - INFO - com.gotcha.gotcha_api.service.EventRSVPService - User email: admin2@gotcha.com 
2026-03-09 19:51:36 - WARN - org.hibernate.orm.jdbc.error - HHH000247: ErrorCode: 22001, SQLState: 22001
2026-03-09 19:51:36 - WARN - org.hibernate.orm.jdbc.error - Value too long for column "image_key CHARACTER VARYING(255)": "'https://test-bucket.s3.eu-west-1.amazonaws.com/test-image-key.jpg?X-Amz-Algorit... (319)"; SQL statement:
update events set created_at=?,description=?,event_date=?,image_key=?,location=?,title=? where event_id=? [22001-240]
2026-03-09 19:51:37 - DEBUG - org.springframework.security.web.FilterChainProxy - Securing POST /api/login
2026-03-09 19:51:37 - DEBUG - org.springframework.security.web.authentication.AnonymousAuthenticationFilter - Set SecurityContextHolder to anonymous SecurityContext
2026-03-09 19:51:37 - DEBUG - org.springframework.security.web.FilterChainProxy - Secured POST /api/login
2026-03-09 19:51:37 - DEBUG - org.springframework.security.authentication.dao.DaoAuthenticationProvider - Authenticated user
2026-03-09 19:51:37 - DEBUG - org.springframework.security.web.FilterChainProxy - Securing POST /api/member/event/rsvp
2026-03-09 19:51:37 - DEBUG - org.springframework.security.web.FilterChainProxy - Secured POST /api/member/event/rsvp
2026-03-09 19:51:37 - INFO - com.gotcha.gotcha_api.service.EventRSVPService - Submitting RSVP
2026-03-09 19:51:37 - INFO - com.gotcha.gotcha_api.service.EventRSVPService - User email: admin2@gotcha.com 
2026-03-09 19:51:37 - DEBUG - org.springframework.security.web.FilterChainProxy - Securing POST /api/login
2026-03-09 19:51:37 - DEBUG - org.springframework.security.web.authentication.AnonymousAuthenticationFilter - Set SecurityContextHolder to anonymous SecurityContext
2026-03-09 19:51:37 - DEBUG - org.springframework.security.web.FilterChainProxy - Secured POST /api/login
2026-03-09 19:51:37 - DEBUG - org.springframework.security.authentication.dao.DaoAuthenticationProvider - Authenticated user
2026-03-09 19:51:37 - DEBUG - org.springframework.security.web.FilterChainProxy - Securing GET /api/admin/event/3/rsvp
2026-03-09 19:51:37 - DEBUG - org.springframework.security.web.FilterChainProxy - Secured GET /api/admin/event/3/rsvp
2026-03-09 19:51:38 - DEBUG - org.springframework.security.web.FilterChainProxy - Securing POST /api/login
2026-03-09 19:51:38 - DEBUG - org.springframework.security.web.authentication.AnonymousAuthenticationFilter - Set SecurityContextHolder to anonymous SecurityContext
2026-03-09 19:51:38 - DEBUG - org.springframework.security.web.FilterChainProxy - Secured POST /api/login
2026-03-09 19:51:38 - DEBUG - org.springframework.security.authentication.dao.DaoAuthenticationProvider - Authenticated user
2026-03-09 19:51:38 - DEBUG - org.springframework.security.web.FilterChainProxy - Securing POST /api/member/event/rsvp
2026-03-09 19:51:38 - DEBUG - org.springframework.security.web.FilterChainProxy - Secured POST /api/member/event/rsvp
2026-03-09 19:51:38 - INFO - com.gotcha.gotcha_api.service.EventRSVPService - Submitting RSVP
2026-03-09 19:51:38 - INFO - com.gotcha.gotcha_api.service.EventRSVPService - User email: admin2@gotcha.com 
2026-03-09 19:51:38 - WARN - org.hibernate.orm.jdbc.error - HHH000247: ErrorCode: 22001, SQLState: 22001
2026-03-09 19:51:38 - WARN - org.hibernate.orm.jdbc.error - Value too long for column "image_key CHARACTER VARYING(255)": "'https://test-bucket.s3.eu-west-1.amazonaws.com/test-image-key.jpg?X-Amz-Algorit... (319)"; SQL statement:
update events set created_at=?,description=?,event_date=?,image_key=?,location=?,title=? where event_id=? [22001-240]
2026-03-09 19:51:38 - DEBUG - org.springframework.security.web.FilterChainProxy - Securing POST /api/login
2026-03-09 19:51:38 - DEBUG - org.springframework.security.web.authentication.AnonymousAuthenticationFilter - Set SecurityContextHolder to anonymous SecurityContext
2026-03-09 19:51:38 - DEBUG - org.springframework.security.web.FilterChainProxy - Secured POST /api/login
2026-03-09 19:51:39 - DEBUG - org.springframework.security.authentication.dao.DaoAuthenticationProvider - Authenticated user
2026-03-09 19:51:39 - DEBUG - org.springframework.security.web.FilterChainProxy - Securing POST /api/member/event/rsvp
2026-03-09 19:51:39 - DEBUG - org.springframework.security.web.FilterChainProxy - Secured POST /api/member/event/rsvp
2026-03-09 19:51:39 - INFO - com.gotcha.gotcha_api.service.EventRSVPService - Submitting RSVP
2026-03-09 19:51:39 - INFO - com.gotcha.gotcha_api.service.EventRSVPService - User email: admin2@gotcha.com 
2026-03-09 19:51:39 - WARN - org.hibernate.orm.jdbc.error - HHH000247: ErrorCode: 22001, SQLState: 22001
2026-03-09 19:51:39 - WARN - org.hibernate.orm.jdbc.error - Value too long for column "image_key CHARACTER VARYING(255)": "'https://test-bucket.s3.eu-west-1.amazonaws.com/test-image-key.jpg?X-Amz-Algorit... (319)"; SQL statement:
update events set created_at=?,description=?,event_date=?,image_key=?,location=?,title=? where event_id=? [22001-240]
2026-03-09 19:51:39 - DEBUG - org.springframework.security.web.FilterChainProxy - Securing POST /api/login
2026-03-09 19:51:39 - DEBUG - org.springframework.security.web.authentication.AnonymousAuthenticationFilter - Set SecurityContextHolder to anonymous SecurityContext
2026-03-09 19:51:39 - DEBUG - org.springframework.security.web.FilterChainProxy - Secured POST /api/login
2026-03-09 19:51:39 - DEBUG - org.springframework.security.authentication.dao.DaoAuthenticationProvider - Authenticated user
2026-03-09 19:51:39 - DEBUG - org.springframework.security.web.FilterChainProxy - Securing POST /api/member/event/rsvp
2026-03-09 19:51:39 - DEBUG - org.springframework.security.web.authentication.AnonymousAuthenticationFilter - Set SecurityContextHolder to anonymous SecurityContext
2026-03-09 19:51:39 - DEBUG - org.springframework.security.web.FilterChainProxy - Securing POST /api/login
2026-03-09 19:51:39 - DEBUG - org.springframework.security.web.authentication.AnonymousAuthenticationFilter - Set SecurityContextHolder to anonymous SecurityContext
2026-03-09 19:51:39 - DEBUG - org.springframework.security.web.FilterChainProxy - Secured POST /api/login
2026-03-09 19:51:40 - DEBUG - org.springframework.security.authentication.dao.DaoAuthenticationProvider - Authenticated user
2026-03-09 19:51:40 - DEBUG - org.springframework.security.web.FilterChainProxy - Securing GET /api/admin/event/rsvp
2026-03-09 19:51:40 - DEBUG - org.springframework.security.web.FilterChainProxy - Secured GET /api/admin/event/rsvp
2026-03-09 19:51:40 - DEBUG - org.springframework.security.web.FilterChainProxy - Securing POST /api/login
2026-03-09 19:51:40 - DEBUG - org.springframework.security.web.authentication.AnonymousAuthenticationFilter - Set SecurityContextHolder to anonymous SecurityContext
2026-03-09 19:51:40 - DEBUG - org.springframework.security.web.FilterChainProxy - Secured POST /api/login
2026-03-09 19:51:40 - DEBUG - org.springframework.security.authentication.dao.DaoAuthenticationProvider - Authenticated user
2026-03-09 19:51:40 - DEBUG - org.springframework.security.web.FilterChainProxy - Securing GET /api/admin/user/8/rsvp
2026-03-09 19:51:40 - DEBUG - org.springframework.security.web.FilterChainProxy - Secured GET /api/admin/user/8/rsvp
2026-03-09 19:51:40 - INFO - org.springframework.orm.jpa.LocalContainerEntityManagerFactoryBean - Closing JPA EntityManagerFactory for persistence unit 'default'
2026-03-09 19:51:40 - INFO - com.zaxxer.hikari.HikariDataSource - HikariPool-1 - Shutdown initiated...
2026-03-09 19:51:40 - INFO - com.zaxxer.hikari.HikariDataSource - HikariPool-1 - Shutdown completed.
2026-03-09 20:05:46 - INFO - com.gotcha.gotcha_api.controller.EventRSVPControllerIntegrationTest - Starting EventRSVPControllerIntegrationTest using Java 23.0.1 with PID 33508 (started by Maksym in G:\Work\gotcha-cafe\gotcha-api\gotcha-api)
2026-03-09 20:05:46 - DEBUG - com.gotcha.gotcha_api.controller.EventRSVPControllerIntegrationTest - Running with Spring Boot v4.0.2, Spring v7.0.3
2026-03-09 20:05:46 - INFO - com.gotcha.gotcha_api.controller.EventRSVPControllerIntegrationTest - The following 1 profile is active: "test"
2026-03-09 20:05:47 - INFO - org.springframework.data.repository.config.RepositoryConfigurationDelegate - Bootstrapping Spring Data JPA repositories in DEFAULT mode.
2026-03-09 20:05:47 - INFO - org.springframework.data.repository.config.RepositoryConfigurationDelegate - Finished Spring Data repository scanning in 49 ms. Found 6 JPA repository interfaces.
2026-03-09 20:05:47 - INFO - org.hibernate.orm.jpa - HHH008540: Processing PersistenceUnitInfo [name: default]
2026-03-09 20:05:47 - INFO - org.hibernate.orm.core - HHH000001: Hibernate ORM core version 7.2.1.Final
2026-03-09 20:05:48 - INFO - org.springframework.orm.jpa.persistenceunit.SpringPersistenceUnitInfo - No LoadTimeWeaver setup: ignoring JPA class transformer
2026-03-09 20:05:49 - INFO - com.zaxxer.hikari.HikariDataSource - HikariPool-1 - Starting...
2026-03-09 20:05:49 - INFO - com.zaxxer.hikari.pool.HikariPool - HikariPool-1 - Added connection conn0: url=jdbc:h2:mem:testdb user=POSTGRES
2026-03-09 20:05:49 - INFO - com.zaxxer.hikari.HikariDataSource - HikariPool-1 - Start completed.
2026-03-09 20:05:49 - INFO - org.hibernate.orm.connections.pooling - HHH10001005: Database info:
	Database JDBC URL [jdbc:h2:mem:testdb]
	Database driver: H2 JDBC Driver
	Database dialect: H2Dialect
	Database version: 2.4.240
	Default catalog/schema: testdb/public
	Autocommit mode: undefined/unknown
	Isolation level: READ_COMMITTED [default READ_COMMITTED]
	JDBC fetch size: 100
	Pool: DataSourceConnectionProvider
	Minimum pool size: undefined/unknown
	Maximum pool size: undefined/unknown
2026-03-09 20:05:51 - INFO - org.hibernate.orm.core - HHH000489: No JTA platform available (set 'hibernate.transaction.jta.platform' to enable JTA platform integration)
2026-03-09 20:05:51 - INFO - org.springframework.orm.jpa.LocalContainerEntityManagerFactoryBean - Initialized JPA EntityManagerFactory for persistence unit 'default'
2026-03-09 20:05:51 - INFO - org.springframework.data.jpa.repository.query.QueryEnhancerFactories - Hibernate is in classpath; If applicable, HQL parser will be used.
2026-03-09 20:05:51 - INFO - com.gotcha.gotcha_api.service.JWTService - Generated key length: 256 bits
2026-03-09 20:05:52 - INFO - org.springframework.security.config.annotation.authentication.configuration.InitializeAuthenticationProviderBeanManagerConfigurer$InitializeAuthenticationProviderManagerConfigurer - Global AuthenticationManager configured with AuthenticationProvider bean with name authProvider
2026-03-09 20:05:52 - WARN - org.springframework.security.config.annotation.authentication.configuration.InitializeUserDetailsBeanManagerConfigurer$InitializeUserDetailsManagerConfigurer - Global AuthenticationManager configured with an AuthenticationProvider bean. UserDetailsService beans will not be used by Spring Security for automatically configuring username/password login. Consider removing the AuthenticationProvider bean. Alternatively, consider using the UserDetailsService in a manually instantiated DaoAuthenticationProvider. If the current configuration is intentional, to turn off this warning, increase the logging level of 'org.springframework.security.config.annotation.authentication.configuration.InitializeUserDetailsBeanManagerConfigurer' to ERROR
2026-03-09 20:05:53 - WARN - org.springframework.boot.jpa.autoconfigure.JpaBaseConfiguration$JpaWebConfiguration - spring.jpa.open-in-view is enabled by default. Therefore, database queries may be performed during view rendering. Explicitly configure spring.jpa.open-in-view to disable this warning
2026-03-09 20:05:54 - DEBUG - org.springframework.security.web.DefaultSecurityFilterChain - Will secure any request with filters: DisableEncodeUrlFilter, WebAsyncManagerIntegrationFilter, SecurityContextHolderFilter, HeaderWriterFilter, LogoutFilter, JWTFilter, RequestCacheAwareFilter, SecurityContextHolderAwareRequestFilter, AnonymousAuthenticationFilter, SessionManagementFilter, ExceptionTranslationFilter, AuthorizationFilter
2026-03-09 20:05:55 - DEBUG - com.gotcha.gotcha_api.securityConfig.JWTFilter - Filter 'JWTFilter' configured for use
2026-03-09 20:05:55 - INFO - org.springframework.boot.test.mock.web.SpringBootMockServletContext - Initializing Spring TestDispatcherServlet ''
2026-03-09 20:05:55 - INFO - org.springframework.test.web.servlet.TestDispatcherServlet - Initializing Servlet ''
2026-03-09 20:05:55 - INFO - org.springframework.test.web.servlet.TestDispatcherServlet - Completed initialization in 6 ms
2026-03-09 20:05:55 - INFO - com.gotcha.gotcha_api.controller.EventRSVPControllerIntegrationTest - Started EventRSVPControllerIntegrationTest in 9.254 seconds (process running for 10.789)
2026-03-09 20:05:56 - DEBUG - org.springframework.security.web.FilterChainProxy - Securing POST /api/login
2026-03-09 20:05:56 - DEBUG - org.springframework.security.web.authentication.AnonymousAuthenticationFilter - Set SecurityContextHolder to anonymous SecurityContext
2026-03-09 20:05:56 - DEBUG - org.springframework.security.web.FilterChainProxy - Secured POST /api/login
2026-03-09 20:05:58 - DEBUG - org.springframework.security.authentication.dao.DaoAuthenticationProvider - Authenticated user
2026-03-09 20:05:58 - DEBUG - org.springframework.security.web.FilterChainProxy - Securing POST /api/member/event/rsvp
2026-03-09 20:05:58 - DEBUG - org.springframework.security.web.FilterChainProxy - Secured POST /api/member/event/rsvp
2026-03-09 20:05:58 - INFO - com.gotcha.gotcha_api.service.EventRSVPService - Submitting RSVP
2026-03-09 20:05:58 - INFO - com.gotcha.gotcha_api.service.EventRSVPService - User email: admin2@gotcha.com 
2026-03-09 20:05:58 - WARN - org.hibernate.orm.jdbc.error - HHH000247: ErrorCode: 22001, SQLState: 22001
2026-03-09 20:05:58 - WARN - org.hibernate.orm.jdbc.error - Value too long for column "image_key CHARACTER VARYING(255)": "'https://test-bucket.s3.eu-west-1.amazonaws.com/test-image-key.jpg?X-Amz-Algorit... (319)"; SQL statement:
update events set created_at=?,description=?,event_date=?,image_key=?,location=?,title=? where event_id=? [22001-240]
2026-03-09 20:05:58 - DEBUG - org.springframework.security.web.FilterChainProxy - Securing POST /api/login
2026-03-09 20:05:58 - DEBUG - org.springframework.security.web.authentication.AnonymousAuthenticationFilter - Set SecurityContextHolder to anonymous SecurityContext
2026-03-09 20:05:58 - DEBUG - org.springframework.security.web.FilterChainProxy - Secured POST /api/login
2026-03-09 20:05:58 - DEBUG - org.springframework.security.authentication.dao.DaoAuthenticationProvider - Authenticated user
2026-03-09 20:05:58 - DEBUG - org.springframework.security.web.FilterChainProxy - Securing POST /api/member/event/rsvp
2026-03-09 20:05:58 - DEBUG - org.springframework.security.web.FilterChainProxy - Secured POST /api/member/event/rsvp
2026-03-09 20:05:58 - INFO - com.gotcha.gotcha_api.service.EventRSVPService - Submitting RSVP
2026-03-09 20:05:58 - INFO - com.gotcha.gotcha_api.service.EventRSVPService - User email: admin2@gotcha.com 
2026-03-09 20:05:59 - DEBUG - org.springframework.security.web.FilterChainProxy - Securing POST /api/login
2026-03-09 20:05:59 - DEBUG - org.springframework.security.web.authentication.AnonymousAuthenticationFilter - Set SecurityContextHolder to anonymous SecurityContext
2026-03-09 20:05:59 - DEBUG - org.springframework.security.web.FilterChainProxy - Secured POST /api/login
2026-03-09 20:05:59 - DEBUG - org.springframework.security.authentication.dao.DaoAuthenticationProvider - Authenticated user
2026-03-09 20:05:59 - DEBUG - org.springframework.security.web.FilterChainProxy - Securing GET /api/admin/event/3/rsvp
2026-03-09 20:05:59 - DEBUG - org.springframework.security.web.FilterChainProxy - Secured GET /api/admin/event/3/rsvp
2026-03-09 20:05:59 - DEBUG - org.springframework.security.web.FilterChainProxy - Securing POST /api/login
2026-03-09 20:05:59 - DEBUG - org.springframework.security.web.authentication.AnonymousAuthenticationFilter - Set SecurityContextHolder to anonymous SecurityContext
2026-03-09 20:05:59 - DEBUG - org.springframework.security.web.FilterChainProxy - Secured POST /api/login
2026-03-09 20:06:00 - DEBUG - org.springframework.security.authentication.dao.DaoAuthenticationProvider - Authenticated user
2026-03-09 20:06:00 - DEBUG - org.springframework.security.web.FilterChainProxy - Securing POST /api/member/event/rsvp
2026-03-09 20:06:00 - DEBUG - org.springframework.security.web.FilterChainProxy - Secured POST /api/member/event/rsvp
2026-03-09 20:06:00 - INFO - com.gotcha.gotcha_api.service.EventRSVPService - Submitting RSVP
2026-03-09 20:06:00 - INFO - com.gotcha.gotcha_api.service.EventRSVPService - User email: admin2@gotcha.com 
2026-03-09 20:06:00 - WARN - org.hibernate.orm.jdbc.error - HHH000247: ErrorCode: 22001, SQLState: 22001
2026-03-09 20:06:00 - WARN - org.hibernate.orm.jdbc.error - Value too long for column "image_key CHARACTER VARYING(255)": "'https://test-bucket.s3.eu-west-1.amazonaws.com/test-image-key.jpg?X-Amz-Algorit... (319)"; SQL statement:
update events set created_at=?,description=?,event_date=?,image_key=?,location=?,title=? where event_id=? [22001-240]
2026-03-09 20:06:00 - DEBUG - org.springframework.security.web.FilterChainProxy - Securing POST /api/login
2026-03-09 20:06:00 - DEBUG - org.springframework.security.web.authentication.AnonymousAuthenticationFilter - Set SecurityContextHolder to anonymous SecurityContext
2026-03-09 20:06:00 - DEBUG - org.springframework.security.web.FilterChainProxy - Secured POST /api/login
2026-03-09 20:06:00 - DEBUG - org.springframework.security.authentication.dao.DaoAuthenticationProvider - Authenticated user
2026-03-09 20:06:00 - DEBUG - org.springframework.security.web.FilterChainProxy - Securing POST /api/member/event/rsvp
2026-03-09 20:06:00 - DEBUG - org.springframework.security.web.FilterChainProxy - Secured POST /api/member/event/rsvp
2026-03-09 20:06:00 - INFO - com.gotcha.gotcha_api.service.EventRSVPService - Submitting RSVP
2026-03-09 20:06:00 - INFO - com.gotcha.gotcha_api.service.EventRSVPService - User email: admin2@gotcha.com 
2026-03-09 20:06:00 - WARN - org.hibernate.orm.jdbc.error - HHH000247: ErrorCode: 22001, SQLState: 22001
2026-03-09 20:06:00 - WARN - org.hibernate.orm.jdbc.error - Value too long for column "image_key CHARACTER VARYING(255)": "'https://test-bucket.s3.eu-west-1.amazonaws.com/test-image-key.jpg?X-Amz-Algorit... (319)"; SQL statement:
update events set created_at=?,description=?,event_date=?,image_key=?,location=?,title=? where event_id=? [22001-240]
2026-03-09 20:06:01 - DEBUG - org.springframework.security.web.FilterChainProxy - Securing POST /api/login
2026-03-09 20:06:01 - DEBUG - org.springframework.security.web.authentication.AnonymousAuthenticationFilter - Set SecurityContextHolder to anonymous SecurityContext
2026-03-09 20:06:01 - DEBUG - org.springframework.security.web.FilterChainProxy - Secured POST /api/login
2026-03-09 20:06:01 - DEBUG - org.springframework.security.authentication.dao.DaoAuthenticationProvider - Authenticated user
2026-03-09 20:06:01 - DEBUG - org.springframework.security.web.FilterChainProxy - Securing POST /api/member/event/rsvp
2026-03-09 20:06:01 - DEBUG - org.springframework.security.web.authentication.AnonymousAuthenticationFilter - Set SecurityContextHolder to anonymous SecurityContext
2026-03-09 20:06:01 - DEBUG - org.springframework.security.web.FilterChainProxy - Securing POST /api/login
2026-03-09 20:06:01 - DEBUG - org.springframework.security.web.authentication.AnonymousAuthenticationFilter - Set SecurityContextHolder to anonymous SecurityContext
2026-03-09 20:06:01 - DEBUG - org.springframework.security.web.FilterChainProxy - Secured POST /api/login
2026-03-09 20:06:01 - DEBUG - org.springframework.security.authentication.dao.DaoAuthenticationProvider - Authenticated user
2026-03-09 20:06:01 - DEBUG - org.springframework.security.web.FilterChainProxy - Securing GET /api/admin/event/rsvp
2026-03-09 20:06:01 - DEBUG - org.springframework.security.web.FilterChainProxy - Secured GET /api/admin/event/rsvp
2026-03-09 20:06:02 - DEBUG - org.springframework.security.web.FilterChainProxy - Securing POST /api/login
2026-03-09 20:06:02 - DEBUG - org.springframework.security.web.authentication.AnonymousAuthenticationFilter - Set SecurityContextHolder to anonymous SecurityContext
2026-03-09 20:06:02 - DEBUG - org.springframework.security.web.FilterChainProxy - Secured POST /api/login
2026-03-09 20:06:02 - DEBUG - org.springframework.security.authentication.dao.DaoAuthenticationProvider - Authenticated user
2026-03-09 20:06:02 - DEBUG - org.springframework.security.web.FilterChainProxy - Securing GET /api/admin/user/8/rsvp
2026-03-09 20:06:02 - DEBUG - org.springframework.security.web.FilterChainProxy - Secured GET /api/admin/user/8/rsvp
2026-03-09 20:06:02 - INFO - org.springframework.orm.jpa.LocalContainerEntityManagerFactoryBean - Closing JPA EntityManagerFactory for persistence unit 'default'
2026-03-09 20:06:02 - INFO - com.zaxxer.hikari.HikariDataSource - HikariPool-1 - Shutdown initiated...
2026-03-09 20:06:02 - INFO - com.zaxxer.hikari.HikariDataSource - HikariPool-1 - Shutdown completed.
2026-03-09 20:06:54 - INFO - com.gotcha.gotcha_api.controller.EventRSVPControllerIntegrationTest - Starting EventRSVPControllerIntegrationTest using Java 23.0.1 with PID 28904 (started by Maksym in G:\Work\gotcha-cafe\gotcha-api\gotcha-api)
2026-03-09 20:06:54 - DEBUG - com.gotcha.gotcha_api.controller.EventRSVPControllerIntegrationTest - Running with Spring Boot v4.0.2, Spring v7.0.3
2026-03-09 20:06:54 - INFO - com.gotcha.gotcha_api.controller.EventRSVPControllerIntegrationTest - The following 1 profile is active: "test"
2026-03-09 20:06:55 - INFO - org.springframework.data.repository.config.RepositoryConfigurationDelegate - Bootstrapping Spring Data JPA repositories in DEFAULT mode.
2026-03-09 20:06:55 - INFO - org.springframework.data.repository.config.RepositoryConfigurationDelegate - Finished Spring Data repository scanning in 130 ms. Found 6 JPA repository interfaces.
2026-03-09 20:06:56 - INFO - org.hibernate.orm.jpa - HHH008540: Processing PersistenceUnitInfo [name: default]
2026-03-09 20:06:56 - INFO - org.hibernate.orm.core - HHH000001: Hibernate ORM core version 7.2.1.Final
2026-03-09 20:06:57 - INFO - org.springframework.orm.jpa.persistenceunit.SpringPersistenceUnitInfo - No LoadTimeWeaver setup: ignoring JPA class transformer
2026-03-09 20:06:57 - INFO - com.zaxxer.hikari.HikariDataSource - HikariPool-1 - Starting...
2026-03-09 20:06:58 - INFO - com.zaxxer.hikari.pool.HikariPool - HikariPool-1 - Added connection conn0: url=jdbc:h2:mem:testdb user=POSTGRES
2026-03-09 20:06:58 - INFO - com.zaxxer.hikari.HikariDataSource - HikariPool-1 - Start completed.
2026-03-09 20:06:58 - INFO - org.hibernate.orm.connections.pooling - HHH10001005: Database info:
	Database JDBC URL [jdbc:h2:mem:testdb]
	Database driver: H2 JDBC Driver
	Database dialect: H2Dialect
	Database version: 2.4.240
	Default catalog/schema: testdb/public
	Autocommit mode: undefined/unknown
	Isolation level: READ_COMMITTED [default READ_COMMITTED]
	JDBC fetch size: 100
	Pool: DataSourceConnectionProvider
	Minimum pool size: undefined/unknown
	Maximum pool size: undefined/unknown
2026-03-09 20:06:59 - INFO - org.hibernate.orm.core - HHH000489: No JTA platform available (set 'hibernate.transaction.jta.platform' to enable JTA platform integration)
2026-03-09 20:06:59 - INFO - org.springframework.orm.jpa.LocalContainerEntityManagerFactoryBean - Initialized JPA EntityManagerFactory for persistence unit 'default'
2026-03-09 20:06:59 - INFO - org.springframework.data.jpa.repository.query.QueryEnhancerFactories - Hibernate is in classpath; If applicable, HQL parser will be used.
2026-03-09 20:07:00 - INFO - com.gotcha.gotcha_api.service.JWTService - Generated key length: 256 bits
2026-03-09 20:07:00 - INFO - org.springframework.security.config.annotation.authentication.configuration.InitializeAuthenticationProviderBeanManagerConfigurer$InitializeAuthenticationProviderManagerConfigurer - Global AuthenticationManager configured with AuthenticationProvider bean with name authProvider
2026-03-09 20:07:00 - WARN - org.springframework.security.config.annotation.authentication.configuration.InitializeUserDetailsBeanManagerConfigurer$InitializeUserDetailsManagerConfigurer - Global AuthenticationManager configured with an AuthenticationProvider bean. UserDetailsService beans will not be used by Spring Security for automatically configuring username/password login. Consider removing the AuthenticationProvider bean. Alternatively, consider using the UserDetailsService in a manually instantiated DaoAuthenticationProvider. If the current configuration is intentional, to turn off this warning, increase the logging level of 'org.springframework.security.config.annotation.authentication.configuration.InitializeUserDetailsBeanManagerConfigurer' to ERROR
2026-03-09 20:07:01 - WARN - org.springframework.boot.jpa.autoconfigure.JpaBaseConfiguration$JpaWebConfiguration - spring.jpa.open-in-view is enabled by default. Therefore, database queries may be performed during view rendering. Explicitly configure spring.jpa.open-in-view to disable this warning
2026-03-09 20:07:01 - DEBUG - org.springframework.security.web.DefaultSecurityFilterChain - Will secure any request with filters: DisableEncodeUrlFilter, WebAsyncManagerIntegrationFilter, SecurityContextHolderFilter, HeaderWriterFilter, LogoutFilter, JWTFilter, RequestCacheAwareFilter, SecurityContextHolderAwareRequestFilter, AnonymousAuthenticationFilter, SessionManagementFilter, ExceptionTranslationFilter, AuthorizationFilter
2026-03-09 20:07:02 - DEBUG - com.gotcha.gotcha_api.securityConfig.JWTFilter - Filter 'JWTFilter' configured for use
2026-03-09 20:07:02 - INFO - org.springframework.boot.test.mock.web.SpringBootMockServletContext - Initializing Spring TestDispatcherServlet ''
2026-03-09 20:07:02 - INFO - org.springframework.test.web.servlet.TestDispatcherServlet - Initializing Servlet ''
2026-03-09 20:07:02 - INFO - org.springframework.test.web.servlet.TestDispatcherServlet - Completed initialization in 0 ms
2026-03-09 20:07:02 - INFO - com.gotcha.gotcha_api.controller.EventRSVPControllerIntegrationTest - Started EventRSVPControllerIntegrationTest in 8.77 seconds (process running for 11.815)
2026-03-09 20:07:03 - DEBUG - org.springframework.security.web.FilterChainProxy - Securing POST /api/login
2026-03-09 20:07:03 - DEBUG - org.springframework.security.web.authentication.AnonymousAuthenticationFilter - Set SecurityContextHolder to anonymous SecurityContext
2026-03-09 20:07:03 - DEBUG - org.springframework.security.web.FilterChainProxy - Secured POST /api/login
2026-03-09 20:07:04 - DEBUG - org.springframework.security.authentication.dao.DaoAuthenticationProvider - Authenticated user
2026-03-09 20:07:04 - DEBUG - org.springframework.security.web.FilterChainProxy - Securing POST /api/member/event/rsvp
2026-03-09 20:07:04 - DEBUG - org.springframework.security.web.FilterChainProxy - Secured POST /api/member/event/rsvp
2026-03-09 20:07:04 - INFO - com.gotcha.gotcha_api.service.EventRSVPService - Submitting RSVP
2026-03-09 20:07:04 - INFO - com.gotcha.gotcha_api.service.EventRSVPService - User email: admin2@gotcha.com 
2026-03-09 20:07:04 - WARN - org.hibernate.orm.jdbc.error - HHH000247: ErrorCode: 22001, SQLState: 22001
2026-03-09 20:07:04 - WARN - org.hibernate.orm.jdbc.error - Value too long for column "image_key CHARACTER VARYING(255)": "'https://test-bucket.s3.eu-west-1.amazonaws.com/test-image-key.jpg?X-Amz-Algorit... (319)"; SQL statement:
update events set created_at=?,description=?,event_date=?,image_key=?,location=?,title=? where event_id=? [22001-240]
2026-03-09 20:07:05 - DEBUG - org.springframework.security.web.FilterChainProxy - Securing POST /api/login
2026-03-09 20:07:05 - DEBUG - org.springframework.security.web.authentication.AnonymousAuthenticationFilter - Set SecurityContextHolder to anonymous SecurityContext
2026-03-09 20:07:05 - DEBUG - org.springframework.security.web.FilterChainProxy - Secured POST /api/login
2026-03-09 20:07:05 - DEBUG - org.springframework.security.authentication.dao.DaoAuthenticationProvider - Authenticated user
2026-03-09 20:07:05 - DEBUG - org.springframework.security.web.FilterChainProxy - Securing POST /api/member/event/rsvp
2026-03-09 20:07:05 - DEBUG - org.springframework.security.web.FilterChainProxy - Secured POST /api/member/event/rsvp
2026-03-09 20:07:05 - INFO - com.gotcha.gotcha_api.service.EventRSVPService - Submitting RSVP
2026-03-09 20:07:05 - INFO - com.gotcha.gotcha_api.service.EventRSVPService - User email: admin2@gotcha.com 
2026-03-09 20:07:05 - DEBUG - org.springframework.security.web.FilterChainProxy - Securing POST /api/login
2026-03-09 20:07:05 - DEBUG - org.springframework.security.web.authentication.AnonymousAuthenticationFilter - Set SecurityContextHolder to anonymous SecurityContext
2026-03-09 20:07:05 - DEBUG - org.springframework.security.web.FilterChainProxy - Secured POST /api/login
2026-03-09 20:07:05 - DEBUG - org.springframework.security.authentication.dao.DaoAuthenticationProvider - Authenticated user
2026-03-09 20:07:05 - DEBUG - org.springframework.security.web.FilterChainProxy - Securing GET /api/admin/event/3/rsvp
2026-03-09 20:07:05 - DEBUG - org.springframework.security.web.FilterChainProxy - Secured GET /api/admin/event/3/rsvp
2026-03-09 20:07:06 - DEBUG - org.springframework.security.web.FilterChainProxy - Securing POST /api/login
2026-03-09 20:07:06 - DEBUG - org.springframework.security.web.authentication.AnonymousAuthenticationFilter - Set SecurityContextHolder to anonymous SecurityContext
2026-03-09 20:07:06 - DEBUG - org.springframework.security.web.FilterChainProxy - Secured POST /api/login
2026-03-09 20:07:06 - DEBUG - org.springframework.security.authentication.dao.DaoAuthenticationProvider - Authenticated user
2026-03-09 20:07:06 - DEBUG - org.springframework.security.web.FilterChainProxy - Securing POST /api/member/event/rsvp
2026-03-09 20:07:06 - DEBUG - org.springframework.security.web.FilterChainProxy - Secured POST /api/member/event/rsvp
2026-03-09 20:07:06 - INFO - com.gotcha.gotcha_api.service.EventRSVPService - Submitting RSVP
2026-03-09 20:07:06 - INFO - com.gotcha.gotcha_api.service.EventRSVPService - User email: admin2@gotcha.com 
2026-03-09 20:07:06 - WARN - org.hibernate.orm.jdbc.error - HHH000247: ErrorCode: 22001, SQLState: 22001
2026-03-09 20:07:06 - WARN - org.hibernate.orm.jdbc.error - Value too long for column "image_key CHARACTER VARYING(255)": "'https://test-bucket.s3.eu-west-1.amazonaws.com/test-image-key.jpg?X-Amz-Algorit... (319)"; SQL statement:
update events set created_at=?,description=?,event_date=?,image_key=?,location=?,title=? where event_id=? [22001-240]
2026-03-09 20:07:06 - DEBUG - org.springframework.security.web.FilterChainProxy - Securing POST /api/login
2026-03-09 20:07:06 - DEBUG - org.springframework.security.web.authentication.AnonymousAuthenticationFilter - Set SecurityContextHolder to anonymous SecurityContext
2026-03-09 20:07:06 - DEBUG - org.springframework.security.web.FilterChainProxy - Secured POST /api/login
2026-03-09 20:07:06 - DEBUG - org.springframework.security.authentication.dao.DaoAuthenticationProvider - Authenticated user
2026-03-09 20:07:07 - DEBUG - org.springframework.security.web.FilterChainProxy - Securing POST /api/member/event/rsvp
2026-03-09 20:07:07 - DEBUG - org.springframework.security.web.FilterChainProxy - Secured POST /api/member/event/rsvp
2026-03-09 20:07:07 - INFO - com.gotcha.gotcha_api.service.EventRSVPService - Submitting RSVP
2026-03-09 20:07:07 - INFO - com.gotcha.gotcha_api.service.EventRSVPService - User email: admin2@gotcha.com 
2026-03-09 20:07:07 - WARN - org.hibernate.orm.jdbc.error - HHH000247: ErrorCode: 22001, SQLState: 22001
2026-03-09 20:07:07 - WARN - org.hibernate.orm.jdbc.error - Value too long for column "image_key CHARACTER VARYING(255)": "'https://test-bucket.s3.eu-west-1.amazonaws.com/test-image-key.jpg?X-Amz-Algorit... (319)"; SQL statement:
update events set created_at=?,description=?,event_date=?,image_key=?,location=?,title=? where event_id=? [22001-240]
2026-03-09 20:07:07 - DEBUG - org.springframework.security.web.FilterChainProxy - Securing POST /api/login
2026-03-09 20:07:07 - DEBUG - org.springframework.security.web.authentication.AnonymousAuthenticationFilter - Set SecurityContextHolder to anonymous SecurityContext
2026-03-09 20:07:07 - DEBUG - org.springframework.security.web.FilterChainProxy - Secured POST /api/login
2026-03-09 20:07:07 - DEBUG - org.springframework.security.authentication.dao.DaoAuthenticationProvider - Authenticated user
2026-03-09 20:07:07 - DEBUG - org.springframework.security.web.FilterChainProxy - Securing POST /api/member/event/rsvp
2026-03-09 20:07:07 - DEBUG - org.springframework.security.web.authentication.AnonymousAuthenticationFilter - Set SecurityContextHolder to anonymous SecurityContext
2026-03-09 20:07:07 - INFO - org.springframework.orm.jpa.LocalContainerEntityManagerFactoryBean - Closing JPA EntityManagerFactory for persistence unit 'default'
2026-03-09 20:07:07 - INFO - com.zaxxer.hikari.HikariDataSource - HikariPool-1 - Shutdown initiated...
2026-03-09 20:07:07 - INFO - com.zaxxer.hikari.HikariDataSource - HikariPool-1 - Shutdown completed.
2026-03-09 20:07:14 - INFO - com.gotcha.gotcha_api.GotchaApiApplicationTests - Starting GotchaApiApplicationTests using Java 23.0.1 with PID 2752 (started by Maksym in G:\Work\gotcha-cafe\gotcha-api\gotcha-api)
2026-03-09 20:07:14 - INFO - com.gotcha.gotcha_api.GotchaApiApplicationTests - No active profile set, falling back to 1 default profile: "default"
2026-03-09 20:07:16 - INFO - org.springframework.data.repository.config.RepositoryConfigurationDelegate - Bootstrapping Spring Data JPA repositories in DEFAULT mode.
2026-03-09 20:07:16 - INFO - org.springframework.data.repository.config.RepositoryConfigurationDelegate - Finished Spring Data repository scanning in 77 ms. Found 6 JPA repository interfaces.
2026-03-09 20:07:17 - INFO - com.zaxxer.hikari.HikariDataSource - HikariPool-1 - Starting...
2026-03-09 20:07:18 - INFO - com.zaxxer.hikari.pool.HikariPool - HikariPool-1 - Added connection org.postgresql.jdbc.PgConnection@50785f86
2026-03-09 20:07:18 - INFO - com.zaxxer.hikari.HikariDataSource - HikariPool-1 - Start completed.
2026-03-09 20:07:18 - INFO - org.flywaydb.core.internal.resource.ResourceNameValidator - 1 SQL migrations were detected but not run because they did not follow the filename convention.
2026-03-09 20:07:18 - INFO - org.flywaydb.core.internal.resource.ResourceNameValidator - Set 'validateMigrationNaming' to true to fail fast and see a list of the invalid file names.
2026-03-09 20:07:18 - INFO - org.flywaydb.core.FlywayExecutor - Database: jdbc:postgresql://localhost:5432/gotcha (PostgreSQL 18.1)
2026-03-09 20:07:18 - INFO - org.flywaydb.core.internal.schemahistory.JdbcTableSchemaHistory - Repair of failed migration in Schema History table "public"."flyway_schema_history" not necessary. No failed migration detected.
2026-03-09 20:07:18 - INFO - org.flywaydb.core.internal.command.DbRepair - Successfully repaired schema history table "public"."flyway_schema_history" (execution time 00:00.415s).
2026-03-09 20:07:18 - INFO - org.flywaydb.core.internal.resource.ResourceNameValidator - 1 SQL migrations were detected but not run because they did not follow the filename convention.
2026-03-09 20:07:18 - INFO - org.flywaydb.core.internal.resource.ResourceNameValidator - Set 'validateMigrationNaming' to true to fail fast and see a list of the invalid file names.
2026-03-09 20:07:18 - INFO - org.flywaydb.core.internal.command.DbValidate - Successfully validated 18 migrations (execution time 00:00.021s)
2026-03-09 20:07:19 - INFO - org.flywaydb.core.internal.command.DbMigrate - Current version of schema "public": 18
2026-03-09 20:07:19 - INFO - org.flywaydb.core.internal.command.DbMigrate - Schema "public" is up to date. No migration necessary.
2026-03-09 20:07:19 - INFO - org.hibernate.orm.jpa - HHH008540: Processing PersistenceUnitInfo [name: default]
2026-03-09 20:07:19 - INFO - org.hibernate.orm.core - HHH000001: Hibernate ORM core version 7.2.1.Final
2026-03-09 20:07:19 - INFO - org.springframework.orm.jpa.persistenceunit.SpringPersistenceUnitInfo - No LoadTimeWeaver setup: ignoring JPA class transformer
2026-03-09 20:07:19 - INFO - org.hibernate.orm.connections.pooling - HHH10001005: Database info:
	Database JDBC URL [jdbc:postgresql://localhost:5432/gotcha]
	Database driver: PostgreSQL JDBC Driver
	Database dialect: PostgreSQLDialect
	Database version: 18.1
	Default catalog/schema: gotcha/public
	Autocommit mode: undefined/unknown
	Isolation level: READ_COMMITTED [default READ_COMMITTED]
	JDBC fetch size: none
	Pool: DataSourceConnectionProvider
	Minimum pool size: undefined/unknown
	Maximum pool size: undefined/unknown
2026-03-09 20:07:20 - INFO - org.hibernate.orm.core - HHH000489: No JTA platform available (set 'hibernate.transaction.jta.platform' to enable JTA platform integration)
2026-03-09 20:07:21 - INFO - org.springframework.orm.jpa.LocalContainerEntityManagerFactoryBean - Initialized JPA EntityManagerFactory for persistence unit 'default'
2026-03-09 20:07:21 - INFO - org.springframework.data.jpa.repository.query.QueryEnhancerFactories - Hibernate is in classpath; If applicable, HQL parser will be used.
2026-03-09 20:07:21 - INFO - com.gotcha.gotcha_api.service.JWTService - Generated key length: 256 bits
2026-03-09 20:07:21 - INFO - org.springframework.security.config.annotation.authentication.configuration.InitializeAuthenticationProviderBeanManagerConfigurer$InitializeAuthenticationProviderManagerConfigurer - Global AuthenticationManager configured with AuthenticationProvider bean with name authProvider
2026-03-09 20:07:21 - WARN - org.springframework.security.config.annotation.authentication.configuration.InitializeUserDetailsBeanManagerConfigurer$InitializeUserDetailsManagerConfigurer - Global AuthenticationManager configured with an AuthenticationProvider bean. UserDetailsService beans will not be used by Spring Security for automatically configuring username/password login. Consider removing the AuthenticationProvider bean. Alternatively, consider using the UserDetailsService in a manually instantiated DaoAuthenticationProvider. If the current configuration is intentional, to turn off this warning, increase the logging level of 'org.springframework.security.config.annotation.authentication.configuration.InitializeUserDetailsBeanManagerConfigurer' to ERROR
2026-03-09 20:07:22 - WARN - org.springframework.boot.jpa.autoconfigure.JpaBaseConfiguration$JpaWebConfiguration - spring.jpa.open-in-view is enabled by default. Therefore, database queries may be performed during view rendering. Explicitly configure spring.jpa.open-in-view to disable this warning
2026-03-09 20:07:22 - DEBUG - org.springframework.security.web.DefaultSecurityFilterChain - Will secure any request with filters: DisableEncodeUrlFilter, WebAsyncManagerIntegrationFilter, SecurityContextHolderFilter, HeaderWriterFilter, LogoutFilter, JWTFilter, RequestCacheAwareFilter, SecurityContextHolderAwareRequestFilter, AnonymousAuthenticationFilter, SessionManagementFilter, ExceptionTranslationFilter, AuthorizationFilter
2026-03-09 20:07:23 - INFO - com.gotcha.gotcha_api.GotchaApiApplicationTests - Started GotchaApiApplicationTests in 9.215 seconds (process running for 11.427)
2026-03-09 20:07:24 - INFO - org.springframework.orm.jpa.LocalContainerEntityManagerFactoryBean - Closing JPA EntityManagerFactory for persistence unit 'default'
2026-03-09 20:07:24 - INFO - com.zaxxer.hikari.HikariDataSource - HikariPool-1 - Shutdown initiated...
2026-03-09 20:07:24 - INFO - com.zaxxer.hikari.HikariDataSource - HikariPool-1 - Shutdown completed.
2026-03-09 20:07:42 - INFO - com.gotcha.gotcha_api.GotchaApiApplication - Starting GotchaApiApplication using Java 23.0.1 with PID 3704 (G:\Work\gotcha-cafe\gotcha-api\gotcha-api\target\classes started by Maksym in G:\Work\gotcha-cafe\gotcha-api\gotcha-api)
2026-03-09 20:07:42 - INFO - com.gotcha.gotcha_api.GotchaApiApplication - No active profile set, falling back to 1 default profile: "default"
2026-03-09 20:07:43 - INFO - org.springframework.data.repository.config.RepositoryConfigurationDelegate - Bootstrapping Spring Data JPA repositories in DEFAULT mode.
2026-03-09 20:07:43 - INFO - org.springframework.data.repository.config.RepositoryConfigurationDelegate - Finished Spring Data repository scanning in 40 ms. Found 6 JPA repository interfaces.
2026-03-09 20:07:43 - INFO - org.springframework.boot.tomcat.TomcatWebServer - Tomcat initialized with port 8080 (http)
2026-03-09 20:07:43 - INFO - org.apache.catalina.core.StandardService - Starting service [Tomcat]
2026-03-09 20:07:43 - INFO - org.apache.catalina.core.StandardEngine - Starting Servlet engine: [Apache Tomcat/11.0.15]
2026-03-09 20:07:43 - INFO - org.springframework.boot.web.context.servlet.WebApplicationContextInitializer - Root WebApplicationContext: initialization completed in 962 ms
2026-03-09 20:07:43 - INFO - com.gotcha.gotcha_api.service.JWTService - Generated key length: 256 bits
2026-03-09 20:07:43 - INFO - com.zaxxer.hikari.HikariDataSource - HikariPool-1 - Starting...
2026-03-09 20:07:44 - INFO - com.zaxxer.hikari.pool.HikariPool - HikariPool-1 - Added connection org.postgresql.jdbc.PgConnection@50778bde
2026-03-09 20:07:44 - INFO - com.zaxxer.hikari.HikariDataSource - HikariPool-1 - Start completed.
2026-03-09 20:07:44 - INFO - org.flywaydb.core.internal.resource.ResourceNameValidator - 1 SQL migrations were detected but not run because they did not follow the filename convention.
2026-03-09 20:07:44 - INFO - org.flywaydb.core.internal.resource.ResourceNameValidator - Set 'validateMigrationNaming' to true to fail fast and see a list of the invalid file names.
2026-03-09 20:07:44 - INFO - org.flywaydb.core.FlywayExecutor - Database: jdbc:postgresql://localhost:5432/gotcha (PostgreSQL 18.1)
2026-03-09 20:07:44 - INFO - org.flywaydb.core.internal.schemahistory.JdbcTableSchemaHistory - Repair of failed migration in Schema History table "public"."flyway_schema_history" not necessary. No failed migration detected.
2026-03-09 20:07:44 - INFO - org.flywaydb.core.internal.command.DbRepair - Successfully repaired schema history table "public"."flyway_schema_history" (execution time 00:00.030s).
2026-03-09 20:07:44 - INFO - org.flywaydb.core.internal.resource.ResourceNameValidator - 1 SQL migrations were detected but not run because they did not follow the filename convention.
2026-03-09 20:07:44 - INFO - org.flywaydb.core.internal.resource.ResourceNameValidator - Set 'validateMigrationNaming' to true to fail fast and see a list of the invalid file names.
2026-03-09 20:07:44 - INFO - org.flywaydb.core.internal.command.DbValidate - Successfully validated 18 migrations (execution time 00:00.007s)
2026-03-09 20:07:44 - INFO - org.flywaydb.core.internal.command.DbMigrate - Current version of schema "public": 18
2026-03-09 20:07:44 - INFO - org.flywaydb.core.internal.command.DbMigrate - Schema "public" is up to date. No migration necessary.
2026-03-09 20:07:44 - INFO - org.hibernate.orm.jpa - HHH008540: Processing PersistenceUnitInfo [name: default]
2026-03-09 20:07:44 - INFO - org.hibernate.orm.core - HHH000001: Hibernate ORM core version 7.2.1.Final
2026-03-09 20:07:44 - INFO - org.springframework.orm.jpa.persistenceunit.SpringPersistenceUnitInfo - No LoadTimeWeaver setup: ignoring JPA class transformer
2026-03-09 20:07:44 - INFO - org.hibernate.orm.connections.pooling - HHH10001005: Database info:
	Database JDBC URL [jdbc:postgresql://localhost:5432/gotcha]
	Database driver: PostgreSQL JDBC Driver
	Database dialect: PostgreSQLDialect
	Database version: 18.1
	Default catalog/schema: gotcha/public
	Autocommit mode: undefined/unknown
	Isolation level: READ_COMMITTED [default READ_COMMITTED]
	JDBC fetch size: none
	Pool: DataSourceConnectionProvider
	Minimum pool size: undefined/unknown
	Maximum pool size: undefined/unknown
2026-03-09 20:07:45 - INFO - org.hibernate.orm.core - HHH000489: No JTA platform available (set 'hibernate.transaction.jta.platform' to enable JTA platform integration)
2026-03-09 20:07:45 - INFO - org.springframework.orm.jpa.LocalContainerEntityManagerFactoryBean - Initialized JPA EntityManagerFactory for persistence unit 'default'
2026-03-09 20:07:45 - INFO - org.springframework.data.jpa.repository.query.QueryEnhancerFactories - Hibernate is in classpath; If applicable, HQL parser will be used.
2026-03-09 20:07:45 - INFO - org.springframework.security.config.annotation.authentication.configuration.InitializeAuthenticationProviderBeanManagerConfigurer$InitializeAuthenticationProviderManagerConfigurer - Global AuthenticationManager configured with AuthenticationProvider bean with name authProvider
2026-03-09 20:07:45 - WARN - org.springframework.security.config.annotation.authentication.configuration.InitializeUserDetailsBeanManagerConfigurer$InitializeUserDetailsManagerConfigurer - Global AuthenticationManager configured with an AuthenticationProvider bean. UserDetailsService beans will not be used by Spring Security for automatically configuring username/password login. Consider removing the AuthenticationProvider bean. Alternatively, consider using the UserDetailsService in a manually instantiated DaoAuthenticationProvider. If the current configuration is intentional, to turn off this warning, increase the logging level of 'org.springframework.security.config.annotation.authentication.configuration.InitializeUserDetailsBeanManagerConfigurer' to ERROR
2026-03-09 20:07:45 - WARN - org.springframework.boot.jpa.autoconfigure.JpaBaseConfiguration$JpaWebConfiguration - spring.jpa.open-in-view is enabled by default. Therefore, database queries may be performed during view rendering. Explicitly configure spring.jpa.open-in-view to disable this warning
2026-03-09 20:07:46 - DEBUG - org.springframework.security.web.DefaultSecurityFilterChain - Will secure any request with filters: DisableEncodeUrlFilter, WebAsyncManagerIntegrationFilter, SecurityContextHolderFilter, HeaderWriterFilter, LogoutFilter, JWTFilter, RequestCacheAwareFilter, SecurityContextHolderAwareRequestFilter, AnonymousAuthenticationFilter, SessionManagementFilter, ExceptionTranslationFilter, AuthorizationFilter
2026-03-09 20:07:46 - INFO - org.springframework.boot.tomcat.TomcatWebServer - Tomcat started on port 8080 (http) with context path '/'
2026-03-09 20:07:46 - INFO - com.gotcha.gotcha_api.GotchaApiApplication - Started GotchaApiApplication in 3.952 seconds (process running for 4.335)
2026-03-09 20:12:09 - INFO - org.springframework.boot.tomcat.GracefulShutdown - Commencing graceful shutdown. Waiting for active requests to complete
2026-03-09 20:12:09 - INFO - org.springframework.boot.tomcat.GracefulShutdown - Graceful shutdown complete
2026-03-09 20:12:09 - INFO - org.springframework.orm.jpa.LocalContainerEntityManagerFactoryBean - Closing JPA EntityManagerFactory for persistence unit 'default'
2026-03-09 20:12:09 - INFO - com.zaxxer.hikari.HikariDataSource - HikariPool-1 - Shutdown initiated...
2026-03-09 20:12:09 - INFO - com.zaxxer.hikari.HikariDataSource - HikariPool-1 - Shutdown completed.
2026-03-09 20:12:32 - INFO - com.gotcha.gotcha_api.GotchaApiApplication - Starting GotchaApiApplication using Java 23.0.1 with PID 30936 (G:\Work\gotcha-cafe\gotcha-api\gotcha-api\target\classes started by Maksym in G:\Work\gotcha-cafe\gotcha-api\gotcha-api)
2026-03-09 20:12:32 - INFO - com.gotcha.gotcha_api.GotchaApiApplication - No active profile set, falling back to 1 default profile: "default"
2026-03-09 20:12:34 - INFO - org.springframework.data.repository.config.RepositoryConfigurationDelegate - Bootstrapping Spring Data JPA repositories in DEFAULT mode.
2026-03-09 20:12:34 - INFO - org.springframework.data.repository.config.RepositoryConfigurationDelegate - Finished Spring Data repository scanning in 180 ms. Found 6 JPA repository interfaces.
2026-03-09 20:12:36 - INFO - org.springframework.boot.tomcat.TomcatWebServer - Tomcat initialized with port 8080 (http)
2026-03-09 20:12:36 - INFO - org.apache.catalina.core.StandardService - Starting service [Tomcat]
2026-03-09 20:12:36 - INFO - org.apache.catalina.core.StandardEngine - Starting Servlet engine: [Apache Tomcat/11.0.15]
2026-03-09 20:12:36 - INFO - org.springframework.boot.web.context.servlet.WebApplicationContextInitializer - Root WebApplicationContext: initialization completed in 3838 ms
2026-03-09 20:12:36 - INFO - com.gotcha.gotcha_api.service.JWTService - Generated key length: 256 bits
2026-03-09 20:12:37 - INFO - com.zaxxer.hikari.HikariDataSource - HikariPool-1 - Starting...
2026-03-09 20:12:37 - INFO - com.zaxxer.hikari.pool.HikariPool - HikariPool-1 - Added connection org.postgresql.jdbc.PgConnection@5b7308aa
2026-03-09 20:12:37 - INFO - com.zaxxer.hikari.HikariDataSource - HikariPool-1 - Start completed.
2026-03-09 20:12:37 - INFO - org.flywaydb.core.internal.resource.ResourceNameValidator - 1 SQL migrations were detected but not run because they did not follow the filename convention.
2026-03-09 20:12:37 - INFO - org.flywaydb.core.internal.resource.ResourceNameValidator - Set 'validateMigrationNaming' to true to fail fast and see a list of the invalid file names.
2026-03-09 20:12:37 - INFO - org.flywaydb.core.FlywayExecutor - Database: jdbc:postgresql://localhost:5432/gotcha (PostgreSQL 18.1)
2026-03-09 20:12:38 - INFO - org.flywaydb.core.internal.schemahistory.JdbcTableSchemaHistory - Repair of failed migration in Schema History table "public"."flyway_schema_history" not necessary. No failed migration detected.
2026-03-09 20:12:38 - INFO - org.flywaydb.core.internal.command.DbRepair - Successfully repaired schema history table "public"."flyway_schema_history" (execution time 00:00.227s).
2026-03-09 20:12:38 - INFO - org.flywaydb.core.internal.resource.ResourceNameValidator - 1 SQL migrations were detected but not run because they did not follow the filename convention.
2026-03-09 20:12:38 - INFO - org.flywaydb.core.internal.resource.ResourceNameValidator - Set 'validateMigrationNaming' to true to fail fast and see a list of the invalid file names.
2026-03-09 20:12:38 - INFO - org.flywaydb.core.internal.command.DbValidate - Successfully validated 18 migrations (execution time 00:00.047s)
2026-03-09 20:12:38 - INFO - org.flywaydb.core.internal.command.DbMigrate - Current version of schema "public": 18
2026-03-09 20:12:38 - INFO - org.flywaydb.core.internal.command.DbMigrate - Schema "public" is up to date. No migration necessary.
2026-03-09 20:12:38 - INFO - org.hibernate.orm.jpa - HHH008540: Processing PersistenceUnitInfo [name: default]
2026-03-09 20:12:38 - INFO - org.hibernate.orm.core - HHH000001: Hibernate ORM core version 7.2.1.Final
2026-03-09 20:12:40 - INFO - org.springframework.orm.jpa.persistenceunit.SpringPersistenceUnitInfo - No LoadTimeWeaver setup: ignoring JPA class transformer
2026-03-09 20:12:40 - INFO - org.hibernate.orm.connections.pooling - HHH10001005: Database info:
	Database JDBC URL [jdbc:postgresql://localhost:5432/gotcha]
	Database driver: PostgreSQL JDBC Driver
	Database dialect: PostgreSQLDialect
	Database version: 18.1
	Default catalog/schema: gotcha/public
	Autocommit mode: undefined/unknown
	Isolation level: READ_COMMITTED [default READ_COMMITTED]
	JDBC fetch size: none
	Pool: DataSourceConnectionProvider
	Minimum pool size: undefined/unknown
	Maximum pool size: undefined/unknown
2026-03-09 20:12:43 - INFO - org.hibernate.orm.core - HHH000489: No JTA platform available (set 'hibernate.transaction.jta.platform' to enable JTA platform integration)
2026-03-09 20:12:43 - INFO - org.springframework.orm.jpa.LocalContainerEntityManagerFactoryBean - Initialized JPA EntityManagerFactory for persistence unit 'default'
2026-03-09 20:12:43 - INFO - org.springframework.data.jpa.repository.query.QueryEnhancerFactories - Hibernate is in classpath; If applicable, HQL parser will be used.
2026-03-09 20:12:44 - INFO - org.springframework.security.config.annotation.authentication.configuration.InitializeAuthenticationProviderBeanManagerConfigurer$InitializeAuthenticationProviderManagerConfigurer - Global AuthenticationManager configured with AuthenticationProvider bean with name authProvider
2026-03-09 20:12:44 - WARN - org.springframework.security.config.annotation.authentication.configuration.InitializeUserDetailsBeanManagerConfigurer$InitializeUserDetailsManagerConfigurer - Global AuthenticationManager configured with an AuthenticationProvider bean. UserDetailsService beans will not be used by Spring Security for automatically configuring username/password login. Consider removing the AuthenticationProvider bean. Alternatively, consider using the UserDetailsService in a manually instantiated DaoAuthenticationProvider. If the current configuration is intentional, to turn off this warning, increase the logging level of 'org.springframework.security.config.annotation.authentication.configuration.InitializeUserDetailsBeanManagerConfigurer' to ERROR
2026-03-09 20:12:46 - WARN - org.springframework.boot.jpa.autoconfigure.JpaBaseConfiguration$JpaWebConfiguration - spring.jpa.open-in-view is enabled by default. Therefore, database queries may be performed during view rendering. Explicitly configure spring.jpa.open-in-view to disable this warning
2026-03-09 20:12:46 - DEBUG - org.springframework.security.web.DefaultSecurityFilterChain - Will secure any request with filters: DisableEncodeUrlFilter, WebAsyncManagerIntegrationFilter, SecurityContextHolderFilter, HeaderWriterFilter, LogoutFilter, JWTFilter, RequestCacheAwareFilter, SecurityContextHolderAwareRequestFilter, AnonymousAuthenticationFilter, SessionManagementFilter, ExceptionTranslationFilter, AuthorizationFilter
2026-03-09 20:12:47 - INFO - org.springframework.boot.tomcat.TomcatWebServer - Tomcat started on port 8080 (http) with context path '/'
2026-03-09 20:12:47 - INFO - com.gotcha.gotcha_api.GotchaApiApplication - Started GotchaApiApplication in 16.687 seconds (process running for 18.928)
2026-03-09 20:12:47 - INFO - org.springframework.boot.tomcat.GracefulShutdown - Commencing graceful shutdown. Waiting for active requests to complete
2026-03-09 20:12:47 - INFO - org.springframework.boot.tomcat.GracefulShutdown - Graceful shutdown complete
2026-03-09 20:12:47 - INFO - org.springframework.orm.jpa.LocalContainerEntityManagerFactoryBean - Closing JPA EntityManagerFactory for persistence unit 'default'
2026-03-09 20:12:47 - INFO - com.zaxxer.hikari.HikariDataSource - HikariPool-1 - Shutdown initiated...
2026-03-09 20:12:47 - INFO - com.zaxxer.hikari.HikariDataSource - HikariPool-1 - Shutdown completed.
2026-03-09 20:12:57 - INFO - com.gotcha.gotcha_api.controller.EventRSVPControllerIntegrationTest - Starting EventRSVPControllerIntegrationTest using Java 23.0.1 with PID 22868 (started by Maksym in G:\Work\gotcha-cafe\gotcha-api\gotcha-api)
2026-03-09 20:12:57 - DEBUG - com.gotcha.gotcha_api.controller.EventRSVPControllerIntegrationTest - Running with Spring Boot v4.0.2, Spring v7.0.3
2026-03-09 20:12:57 - INFO - com.gotcha.gotcha_api.controller.EventRSVPControllerIntegrationTest - The following 1 profile is active: "test"
2026-03-09 20:12:59 - INFO - org.springframework.data.repository.config.RepositoryConfigurationDelegate - Bootstrapping Spring Data JPA repositories in DEFAULT mode.
2026-03-09 20:12:59 - INFO - org.springframework.data.repository.config.RepositoryConfigurationDelegate - Finished Spring Data repository scanning in 171 ms. Found 6 JPA repository interfaces.
2026-03-09 20:13:01 - INFO - org.hibernate.orm.jpa - HHH008540: Processing PersistenceUnitInfo [name: default]
2026-03-09 20:13:01 - INFO - org.hibernate.orm.core - HHH000001: Hibernate ORM core version 7.2.1.Final
2026-03-09 20:13:03 - INFO - org.springframework.orm.jpa.persistenceunit.SpringPersistenceUnitInfo - No LoadTimeWeaver setup: ignoring JPA class transformer
2026-03-09 20:13:03 - INFO - com.zaxxer.hikari.HikariDataSource - HikariPool-1 - Starting...
2026-03-09 20:13:03 - INFO - com.zaxxer.hikari.pool.HikariPool - HikariPool-1 - Added connection conn0: url=jdbc:h2:mem:testdb user=POSTGRES
2026-03-09 20:13:04 - INFO - com.zaxxer.hikari.HikariDataSource - HikariPool-1 - Start completed.
2026-03-09 20:13:04 - INFO - org.hibernate.orm.connections.pooling - HHH10001005: Database info:
	Database JDBC URL [jdbc:h2:mem:testdb]
	Database driver: H2 JDBC Driver
	Database dialect: H2Dialect
	Database version: 2.4.240
	Default catalog/schema: testdb/public
	Autocommit mode: undefined/unknown
	Isolation level: READ_COMMITTED [default READ_COMMITTED]
	JDBC fetch size: 100
	Pool: DataSourceConnectionProvider
	Minimum pool size: undefined/unknown
	Maximum pool size: undefined/unknown
2026-03-09 20:13:06 - INFO - org.hibernate.orm.core - HHH000489: No JTA platform available (set 'hibernate.transaction.jta.platform' to enable JTA platform integration)
2026-03-09 20:13:06 - INFO - org.springframework.orm.jpa.LocalContainerEntityManagerFactoryBean - Initialized JPA EntityManagerFactory for persistence unit 'default'
2026-03-09 20:13:06 - INFO - org.springframework.data.jpa.repository.query.QueryEnhancerFactories - Hibernate is in classpath; If applicable, HQL parser will be used.
2026-03-09 20:13:07 - INFO - com.gotcha.gotcha_api.service.JWTService - Generated key length: 256 bits
2026-03-09 20:13:07 - INFO - org.springframework.security.config.annotation.authentication.configuration.InitializeAuthenticationProviderBeanManagerConfigurer$InitializeAuthenticationProviderManagerConfigurer - Global AuthenticationManager configured with AuthenticationProvider bean with name authProvider
2026-03-09 20:13:07 - WARN - org.springframework.security.config.annotation.authentication.configuration.InitializeUserDetailsBeanManagerConfigurer$InitializeUserDetailsManagerConfigurer - Global AuthenticationManager configured with an AuthenticationProvider bean. UserDetailsService beans will not be used by Spring Security for automatically configuring username/password login. Consider removing the AuthenticationProvider bean. Alternatively, consider using the UserDetailsService in a manually instantiated DaoAuthenticationProvider. If the current configuration is intentional, to turn off this warning, increase the logging level of 'org.springframework.security.config.annotation.authentication.configuration.InitializeUserDetailsBeanManagerConfigurer' to ERROR
2026-03-09 20:13:09 - WARN - org.springframework.boot.jpa.autoconfigure.JpaBaseConfiguration$JpaWebConfiguration - spring.jpa.open-in-view is enabled by default. Therefore, database queries may be performed during view rendering. Explicitly configure spring.jpa.open-in-view to disable this warning
2026-03-09 20:13:10 - DEBUG - org.springframework.security.web.DefaultSecurityFilterChain - Will secure any request with filters: DisableEncodeUrlFilter, WebAsyncManagerIntegrationFilter, SecurityContextHolderFilter, HeaderWriterFilter, LogoutFilter, JWTFilter, RequestCacheAwareFilter, SecurityContextHolderAwareRequestFilter, AnonymousAuthenticationFilter, SessionManagementFilter, ExceptionTranslationFilter, AuthorizationFilter
2026-03-09 20:13:11 - DEBUG - com.gotcha.gotcha_api.securityConfig.JWTFilter - Filter 'JWTFilter' configured for use
2026-03-09 20:13:11 - INFO - org.springframework.boot.test.mock.web.SpringBootMockServletContext - Initializing Spring TestDispatcherServlet ''
2026-03-09 20:13:11 - INFO - org.springframework.test.web.servlet.TestDispatcherServlet - Initializing Servlet ''
2026-03-09 20:13:11 - INFO - org.springframework.test.web.servlet.TestDispatcherServlet - Completed initialization in 0 ms
2026-03-09 20:13:11 - INFO - com.gotcha.gotcha_api.controller.EventRSVPControllerIntegrationTest - Started EventRSVPControllerIntegrationTest in 15.532 seconds (process running for 20.488)
2026-03-09 20:13:13 - DEBUG - org.springframework.security.web.FilterChainProxy - Securing POST /api/login
2026-03-09 20:13:13 - DEBUG - org.springframework.security.web.authentication.AnonymousAuthenticationFilter - Set SecurityContextHolder to anonymous SecurityContext
2026-03-09 20:13:13 - DEBUG - org.springframework.security.web.FilterChainProxy - Secured POST /api/login
2026-03-09 20:13:14 - DEBUG - org.springframework.security.authentication.dao.DaoAuthenticationProvider - Authenticated user
2026-03-09 20:13:14 - DEBUG - org.springframework.security.web.FilterChainProxy - Securing POST /api/member/event/rsvp
2026-03-09 20:13:14 - DEBUG - org.springframework.security.web.FilterChainProxy - Secured POST /api/member/event/rsvp
2026-03-09 20:13:14 - INFO - com.gotcha.gotcha_api.service.EventRSVPService - Submitting RSVP
2026-03-09 20:13:15 - INFO - com.gotcha.gotcha_api.service.EventRSVPService - User email: admin2@gotcha.com 
2026-03-09 20:13:15 - WARN - org.hibernate.orm.jdbc.error - HHH000247: ErrorCode: 22001, SQLState: 22001
2026-03-09 20:13:15 - WARN - org.hibernate.orm.jdbc.error - Value too long for column "image_key CHARACTER VARYING(255)": "'https://test-bucket.s3.eu-west-1.amazonaws.com/test-image-key.jpg?X-Amz-Algorit... (319)"; SQL statement:
update events set created_at=?,description=?,event_date=?,image_key=?,location=?,title=? where event_id=? [22001-240]
2026-03-09 20:13:15 - DEBUG - org.springframework.security.web.FilterChainProxy - Securing POST /api/login
2026-03-09 20:13:15 - DEBUG - org.springframework.security.web.authentication.AnonymousAuthenticationFilter - Set SecurityContextHolder to anonymous SecurityContext
2026-03-09 20:13:15 - DEBUG - org.springframework.security.web.FilterChainProxy - Secured POST /api/login
2026-03-09 20:13:15 - DEBUG - org.springframework.security.authentication.dao.DaoAuthenticationProvider - Authenticated user
2026-03-09 20:13:15 - DEBUG - org.springframework.security.web.FilterChainProxy - Securing POST /api/member/event/rsvp
2026-03-09 20:13:15 - DEBUG - org.springframework.security.web.FilterChainProxy - Secured POST /api/member/event/rsvp
2026-03-09 20:13:15 - INFO - com.gotcha.gotcha_api.service.EventRSVPService - Submitting RSVP
2026-03-09 20:13:15 - INFO - com.gotcha.gotcha_api.service.EventRSVPService - User email: admin2@gotcha.com 
2026-03-09 20:13:16 - DEBUG - org.springframework.security.web.FilterChainProxy - Securing POST /api/login
2026-03-09 20:13:16 - DEBUG - org.springframework.security.web.authentication.AnonymousAuthenticationFilter - Set SecurityContextHolder to anonymous SecurityContext
2026-03-09 20:13:16 - DEBUG - org.springframework.security.web.FilterChainProxy - Secured POST /api/login
2026-03-09 20:13:16 - DEBUG - org.springframework.security.authentication.dao.DaoAuthenticationProvider - Authenticated user
2026-03-09 20:13:16 - DEBUG - org.springframework.security.web.FilterChainProxy - Securing GET /api/admin/event/3/rsvp
2026-03-09 20:13:16 - DEBUG - org.springframework.security.web.FilterChainProxy - Secured GET /api/admin/event/3/rsvp
2026-03-09 20:13:16 - DEBUG - org.springframework.security.web.FilterChainProxy - Securing POST /api/login
2026-03-09 20:13:16 - DEBUG - org.springframework.security.web.authentication.AnonymousAuthenticationFilter - Set SecurityContextHolder to anonymous SecurityContext
2026-03-09 20:13:16 - DEBUG - org.springframework.security.web.FilterChainProxy - Secured POST /api/login
2026-03-09 20:13:17 - DEBUG - org.springframework.security.authentication.dao.DaoAuthenticationProvider - Authenticated user
2026-03-09 20:13:17 - DEBUG - org.springframework.security.web.FilterChainProxy - Securing POST /api/member/event/rsvp
2026-03-09 20:13:17 - DEBUG - org.springframework.security.web.FilterChainProxy - Secured POST /api/member/event/rsvp
2026-03-09 20:13:17 - INFO - com.gotcha.gotcha_api.service.EventRSVPService - Submitting RSVP
2026-03-09 20:13:17 - INFO - com.gotcha.gotcha_api.service.EventRSVPService - User email: admin2@gotcha.com 
2026-03-09 20:13:17 - WARN - org.hibernate.orm.jdbc.error - HHH000247: ErrorCode: 22001, SQLState: 22001
2026-03-09 20:13:17 - WARN - org.hibernate.orm.jdbc.error - Value too long for column "image_key CHARACTER VARYING(255)": "'https://test-bucket.s3.eu-west-1.amazonaws.com/test-image-key.jpg?X-Amz-Algorit... (319)"; SQL statement:
update events set created_at=?,description=?,event_date=?,image_key=?,location=?,title=? where event_id=? [22001-240]
2026-03-09 20:13:17 - DEBUG - org.springframework.security.web.FilterChainProxy - Securing POST /api/login
2026-03-09 20:13:17 - DEBUG - org.springframework.security.web.authentication.AnonymousAuthenticationFilter - Set SecurityContextHolder to anonymous SecurityContext
2026-03-09 20:13:17 - DEBUG - org.springframework.security.web.FilterChainProxy - Secured POST /api/login
2026-03-09 20:13:18 - DEBUG - org.springframework.security.authentication.dao.DaoAuthenticationProvider - Authenticated user
2026-03-09 20:13:18 - DEBUG - org.springframework.security.web.FilterChainProxy - Securing POST /api/member/event/rsvp
2026-03-09 20:13:18 - DEBUG - org.springframework.security.web.FilterChainProxy - Secured POST /api/member/event/rsvp
2026-03-09 20:13:18 - INFO - com.gotcha.gotcha_api.service.EventRSVPService - Submitting RSVP
2026-03-09 20:13:18 - INFO - com.gotcha.gotcha_api.service.EventRSVPService - User email: admin2@gotcha.com 
2026-03-09 20:13:18 - WARN - org.hibernate.orm.jdbc.error - HHH000247: ErrorCode: 22001, SQLState: 22001
2026-03-09 20:13:18 - WARN - org.hibernate.orm.jdbc.error - Value too long for column "image_key CHARACTER VARYING(255)": "'https://test-bucket.s3.eu-west-1.amazonaws.com/test-image-key.jpg?X-Amz-Algorit... (319)"; SQL statement:
update events set created_at=?,description=?,event_date=?,image_key=?,location=?,title=? where event_id=? [22001-240]
2026-03-09 20:13:18 - DEBUG - org.springframework.security.web.FilterChainProxy - Securing POST /api/login
2026-03-09 20:13:18 - DEBUG - org.springframework.security.web.authentication.AnonymousAuthenticationFilter - Set SecurityContextHolder to anonymous SecurityContext
2026-03-09 20:13:18 - DEBUG - org.springframework.security.web.FilterChainProxy - Secured POST /api/login
2026-03-09 20:13:18 - DEBUG - org.springframework.security.authentication.dao.DaoAuthenticationProvider - Authenticated user
2026-03-09 20:13:18 - DEBUG - org.springframework.security.web.FilterChainProxy - Securing POST /api/member/event/rsvp
2026-03-09 20:13:18 - DEBUG - org.springframework.security.web.authentication.AnonymousAuthenticationFilter - Set SecurityContextHolder to anonymous SecurityContext
2026-03-09 20:13:19 - DEBUG - org.springframework.security.web.FilterChainProxy - Securing POST /api/login
2026-03-09 20:13:19 - DEBUG - org.springframework.security.web.authentication.AnonymousAuthenticationFilter - Set SecurityContextHolder to anonymous SecurityContext
2026-03-09 20:13:19 - DEBUG - org.springframework.security.web.FilterChainProxy - Secured POST /api/login
2026-03-09 20:13:19 - DEBUG - org.springframework.security.authentication.dao.DaoAuthenticationProvider - Authenticated user
2026-03-09 20:13:19 - DEBUG - org.springframework.security.web.FilterChainProxy - Securing GET /api/admin/event/rsvp
2026-03-09 20:13:19 - DEBUG - org.springframework.security.web.FilterChainProxy - Secured GET /api/admin/event/rsvp
2026-03-09 20:13:20 - DEBUG - org.springframework.security.web.FilterChainProxy - Securing POST /api/login
2026-03-09 20:13:20 - DEBUG - org.springframework.security.web.authentication.AnonymousAuthenticationFilter - Set SecurityContextHolder to anonymous SecurityContext
2026-03-09 20:13:20 - DEBUG - org.springframework.security.web.FilterChainProxy - Secured POST /api/login
2026-03-09 20:13:20 - DEBUG - org.springframework.security.authentication.dao.DaoAuthenticationProvider - Authenticated user
2026-03-09 20:13:20 - DEBUG - org.springframework.security.web.FilterChainProxy - Securing GET /api/admin/user/8/rsvp
2026-03-09 20:13:20 - DEBUG - org.springframework.security.web.FilterChainProxy - Secured GET /api/admin/user/8/rsvp
2026-03-09 20:13:20 - INFO - org.springframework.orm.jpa.LocalContainerEntityManagerFactoryBean - Closing JPA EntityManagerFactory for persistence unit 'default'
2026-03-09 20:13:20 - INFO - com.zaxxer.hikari.HikariDataSource - HikariPool-1 - Shutdown initiated...
2026-03-09 20:13:20 - INFO - com.zaxxer.hikari.HikariDataSource - HikariPool-1 - Shutdown completed.
2026-03-09 20:14:58 - INFO - com.gotcha.gotcha_api.controller.EventRSVPControllerIntegrationTest - Starting EventRSVPControllerIntegrationTest using Java 23.0.1 with PID 27952 (started by Maksym in G:\Work\gotcha-cafe\gotcha-api\gotcha-api)
2026-03-09 20:14:58 - DEBUG - com.gotcha.gotcha_api.controller.EventRSVPControllerIntegrationTest - Running with Spring Boot v4.0.2, Spring v7.0.3
2026-03-09 20:14:58 - INFO - com.gotcha.gotcha_api.controller.EventRSVPControllerIntegrationTest - The following 1 profile is active: "test"
2026-03-09 20:15:00 - INFO - org.springframework.data.repository.config.RepositoryConfigurationDelegate - Bootstrapping Spring Data JPA repositories in DEFAULT mode.
2026-03-09 20:15:00 - INFO - org.springframework.data.repository.config.RepositoryConfigurationDelegate - Finished Spring Data repository scanning in 187 ms. Found 6 JPA repository interfaces.
2026-03-09 20:15:02 - INFO - org.hibernate.orm.jpa - HHH008540: Processing PersistenceUnitInfo [name: default]
2026-03-09 20:15:02 - INFO - org.hibernate.orm.core - HHH000001: Hibernate ORM core version 7.2.1.Final
2026-03-09 20:15:04 - INFO - org.springframework.orm.jpa.persistenceunit.SpringPersistenceUnitInfo - No LoadTimeWeaver setup: ignoring JPA class transformer
2026-03-09 20:15:04 - INFO - com.zaxxer.hikari.HikariDataSource - HikariPool-1 - Starting...
2026-03-09 20:15:04 - INFO - com.zaxxer.hikari.pool.HikariPool - HikariPool-1 - Added connection conn0: url=jdbc:h2:mem:testdb user=POSTGRES
2026-03-09 20:15:04 - INFO - com.zaxxer.hikari.HikariDataSource - HikariPool-1 - Start completed.
2026-03-09 20:15:05 - INFO - org.hibernate.orm.connections.pooling - HHH10001005: Database info:
	Database JDBC URL [jdbc:h2:mem:testdb]
	Database driver: H2 JDBC Driver
	Database dialect: H2Dialect
	Database version: 2.4.240
	Default catalog/schema: testdb/public
	Autocommit mode: undefined/unknown
	Isolation level: READ_COMMITTED [default READ_COMMITTED]
	JDBC fetch size: 100
	Pool: DataSourceConnectionProvider
	Minimum pool size: undefined/unknown
	Maximum pool size: undefined/unknown
2026-03-09 20:15:08 - INFO - org.hibernate.orm.core - HHH000489: No JTA platform available (set 'hibernate.transaction.jta.platform' to enable JTA platform integration)
2026-03-09 20:15:08 - INFO - org.springframework.orm.jpa.LocalContainerEntityManagerFactoryBean - Initialized JPA EntityManagerFactory for persistence unit 'default'
2026-03-09 20:15:08 - INFO - org.springframework.data.jpa.repository.query.QueryEnhancerFactories - Hibernate is in classpath; If applicable, HQL parser will be used.
2026-03-09 20:15:09 - INFO - com.gotcha.gotcha_api.service.JWTService - Generated key length: 256 bits
2026-03-09 20:15:09 - INFO - org.springframework.security.config.annotation.authentication.configuration.InitializeAuthenticationProviderBeanManagerConfigurer$InitializeAuthenticationProviderManagerConfigurer - Global AuthenticationManager configured with AuthenticationProvider bean with name authProvider
2026-03-09 20:15:09 - WARN - org.springframework.security.config.annotation.authentication.configuration.InitializeUserDetailsBeanManagerConfigurer$InitializeUserDetailsManagerConfigurer - Global AuthenticationManager configured with an AuthenticationProvider bean. UserDetailsService beans will not be used by Spring Security for automatically configuring username/password login. Consider removing the AuthenticationProvider bean. Alternatively, consider using the UserDetailsService in a manually instantiated DaoAuthenticationProvider. If the current configuration is intentional, to turn off this warning, increase the logging level of 'org.springframework.security.config.annotation.authentication.configuration.InitializeUserDetailsBeanManagerConfigurer' to ERROR
2026-03-09 20:15:11 - WARN - org.springframework.boot.jpa.autoconfigure.JpaBaseConfiguration$JpaWebConfiguration - spring.jpa.open-in-view is enabled by default. Therefore, database queries may be performed during view rendering. Explicitly configure spring.jpa.open-in-view to disable this warning
2026-03-09 20:15:12 - DEBUG - org.springframework.security.web.DefaultSecurityFilterChain - Will secure any request with filters: DisableEncodeUrlFilter, WebAsyncManagerIntegrationFilter, SecurityContextHolderFilter, HeaderWriterFilter, LogoutFilter, JWTFilter, RequestCacheAwareFilter, SecurityContextHolderAwareRequestFilter, AnonymousAuthenticationFilter, SessionManagementFilter, ExceptionTranslationFilter, AuthorizationFilter
2026-03-09 20:15:13 - DEBUG - com.gotcha.gotcha_api.securityConfig.JWTFilter - Filter 'JWTFilter' configured for use
2026-03-09 20:15:13 - INFO - org.springframework.boot.test.mock.web.SpringBootMockServletContext - Initializing Spring TestDispatcherServlet ''
2026-03-09 20:15:13 - INFO - org.springframework.test.web.servlet.TestDispatcherServlet - Initializing Servlet ''
2026-03-09 20:15:13 - INFO - org.springframework.test.web.servlet.TestDispatcherServlet - Completed initialization in 4 ms
2026-03-09 20:15:13 - INFO - com.gotcha.gotcha_api.controller.EventRSVPControllerIntegrationTest - Started EventRSVPControllerIntegrationTest in 16.777 seconds (process running for 22.092)
2026-03-09 20:15:15 - DEBUG - org.springframework.security.web.FilterChainProxy - Securing POST /api/login
2026-03-09 20:15:15 - DEBUG - org.springframework.security.web.authentication.AnonymousAuthenticationFilter - Set SecurityContextHolder to anonymous SecurityContext
2026-03-09 20:15:15 - DEBUG - org.springframework.security.web.FilterChainProxy - Secured POST /api/login
2026-03-09 20:15:18 - DEBUG - org.springframework.security.authentication.dao.DaoAuthenticationProvider - Authenticated user
2026-03-09 20:15:18 - DEBUG - org.springframework.security.web.FilterChainProxy - Securing POST /api/member/event/rsvp
2026-03-09 20:15:18 - DEBUG - org.springframework.security.web.FilterChainProxy - Secured POST /api/member/event/rsvp
2026-03-09 20:15:18 - INFO - com.gotcha.gotcha_api.service.EventRSVPService - Submitting RSVP
2026-03-09 20:15:19 - INFO - com.gotcha.gotcha_api.service.EventRSVPService - User email: admin2@gotcha.com 
2026-03-09 20:15:19 - WARN - org.hibernate.orm.jdbc.error - HHH000247: ErrorCode: 22001, SQLState: 22001
2026-03-09 20:15:19 - WARN - org.hibernate.orm.jdbc.error - Value too long for column "image_key CHARACTER VARYING(255)": "'https://test-bucket.s3.eu-west-1.amazonaws.com/test-image-key.jpg?X-Amz-Algorit... (319)"; SQL statement:
update events set created_at=?,description=?,event_date=?,image_key=?,location=?,title=? where event_id=? [22001-240]
2026-03-09 20:15:20 - DEBUG - org.springframework.security.web.FilterChainProxy - Securing POST /api/login
2026-03-09 20:15:20 - DEBUG - org.springframework.security.web.authentication.AnonymousAuthenticationFilter - Set SecurityContextHolder to anonymous SecurityContext
2026-03-09 20:15:20 - DEBUG - org.springframework.security.web.FilterChainProxy - Secured POST /api/login
2026-03-09 20:15:20 - DEBUG - org.springframework.security.authentication.dao.DaoAuthenticationProvider - Authenticated user
2026-03-09 20:15:20 - DEBUG - org.springframework.security.web.FilterChainProxy - Securing POST /api/member/event/rsvp
2026-03-09 20:15:20 - DEBUG - org.springframework.security.web.FilterChainProxy - Secured POST /api/member/event/rsvp
2026-03-09 20:15:20 - INFO - com.gotcha.gotcha_api.service.EventRSVPService - Submitting RSVP
2026-03-09 20:15:20 - INFO - com.gotcha.gotcha_api.service.EventRSVPService - User email: admin2@gotcha.com 
2026-03-09 20:15:21 - DEBUG - org.springframework.security.web.FilterChainProxy - Securing POST /api/login
2026-03-09 20:15:21 - DEBUG - org.springframework.security.web.authentication.AnonymousAuthenticationFilter - Set SecurityContextHolder to anonymous SecurityContext
2026-03-09 20:15:21 - DEBUG - org.springframework.security.web.FilterChainProxy - Secured POST /api/login
2026-03-09 20:15:21 - INFO - org.springframework.orm.jpa.LocalContainerEntityManagerFactoryBean - Closing JPA EntityManagerFactory for persistence unit 'default'
2026-03-09 20:15:21 - DEBUG - org.springframework.security.authentication.dao.DaoAuthenticationProvider - Authenticated user
2026-03-09 20:15:21 - WARN - org.hibernate.orm.jdbc.error - HHH000247: ErrorCode: 42102, SQLState: 42S02
2026-03-09 20:15:21 - WARN - org.hibernate.orm.jdbc.error - Table "events" not found; SQL statement:
insert into events (created_at,description,event_date,image_key,location,title,event_id) values (?,?,?,?,?,?,default) [42102-240]
2026-03-09 20:15:21 - INFO - com.zaxxer.hikari.HikariDataSource - HikariPool-1 - Shutdown initiated...
2026-03-09 20:15:21 - INFO - com.zaxxer.hikari.HikariDataSource - HikariPool-1 - Shutdown completed.
2026-03-09 20:15:28 - INFO - com.gotcha.gotcha_api.GotchaApiApplication - Starting GotchaApiApplication using Java 23.0.1 with PID 2332 (G:\Work\gotcha-cafe\gotcha-api\gotcha-api\target\classes started by Maksym in G:\Work\gotcha-cafe\gotcha-api\gotcha-api)
2026-03-09 20:15:28 - INFO - com.gotcha.gotcha_api.GotchaApiApplication - No active profile set, falling back to 1 default profile: "default"
2026-03-09 20:15:30 - INFO - org.springframework.data.repository.config.RepositoryConfigurationDelegate - Bootstrapping Spring Data JPA repositories in DEFAULT mode.
2026-03-09 20:15:30 - INFO - org.springframework.data.repository.config.RepositoryConfigurationDelegate - Finished Spring Data repository scanning in 84 ms. Found 6 JPA repository interfaces.
2026-03-09 20:15:31 - INFO - org.springframework.boot.tomcat.TomcatWebServer - Tomcat initialized with port 8080 (http)
2026-03-09 20:15:31 - INFO - org.apache.catalina.core.StandardService - Starting service [Tomcat]
2026-03-09 20:15:31 - INFO - org.apache.catalina.core.StandardEngine - Starting Servlet engine: [Apache Tomcat/11.0.15]
2026-03-09 20:15:31 - INFO - org.springframework.boot.web.context.servlet.WebApplicationContextInitializer - Root WebApplicationContext: initialization completed in 2212 ms
2026-03-09 20:15:31 - INFO - com.gotcha.gotcha_api.service.JWTService - Generated key length: 256 bits
2026-03-09 20:15:31 - INFO - com.zaxxer.hikari.HikariDataSource - HikariPool-1 - Starting...
2026-03-09 20:15:31 - INFO - com.zaxxer.hikari.pool.HikariPool - HikariPool-1 - Added connection org.postgresql.jdbc.PgConnection@6987a133
2026-03-09 20:15:31 - INFO - com.zaxxer.hikari.HikariDataSource - HikariPool-1 - Start completed.
2026-03-09 20:15:32 - INFO - org.flywaydb.core.internal.resource.ResourceNameValidator - 1 SQL migrations were detected but not run because they did not follow the filename convention.
2026-03-09 20:15:32 - INFO - org.flywaydb.core.internal.resource.ResourceNameValidator - Set 'validateMigrationNaming' to true to fail fast and see a list of the invalid file names.
2026-03-09 20:15:32 - INFO - org.flywaydb.core.FlywayExecutor - Database: jdbc:postgresql://localhost:5432/gotcha (PostgreSQL 18.1)
2026-03-09 20:15:32 - INFO - org.flywaydb.core.internal.schemahistory.JdbcTableSchemaHistory - Repair of failed migration in Schema History table "public"."flyway_schema_history" not necessary. No failed migration detected.
2026-03-09 20:15:32 - INFO - org.flywaydb.core.internal.command.DbRepair - Successfully repaired schema history table "public"."flyway_schema_history" (execution time 00:00.070s).
2026-03-09 20:15:32 - INFO - org.flywaydb.core.internal.resource.ResourceNameValidator - 1 SQL migrations were detected but not run because they did not follow the filename convention.
2026-03-09 20:15:32 - INFO - org.flywaydb.core.internal.resource.ResourceNameValidator - Set 'validateMigrationNaming' to true to fail fast and see a list of the invalid file names.
2026-03-09 20:15:32 - INFO - org.flywaydb.core.internal.command.DbValidate - Successfully validated 18 migrations (execution time 00:00.012s)
2026-03-09 20:15:32 - INFO - org.flywaydb.core.internal.command.DbMigrate - Current version of schema "public": 18
2026-03-09 20:15:32 - INFO - org.flywaydb.core.internal.command.DbMigrate - Schema "public" is up to date. No migration necessary.
2026-03-09 20:15:32 - INFO - org.hibernate.orm.jpa - HHH008540: Processing PersistenceUnitInfo [name: default]
2026-03-09 20:15:32 - INFO - org.hibernate.orm.core - HHH000001: Hibernate ORM core version 7.2.1.Final
2026-03-09 20:15:32 - INFO - org.springframework.orm.jpa.persistenceunit.SpringPersistenceUnitInfo - No LoadTimeWeaver setup: ignoring JPA class transformer
2026-03-09 20:15:33 - INFO - org.hibernate.orm.connections.pooling - HHH10001005: Database info:
	Database JDBC URL [jdbc:postgresql://localhost:5432/gotcha]
	Database driver: PostgreSQL JDBC Driver
	Database dialect: PostgreSQLDialect
	Database version: 18.1
	Default catalog/schema: gotcha/public
	Autocommit mode: undefined/unknown
	Isolation level: READ_COMMITTED [default READ_COMMITTED]
	JDBC fetch size: none
	Pool: DataSourceConnectionProvider
	Minimum pool size: undefined/unknown
	Maximum pool size: undefined/unknown
2026-03-09 20:15:34 - INFO - org.hibernate.orm.core - HHH000489: No JTA platform available (set 'hibernate.transaction.jta.platform' to enable JTA platform integration)
2026-03-09 20:15:34 - INFO - org.springframework.orm.jpa.LocalContainerEntityManagerFactoryBean - Initialized JPA EntityManagerFactory for persistence unit 'default'
2026-03-09 20:15:34 - INFO - org.springframework.data.jpa.repository.query.QueryEnhancerFactories - Hibernate is in classpath; If applicable, HQL parser will be used.
2026-03-09 20:15:34 - INFO - org.springframework.security.config.annotation.authentication.configuration.InitializeAuthenticationProviderBeanManagerConfigurer$InitializeAuthenticationProviderManagerConfigurer - Global AuthenticationManager configured with AuthenticationProvider bean with name authProvider
2026-03-09 20:15:34 - WARN - org.springframework.security.config.annotation.authentication.configuration.InitializeUserDetailsBeanManagerConfigurer$InitializeUserDetailsManagerConfigurer - Global AuthenticationManager configured with an AuthenticationProvider bean. UserDetailsService beans will not be used by Spring Security for automatically configuring username/password login. Consider removing the AuthenticationProvider bean. Alternatively, consider using the UserDetailsService in a manually instantiated DaoAuthenticationProvider. If the current configuration is intentional, to turn off this warning, increase the logging level of 'org.springframework.security.config.annotation.authentication.configuration.InitializeUserDetailsBeanManagerConfigurer' to ERROR
2026-03-09 20:15:35 - WARN - org.springframework.boot.jpa.autoconfigure.JpaBaseConfiguration$JpaWebConfiguration - spring.jpa.open-in-view is enabled by default. Therefore, database queries may be performed during view rendering. Explicitly configure spring.jpa.open-in-view to disable this warning
2026-03-09 20:15:35 - DEBUG - org.springframework.security.web.DefaultSecurityFilterChain - Will secure any request with filters: DisableEncodeUrlFilter, WebAsyncManagerIntegrationFilter, SecurityContextHolderFilter, HeaderWriterFilter, LogoutFilter, JWTFilter, RequestCacheAwareFilter, SecurityContextHolderAwareRequestFilter, AnonymousAuthenticationFilter, SessionManagementFilter, ExceptionTranslationFilter, AuthorizationFilter
2026-03-09 20:15:35 - INFO - org.springframework.boot.tomcat.TomcatWebServer - Tomcat started on port 8080 (http) with context path '/'
2026-03-09 20:15:35 - INFO - com.gotcha.gotcha_api.GotchaApiApplication - Started GotchaApiApplication in 8.173 seconds (process running for 9.233)
2026-03-09 20:18:38 - INFO - org.springframework.boot.tomcat.GracefulShutdown - Commencing graceful shutdown. Waiting for active requests to complete
2026-03-09 20:18:38 - INFO - org.springframework.boot.tomcat.GracefulShutdown - Graceful shutdown complete
2026-03-09 20:18:38 - INFO - org.springframework.orm.jpa.LocalContainerEntityManagerFactoryBean - Closing JPA EntityManagerFactory for persistence unit 'default'
2026-03-09 20:18:38 - INFO - com.zaxxer.hikari.HikariDataSource - HikariPool-1 - Shutdown initiated...
2026-03-09 20:18:38 - INFO - com.zaxxer.hikari.HikariDataSource - HikariPool-1 - Shutdown completed.
2026-03-09 20:18:45 - INFO - com.gotcha.gotcha_api.GotchaApiApplication - Starting GotchaApiApplication using Java 23.0.1 with PID 26484 (G:\Work\gotcha-cafe\gotcha-api\gotcha-api\target\classes started by Maksym in G:\Work\gotcha-cafe\gotcha-api\gotcha-api)
2026-03-09 20:18:45 - INFO - com.gotcha.gotcha_api.GotchaApiApplication - No active profile set, falling back to 1 default profile: "default"
2026-03-09 20:18:46 - INFO - org.springframework.data.repository.config.RepositoryConfigurationDelegate - Bootstrapping Spring Data JPA repositories in DEFAULT mode.
2026-03-09 20:18:46 - INFO - org.springframework.data.repository.config.RepositoryConfigurationDelegate - Finished Spring Data repository scanning in 88 ms. Found 6 JPA repository interfaces.
2026-03-09 20:18:47 - INFO - org.springframework.boot.tomcat.TomcatWebServer - Tomcat initialized with port 8080 (http)
2026-03-09 20:18:47 - INFO - org.apache.catalina.core.StandardService - Starting service [Tomcat]
2026-03-09 20:18:47 - INFO - org.apache.catalina.core.StandardEngine - Starting Servlet engine: [Apache Tomcat/11.0.15]
2026-03-09 20:18:48 - INFO - org.springframework.boot.web.context.servlet.WebApplicationContextInitializer - Root WebApplicationContext: initialization completed in 2827 ms
2026-03-09 20:18:48 - INFO - com.gotcha.gotcha_api.service.JWTService - Generated key length: 256 bits
2026-03-09 20:18:48 - INFO - com.zaxxer.hikari.HikariDataSource - HikariPool-1 - Starting...
2026-03-09 20:18:49 - INFO - com.zaxxer.hikari.pool.HikariPool - HikariPool-1 - Added connection org.postgresql.jdbc.PgConnection@42aa1324
2026-03-09 20:18:49 - INFO - com.zaxxer.hikari.HikariDataSource - HikariPool-1 - Start completed.
2026-03-09 20:18:49 - INFO - org.flywaydb.core.internal.resource.ResourceNameValidator - 1 SQL migrations were detected but not run because they did not follow the filename convention.
2026-03-09 20:18:49 - INFO - org.flywaydb.core.internal.resource.ResourceNameValidator - Set 'validateMigrationNaming' to true to fail fast and see a list of the invalid file names.
2026-03-09 20:18:49 - INFO - org.flywaydb.core.FlywayExecutor - Database: jdbc:postgresql://localhost:5432/gotcha (PostgreSQL 18.1)
2026-03-09 20:18:49 - INFO - org.flywaydb.core.internal.schemahistory.JdbcTableSchemaHistory - Repair of failed migration in Schema History table "public"."flyway_schema_history" not necessary. No failed migration detected.
2026-03-09 20:18:49 - INFO - org.flywaydb.core.internal.command.DbRepair - Successfully repaired schema history table "public"."flyway_schema_history" (execution time 00:00.158s).
2026-03-09 20:18:49 - INFO - org.flywaydb.core.internal.resource.ResourceNameValidator - 1 SQL migrations were detected but not run because they did not follow the filename convention.
2026-03-09 20:18:49 - INFO - org.flywaydb.core.internal.resource.ResourceNameValidator - Set 'validateMigrationNaming' to true to fail fast and see a list of the invalid file names.
2026-03-09 20:18:49 - INFO - org.flywaydb.core.internal.command.DbValidate - Successfully validated 18 migrations (execution time 00:00.039s)
2026-03-09 20:18:49 - INFO - org.flywaydb.core.internal.command.DbMigrate - Current version of schema "public": 18
2026-03-09 20:18:50 - INFO - org.flywaydb.core.internal.command.DbMigrate - Schema "public" is up to date. No migration necessary.
2026-03-09 20:18:50 - INFO - org.hibernate.orm.jpa - HHH008540: Processing PersistenceUnitInfo [name: default]
2026-03-09 20:18:50 - INFO - org.hibernate.orm.core - HHH000001: Hibernate ORM core version 7.2.1.Final
2026-03-09 20:18:51 - INFO - org.springframework.orm.jpa.persistenceunit.SpringPersistenceUnitInfo - No LoadTimeWeaver setup: ignoring JPA class transformer
2026-03-09 20:18:51 - INFO - org.hibernate.orm.connections.pooling - HHH10001005: Database info:
	Database JDBC URL [jdbc:postgresql://localhost:5432/gotcha]
	Database driver: PostgreSQL JDBC Driver
	Database dialect: PostgreSQLDialect
	Database version: 18.1
	Default catalog/schema: gotcha/public
	Autocommit mode: undefined/unknown
	Isolation level: READ_COMMITTED [default READ_COMMITTED]
	JDBC fetch size: none
	Pool: DataSourceConnectionProvider
	Minimum pool size: undefined/unknown
	Maximum pool size: undefined/unknown
2026-03-09 20:18:54 - INFO - org.hibernate.orm.core - HHH000489: No JTA platform available (set 'hibernate.transaction.jta.platform' to enable JTA platform integration)
2026-03-09 20:18:54 - INFO - org.springframework.orm.jpa.LocalContainerEntityManagerFactoryBean - Initialized JPA EntityManagerFactory for persistence unit 'default'
2026-03-09 20:18:54 - INFO - org.springframework.data.jpa.repository.query.QueryEnhancerFactories - Hibernate is in classpath; If applicable, HQL parser will be used.
2026-03-09 20:18:54 - INFO - org.springframework.security.config.annotation.authentication.configuration.InitializeAuthenticationProviderBeanManagerConfigurer$InitializeAuthenticationProviderManagerConfigurer - Global AuthenticationManager configured with AuthenticationProvider bean with name authProvider
2026-03-09 20:18:54 - WARN - org.springframework.security.config.annotation.authentication.configuration.InitializeUserDetailsBeanManagerConfigurer$InitializeUserDetailsManagerConfigurer - Global AuthenticationManager configured with an AuthenticationProvider bean. UserDetailsService beans will not be used by Spring Security for automatically configuring username/password login. Consider removing the AuthenticationProvider bean. Alternatively, consider using the UserDetailsService in a manually instantiated DaoAuthenticationProvider. If the current configuration is intentional, to turn off this warning, increase the logging level of 'org.springframework.security.config.annotation.authentication.configuration.InitializeUserDetailsBeanManagerConfigurer' to ERROR
2026-03-09 20:18:55 - WARN - org.springframework.boot.jpa.autoconfigure.JpaBaseConfiguration$JpaWebConfiguration - spring.jpa.open-in-view is enabled by default. Therefore, database queries may be performed during view rendering. Explicitly configure spring.jpa.open-in-view to disable this warning
2026-03-09 20:18:55 - DEBUG - org.springframework.security.web.DefaultSecurityFilterChain - Will secure any request with filters: DisableEncodeUrlFilter, WebAsyncManagerIntegrationFilter, SecurityContextHolderFilter, HeaderWriterFilter, LogoutFilter, JWTFilter, RequestCacheAwareFilter, SecurityContextHolderAwareRequestFilter, AnonymousAuthenticationFilter, SessionManagementFilter, ExceptionTranslationFilter, AuthorizationFilter
2026-03-09 20:18:56 - INFO - org.springframework.boot.tomcat.TomcatWebServer - Tomcat started on port 8080 (http) with context path '/'
2026-03-09 20:18:56 - INFO - com.gotcha.gotcha_api.GotchaApiApplication - Started GotchaApiApplication in 12.648 seconds (process running for 14.226)
2026-03-09 20:20:13 - INFO - org.springframework.boot.tomcat.GracefulShutdown - Commencing graceful shutdown. Waiting for active requests to complete
2026-03-09 20:20:13 - INFO - org.springframework.boot.tomcat.GracefulShutdown - Graceful shutdown complete
2026-03-09 20:20:13 - INFO - org.springframework.orm.jpa.LocalContainerEntityManagerFactoryBean - Closing JPA EntityManagerFactory for persistence unit 'default'
2026-03-09 20:20:13 - INFO - com.zaxxer.hikari.HikariDataSource - HikariPool-1 - Shutdown initiated...
2026-03-09 20:20:13 - INFO - com.zaxxer.hikari.HikariDataSource - HikariPool-1 - Shutdown completed.
2026-03-09 20:20:15 - INFO - com.gotcha.gotcha_api.GotchaApiApplication - Starting GotchaApiApplication using Java 23.0.1 with PID 12032 (G:\Work\gotcha-cafe\gotcha-api\gotcha-api\target\classes started by Maksym in G:\Work\gotcha-cafe\gotcha-api\gotcha-api)
2026-03-09 20:20:15 - INFO - com.gotcha.gotcha_api.GotchaApiApplication - No active profile set, falling back to 1 default profile: "default"
2026-03-09 20:20:16 - INFO - org.springframework.data.repository.config.RepositoryConfigurationDelegate - Bootstrapping Spring Data JPA repositories in DEFAULT mode.
2026-03-09 20:20:16 - INFO - org.springframework.data.repository.config.RepositoryConfigurationDelegate - Finished Spring Data repository scanning in 46 ms. Found 6 JPA repository interfaces.
2026-03-09 20:20:16 - INFO - org.springframework.boot.tomcat.TomcatWebServer - Tomcat initialized with port 8080 (http)
2026-03-09 20:20:16 - INFO - org.apache.catalina.core.StandardService - Starting service [Tomcat]
2026-03-09 20:20:16 - INFO - org.apache.catalina.core.StandardEngine - Starting Servlet engine: [Apache Tomcat/11.0.15]
2026-03-09 20:20:16 - INFO - org.springframework.boot.web.context.servlet.WebApplicationContextInitializer - Root WebApplicationContext: initialization completed in 1032 ms
2026-03-09 20:20:16 - INFO - com.gotcha.gotcha_api.service.JWTService - Generated key length: 256 bits
2026-03-09 20:20:17 - INFO - com.zaxxer.hikari.HikariDataSource - HikariPool-1 - Starting...
2026-03-09 20:20:17 - INFO - com.zaxxer.hikari.pool.HikariPool - HikariPool-1 - Added connection org.postgresql.jdbc.PgConnection@7ef8e623
2026-03-09 20:20:17 - INFO - com.zaxxer.hikari.HikariDataSource - HikariPool-1 - Start completed.
2026-03-09 20:20:17 - INFO - org.flywaydb.core.FlywayExecutor - Database: jdbc:postgresql://localhost:5432/gotcha (PostgreSQL 18.1)
2026-03-09 20:20:17 - INFO - org.flywaydb.core.internal.schemahistory.JdbcTableSchemaHistory - Repair of failed migration in Schema History table "public"."flyway_schema_history" not necessary. No failed migration detected.
2026-03-09 20:20:17 - INFO - org.flywaydb.core.internal.command.DbRepair - Successfully repaired schema history table "public"."flyway_schema_history" (execution time 00:00.086s).
2026-03-09 20:20:17 - INFO - org.flywaydb.core.internal.command.DbValidate - Successfully validated 19 migrations (execution time 00:00.013s)
2026-03-09 20:20:17 - INFO - org.flywaydb.core.internal.command.DbMigrate - Current version of schema "public": 18
2026-03-09 20:20:17 - INFO - org.flywaydb.core.internal.command.DbMigrate - Migrating schema "public" to version "19 - change image key fields to Varchar(1000)"
2026-03-09 20:20:17 - INFO - org.flywaydb.core.internal.command.DbMigrate - Successfully applied 1 migration to schema "public", now at version v19 (execution time 00:00.022s)
2026-03-09 20:20:17 - INFO - org.hibernate.orm.jpa - HHH008540: Processing PersistenceUnitInfo [name: default]
2026-03-09 20:20:17 - INFO - org.hibernate.orm.core - HHH000001: Hibernate ORM core version 7.2.1.Final
2026-03-09 20:20:18 - INFO - org.springframework.orm.jpa.persistenceunit.SpringPersistenceUnitInfo - No LoadTimeWeaver setup: ignoring JPA class transformer
2026-03-09 20:20:18 - INFO - org.hibernate.orm.connections.pooling - HHH10001005: Database info:
	Database JDBC URL [jdbc:postgresql://localhost:5432/gotcha]
	Database driver: PostgreSQL JDBC Driver
	Database dialect: PostgreSQLDialect
	Database version: 18.1
	Default catalog/schema: gotcha/public
	Autocommit mode: undefined/unknown
	Isolation level: READ_COMMITTED [default READ_COMMITTED]
	JDBC fetch size: none
	Pool: DataSourceConnectionProvider
	Minimum pool size: undefined/unknown
	Maximum pool size: undefined/unknown
2026-03-09 20:20:19 - INFO - org.hibernate.orm.core - HHH000489: No JTA platform available (set 'hibernate.transaction.jta.platform' to enable JTA platform integration)
2026-03-09 20:20:19 - INFO - org.springframework.orm.jpa.LocalContainerEntityManagerFactoryBean - Initialized JPA EntityManagerFactory for persistence unit 'default'
2026-03-09 20:20:19 - INFO - org.springframework.data.jpa.repository.query.QueryEnhancerFactories - Hibernate is in classpath; If applicable, HQL parser will be used.
2026-03-09 20:20:19 - INFO - org.springframework.security.config.annotation.authentication.configuration.InitializeAuthenticationProviderBeanManagerConfigurer$InitializeAuthenticationProviderManagerConfigurer - Global AuthenticationManager configured with AuthenticationProvider bean with name authProvider
2026-03-09 20:20:19 - WARN - org.springframework.security.config.annotation.authentication.configuration.InitializeUserDetailsBeanManagerConfigurer$InitializeUserDetailsManagerConfigurer - Global AuthenticationManager configured with an AuthenticationProvider bean. UserDetailsService beans will not be used by Spring Security for automatically configuring username/password login. Consider removing the AuthenticationProvider bean. Alternatively, consider using the UserDetailsService in a manually instantiated DaoAuthenticationProvider. If the current configuration is intentional, to turn off this warning, increase the logging level of 'org.springframework.security.config.annotation.authentication.configuration.InitializeUserDetailsBeanManagerConfigurer' to ERROR
2026-03-09 20:20:20 - WARN - org.springframework.boot.jpa.autoconfigure.JpaBaseConfiguration$JpaWebConfiguration - spring.jpa.open-in-view is enabled by default. Therefore, database queries may be performed during view rendering. Explicitly configure spring.jpa.open-in-view to disable this warning
2026-03-09 20:20:20 - DEBUG - org.springframework.security.web.DefaultSecurityFilterChain - Will secure any request with filters: DisableEncodeUrlFilter, WebAsyncManagerIntegrationFilter, SecurityContextHolderFilter, HeaderWriterFilter, LogoutFilter, JWTFilter, RequestCacheAwareFilter, SecurityContextHolderAwareRequestFilter, AnonymousAuthenticationFilter, SessionManagementFilter, ExceptionTranslationFilter, AuthorizationFilter
2026-03-09 20:20:20 - INFO - org.springframework.boot.tomcat.TomcatWebServer - Tomcat started on port 8080 (http) with context path '/'
2026-03-09 20:20:20 - INFO - com.gotcha.gotcha_api.GotchaApiApplication - Started GotchaApiApplication in 5.058 seconds (process running for 5.506)
2026-03-09 20:21:46 - INFO - org.springframework.boot.tomcat.GracefulShutdown - Commencing graceful shutdown. Waiting for active requests to complete
2026-03-09 20:21:46 - INFO - org.springframework.boot.tomcat.GracefulShutdown - Graceful shutdown complete
2026-03-09 20:21:46 - INFO - org.springframework.orm.jpa.LocalContainerEntityManagerFactoryBean - Closing JPA EntityManagerFactory for persistence unit 'default'
2026-03-09 20:21:46 - INFO - com.zaxxer.hikari.HikariDataSource - HikariPool-1 - Shutdown initiated...
2026-03-09 20:21:46 - INFO - com.zaxxer.hikari.HikariDataSource - HikariPool-1 - Shutdown completed.
2026-03-09 20:21:57 - INFO - com.gotcha.gotcha_api.controller.EventRSVPControllerIntegrationTest - Starting EventRSVPControllerIntegrationTest using Java 23.0.1 with PID 1896 (started by Maksym in G:\Work\gotcha-cafe\gotcha-api\gotcha-api)
2026-03-09 20:21:57 - DEBUG - com.gotcha.gotcha_api.controller.EventRSVPControllerIntegrationTest - Running with Spring Boot v4.0.2, Spring v7.0.3
2026-03-09 20:21:57 - INFO - com.gotcha.gotcha_api.controller.EventRSVPControllerIntegrationTest - The following 1 profile is active: "test"
2026-03-09 20:21:58 - INFO - org.springframework.data.repository.config.RepositoryConfigurationDelegate - Bootstrapping Spring Data JPA repositories in DEFAULT mode.
2026-03-09 20:21:58 - INFO - org.springframework.data.repository.config.RepositoryConfigurationDelegate - Finished Spring Data repository scanning in 86 ms. Found 6 JPA repository interfaces.
2026-03-09 20:21:59 - INFO - org.hibernate.orm.jpa - HHH008540: Processing PersistenceUnitInfo [name: default]
2026-03-09 20:21:59 - INFO - org.hibernate.orm.core - HHH000001: Hibernate ORM core version 7.2.1.Final
2026-03-09 20:22:00 - INFO - org.springframework.orm.jpa.persistenceunit.SpringPersistenceUnitInfo - No LoadTimeWeaver setup: ignoring JPA class transformer
2026-03-09 20:22:00 - INFO - com.zaxxer.hikari.HikariDataSource - HikariPool-1 - Starting...
2026-03-09 20:22:00 - INFO - com.zaxxer.hikari.pool.HikariPool - HikariPool-1 - Added connection conn0: url=jdbc:h2:mem:testdb user=POSTGRES
2026-03-09 20:22:00 - INFO - com.zaxxer.hikari.HikariDataSource - HikariPool-1 - Start completed.
2026-03-09 20:22:00 - INFO - org.hibernate.orm.connections.pooling - HHH10001005: Database info:
	Database JDBC URL [jdbc:h2:mem:testdb]
	Database driver: H2 JDBC Driver
	Database dialect: H2Dialect
	Database version: 2.4.240
	Default catalog/schema: testdb/public
	Autocommit mode: undefined/unknown
	Isolation level: READ_COMMITTED [default READ_COMMITTED]
	JDBC fetch size: 100
	Pool: DataSourceConnectionProvider
	Minimum pool size: undefined/unknown
	Maximum pool size: undefined/unknown
2026-03-09 20:22:01 - INFO - org.hibernate.orm.core - HHH000489: No JTA platform available (set 'hibernate.transaction.jta.platform' to enable JTA platform integration)
2026-03-09 20:22:02 - INFO - org.springframework.orm.jpa.LocalContainerEntityManagerFactoryBean - Initialized JPA EntityManagerFactory for persistence unit 'default'
2026-03-09 20:22:02 - INFO - org.springframework.data.jpa.repository.query.QueryEnhancerFactories - Hibernate is in classpath; If applicable, HQL parser will be used.
2026-03-09 20:22:02 - INFO - com.gotcha.gotcha_api.service.JWTService - Generated key length: 256 bits
2026-03-09 20:22:02 - INFO - org.springframework.security.config.annotation.authentication.configuration.InitializeAuthenticationProviderBeanManagerConfigurer$InitializeAuthenticationProviderManagerConfigurer - Global AuthenticationManager configured with AuthenticationProvider bean with name authProvider
2026-03-09 20:22:02 - WARN - org.springframework.security.config.annotation.authentication.configuration.InitializeUserDetailsBeanManagerConfigurer$InitializeUserDetailsManagerConfigurer - Global AuthenticationManager configured with an AuthenticationProvider bean. UserDetailsService beans will not be used by Spring Security for automatically configuring username/password login. Consider removing the AuthenticationProvider bean. Alternatively, consider using the UserDetailsService in a manually instantiated DaoAuthenticationProvider. If the current configuration is intentional, to turn off this warning, increase the logging level of 'org.springframework.security.config.annotation.authentication.configuration.InitializeUserDetailsBeanManagerConfigurer' to ERROR
2026-03-09 20:22:03 - WARN - org.springframework.boot.jpa.autoconfigure.JpaBaseConfiguration$JpaWebConfiguration - spring.jpa.open-in-view is enabled by default. Therefore, database queries may be performed during view rendering. Explicitly configure spring.jpa.open-in-view to disable this warning
2026-03-09 20:22:04 - DEBUG - org.springframework.security.web.DefaultSecurityFilterChain - Will secure any request with filters: DisableEncodeUrlFilter, WebAsyncManagerIntegrationFilter, SecurityContextHolderFilter, HeaderWriterFilter, LogoutFilter, JWTFilter, RequestCacheAwareFilter, SecurityContextHolderAwareRequestFilter, AnonymousAuthenticationFilter, SessionManagementFilter, ExceptionTranslationFilter, AuthorizationFilter
2026-03-09 20:22:04 - DEBUG - com.gotcha.gotcha_api.securityConfig.JWTFilter - Filter 'JWTFilter' configured for use
2026-03-09 20:22:04 - INFO - org.springframework.boot.test.mock.web.SpringBootMockServletContext - Initializing Spring TestDispatcherServlet ''
2026-03-09 20:22:04 - INFO - org.springframework.test.web.servlet.TestDispatcherServlet - Initializing Servlet ''
2026-03-09 20:22:04 - INFO - org.springframework.test.web.servlet.TestDispatcherServlet - Completed initialization in 0 ms
2026-03-09 20:22:04 - INFO - com.gotcha.gotcha_api.controller.EventRSVPControllerIntegrationTest - Started EventRSVPControllerIntegrationTest in 8.365 seconds (process running for 11.3)
2026-03-09 20:22:05 - DEBUG - org.springframework.security.web.FilterChainProxy - Securing POST /api/login
2026-03-09 20:22:05 - DEBUG - org.springframework.security.web.authentication.AnonymousAuthenticationFilter - Set SecurityContextHolder to anonymous SecurityContext
2026-03-09 20:22:05 - DEBUG - org.springframework.security.web.FilterChainProxy - Secured POST /api/login
2026-03-09 20:22:07 - DEBUG - org.springframework.security.authentication.dao.DaoAuthenticationProvider - Authenticated user
2026-03-09 20:22:07 - DEBUG - org.springframework.security.web.FilterChainProxy - Securing POST /api/member/event/rsvp
2026-03-09 20:22:07 - DEBUG - org.springframework.security.web.FilterChainProxy - Secured POST /api/member/event/rsvp
2026-03-09 20:22:07 - INFO - com.gotcha.gotcha_api.service.EventRSVPService - Submitting RSVP
2026-03-09 20:22:07 - INFO - com.gotcha.gotcha_api.service.EventRSVPService - User email: admin2@gotcha.com 
2026-03-09 20:22:07 - WARN - org.hibernate.orm.jdbc.error - HHH000247: ErrorCode: 22001, SQLState: 22001
2026-03-09 20:22:07 - WARN - org.hibernate.orm.jdbc.error - Value too long for column "image_key CHARACTER VARYING(255)": "'https://test-bucket.s3.eu-west-1.amazonaws.com/test-image-key.jpg?X-Amz-Algorit... (319)"; SQL statement:
update events set created_at=?,description=?,event_date=?,image_key=?,location=?,title=? where event_id=? [22001-240]
2026-03-09 20:22:07 - DEBUG - org.springframework.security.web.FilterChainProxy - Securing POST /api/login
2026-03-09 20:22:07 - DEBUG - org.springframework.security.web.authentication.AnonymousAuthenticationFilter - Set SecurityContextHolder to anonymous SecurityContext
2026-03-09 20:22:07 - DEBUG - org.springframework.security.web.FilterChainProxy - Secured POST /api/login
2026-03-09 20:22:07 - DEBUG - org.springframework.security.authentication.dao.DaoAuthenticationProvider - Authenticated user
2026-03-09 20:22:07 - DEBUG - org.springframework.security.web.FilterChainProxy - Securing POST /api/member/event/rsvp
2026-03-09 20:22:07 - DEBUG - org.springframework.security.web.FilterChainProxy - Secured POST /api/member/event/rsvp
2026-03-09 20:22:07 - INFO - com.gotcha.gotcha_api.service.EventRSVPService - Submitting RSVP
2026-03-09 20:22:07 - INFO - com.gotcha.gotcha_api.service.EventRSVPService - User email: admin2@gotcha.com 
2026-03-09 20:22:08 - DEBUG - org.springframework.security.web.FilterChainProxy - Securing POST /api/login
2026-03-09 20:22:08 - DEBUG - org.springframework.security.web.authentication.AnonymousAuthenticationFilter - Set SecurityContextHolder to anonymous SecurityContext
2026-03-09 20:22:08 - DEBUG - org.springframework.security.web.FilterChainProxy - Secured POST /api/login
2026-03-09 20:22:08 - DEBUG - org.springframework.security.authentication.dao.DaoAuthenticationProvider - Authenticated user
2026-03-09 20:22:08 - DEBUG - org.springframework.security.web.FilterChainProxy - Securing GET /api/admin/event/3/rsvp
2026-03-09 20:22:08 - DEBUG - org.springframework.security.web.FilterChainProxy - Secured GET /api/admin/event/3/rsvp
2026-03-09 20:22:08 - DEBUG - org.springframework.security.web.FilterChainProxy - Securing POST /api/login
2026-03-09 20:22:08 - DEBUG - org.springframework.security.web.authentication.AnonymousAuthenticationFilter - Set SecurityContextHolder to anonymous SecurityContext
2026-03-09 20:22:08 - DEBUG - org.springframework.security.web.FilterChainProxy - Secured POST /api/login
2026-03-09 20:22:08 - DEBUG - org.springframework.security.authentication.dao.DaoAuthenticationProvider - Authenticated user
2026-03-09 20:22:08 - DEBUG - org.springframework.security.web.FilterChainProxy - Securing POST /api/member/event/rsvp
2026-03-09 20:22:08 - DEBUG - org.springframework.security.web.FilterChainProxy - Secured POST /api/member/event/rsvp
2026-03-09 20:22:08 - INFO - com.gotcha.gotcha_api.service.EventRSVPService - Submitting RSVP
2026-03-09 20:22:08 - INFO - com.gotcha.gotcha_api.service.EventRSVPService - User email: admin2@gotcha.com 
2026-03-09 20:22:08 - WARN - org.hibernate.orm.jdbc.error - HHH000247: ErrorCode: 22001, SQLState: 22001
2026-03-09 20:22:08 - WARN - org.hibernate.orm.jdbc.error - Value too long for column "image_key CHARACTER VARYING(255)": "'https://test-bucket.s3.eu-west-1.amazonaws.com/test-image-key.jpg?X-Amz-Algorit... (319)"; SQL statement:
update events set created_at=?,description=?,event_date=?,image_key=?,location=?,title=? where event_id=? [22001-240]
2026-03-09 20:22:09 - DEBUG - org.springframework.security.web.FilterChainProxy - Securing POST /api/login
2026-03-09 20:22:09 - DEBUG - org.springframework.security.web.authentication.AnonymousAuthenticationFilter - Set SecurityContextHolder to anonymous SecurityContext
2026-03-09 20:22:09 - DEBUG - org.springframework.security.web.FilterChainProxy - Secured POST /api/login
2026-03-09 20:22:09 - DEBUG - org.springframework.security.authentication.dao.DaoAuthenticationProvider - Authenticated user
2026-03-09 20:22:09 - DEBUG - org.springframework.security.web.FilterChainProxy - Securing POST /api/member/event/rsvp
2026-03-09 20:22:09 - DEBUG - org.springframework.security.web.FilterChainProxy - Secured POST /api/member/event/rsvp
2026-03-09 20:22:09 - INFO - com.gotcha.gotcha_api.service.EventRSVPService - Submitting RSVP
2026-03-09 20:22:09 - INFO - com.gotcha.gotcha_api.service.EventRSVPService - User email: admin2@gotcha.com 
2026-03-09 20:22:09 - WARN - org.hibernate.orm.jdbc.error - HHH000247: ErrorCode: 22001, SQLState: 22001
2026-03-09 20:22:09 - WARN - org.hibernate.orm.jdbc.error - Value too long for column "image_key CHARACTER VARYING(255)": "'https://test-bucket.s3.eu-west-1.amazonaws.com/test-image-key.jpg?X-Amz-Algorit... (319)"; SQL statement:
update events set created_at=?,description=?,event_date=?,image_key=?,location=?,title=? where event_id=? [22001-240]
2026-03-09 20:22:09 - DEBUG - org.springframework.security.web.FilterChainProxy - Securing POST /api/login
2026-03-09 20:22:09 - DEBUG - org.springframework.security.web.authentication.AnonymousAuthenticationFilter - Set SecurityContextHolder to anonymous SecurityContext
2026-03-09 20:22:09 - DEBUG - org.springframework.security.web.FilterChainProxy - Secured POST /api/login
2026-03-09 20:22:10 - DEBUG - org.springframework.security.authentication.dao.DaoAuthenticationProvider - Authenticated user
2026-03-09 20:22:10 - DEBUG - org.springframework.security.web.FilterChainProxy - Securing POST /api/member/event/rsvp
2026-03-09 20:22:10 - DEBUG - org.springframework.security.web.authentication.AnonymousAuthenticationFilter - Set SecurityContextHolder to anonymous SecurityContext
2026-03-09 20:22:10 - DEBUG - org.springframework.security.web.FilterChainProxy - Securing POST /api/login
2026-03-09 20:22:10 - DEBUG - org.springframework.security.web.authentication.AnonymousAuthenticationFilter - Set SecurityContextHolder to anonymous SecurityContext
2026-03-09 20:22:10 - DEBUG - org.springframework.security.web.FilterChainProxy - Secured POST /api/login
2026-03-09 20:22:10 - DEBUG - org.springframework.security.authentication.dao.DaoAuthenticationProvider - Authenticated user
2026-03-09 20:22:10 - DEBUG - org.springframework.security.web.FilterChainProxy - Securing GET /api/admin/event/rsvp
2026-03-09 20:22:10 - DEBUG - org.springframework.security.web.FilterChainProxy - Secured GET /api/admin/event/rsvp
2026-03-09 20:22:10 - DEBUG - org.springframework.security.web.FilterChainProxy - Securing POST /api/login
2026-03-09 20:22:10 - DEBUG - org.springframework.security.web.authentication.AnonymousAuthenticationFilter - Set SecurityContextHolder to anonymous SecurityContext
2026-03-09 20:22:10 - DEBUG - org.springframework.security.web.FilterChainProxy - Secured POST /api/login
2026-03-09 20:22:11 - DEBUG - org.springframework.security.authentication.dao.DaoAuthenticationProvider - Authenticated user
2026-03-09 20:22:11 - DEBUG - org.springframework.security.web.FilterChainProxy - Securing GET /api/admin/user/8/rsvp
2026-03-09 20:22:11 - DEBUG - org.springframework.security.web.FilterChainProxy - Secured GET /api/admin/user/8/rsvp
2026-03-09 20:22:11 - INFO - org.springframework.orm.jpa.LocalContainerEntityManagerFactoryBean - Closing JPA EntityManagerFactory for persistence unit 'default'
2026-03-09 20:22:11 - INFO - com.zaxxer.hikari.HikariDataSource - HikariPool-1 - Shutdown initiated...
2026-03-09 20:22:11 - INFO - com.zaxxer.hikari.HikariDataSource - HikariPool-1 - Shutdown completed.
2026-03-09 20:32:21 - INFO - com.gotcha.gotcha_api.controller.EventRSVPControllerIntegrationTest - Starting EventRSVPControllerIntegrationTest using Java 23.0.1 with PID 16360 (started by Maksym in G:\Work\gotcha-cafe\gotcha-api\gotcha-api)
2026-03-09 20:32:21 - DEBUG - com.gotcha.gotcha_api.controller.EventRSVPControllerIntegrationTest - Running with Spring Boot v4.0.2, Spring v7.0.3
2026-03-09 20:32:21 - INFO - com.gotcha.gotcha_api.controller.EventRSVPControllerIntegrationTest - The following 1 profile is active: "test"
2026-03-09 20:32:23 - INFO - org.springframework.data.repository.config.RepositoryConfigurationDelegate - Bootstrapping Spring Data JPA repositories in DEFAULT mode.
2026-03-09 20:32:23 - INFO - org.springframework.data.repository.config.RepositoryConfigurationDelegate - Finished Spring Data repository scanning in 240 ms. Found 6 JPA repository interfaces.
2026-03-09 20:32:26 - INFO - com.zaxxer.hikari.HikariDataSource - HikariPool-1 - Starting...
2026-03-09 20:32:27 - INFO - com.zaxxer.hikari.pool.HikariPool - HikariPool-1 - Added connection conn0: url=jdbc:h2:mem:testdb user=POSTGRES
2026-03-09 20:32:27 - INFO - com.zaxxer.hikari.HikariDataSource - HikariPool-1 - Start completed.
2026-03-09 20:32:27 - INFO - org.flywaydb.core.FlywayExecutor - Database: jdbc:h2:mem:testdb (H2 2.4)
2026-03-09 20:32:27 - WARN - org.flywaydb.core.internal.database.base.Database - Using H2 2.4.240 which is newer than the version Flyway has been verified with. The latest verified version of H2 is 2.3.232.
2026-03-09 20:32:28 - INFO - org.flywaydb.core.internal.schemahistory.JdbcTableSchemaHistory - Repair of failed migration in Schema History table "public"."flyway_schema_history" not necessary as table doesn't exist.
2026-03-09 20:32:28 - INFO - org.flywaydb.core.internal.schemahistory.JdbcTableSchemaHistory - Schema history table "public"."flyway_schema_history" does not exist yet
2026-03-09 20:32:28 - INFO - org.flywaydb.core.internal.command.DbRepair - Successfully repaired schema history table "public"."flyway_schema_history" (execution time 00:00.080s).
2026-03-09 20:32:28 - WARN - org.flywaydb.core.internal.database.base.Database - Using H2 2.4.240 which is newer than the version Flyway has been verified with. The latest verified version of H2 is 2.3.232.
2026-03-09 20:32:28 - INFO - org.flywaydb.core.internal.schemahistory.JdbcTableSchemaHistory - Schema history table "public"."flyway_schema_history" does not exist yet
2026-03-09 20:32:28 - INFO - org.flywaydb.core.internal.command.DbValidate - Successfully validated 19 migrations (execution time 00:00.024s)
2026-03-09 20:32:28 - INFO - org.flywaydb.core.internal.schemahistory.JdbcTableSchemaHistory - Creating Schema History table "public"."flyway_schema_history" ...
2026-03-09 20:32:28 - INFO - org.flywaydb.core.internal.command.DbMigrate - Current version of schema "public": << Empty Schema >>
2026-03-09 20:32:28 - INFO - org.flywaydb.core.internal.command.DbMigrate - Migrating schema "public" to version "1 - create events table"
2026-03-09 20:32:28 - INFO - org.flywaydb.core.internal.command.DbMigrate - Migrating schema "public" to version "2 - add Img colums"
2026-03-09 20:32:28 - ERROR - org.flywaydb.core.internal.command.DbMigrate - Migration of schema "public" to version "2 - add Img colums" failed! Please restore backups and roll back database and code!
2026-03-09 20:32:28 - WARN - org.springframework.web.context.support.GenericWebApplicationContext - Exception encountered during context initialization - cancelling refresh attempt: org.springframework.beans.factory.BeanCreationException: Error creating bean with name 'entityManagerFactory' defined in class path resource [org/springframework/boot/hibernate/autoconfigure/HibernateJpaConfiguration.class]: Failed to initialize dependency 'flywayInitializer' of LoadTimeWeaverAware bean 'entityManagerFactory': Error creating bean with name 'flywayInitializer' defined in class path resource [org/springframework/boot/flyway/autoconfigure/FlywayAutoConfiguration$FlywayConfiguration.class]: Failed to execute script V2__add_Img_colums.sql
-----------------------------------------------
SQL State  : 42000
Error Code : 42000
Message    : Syntax error in SQL statement "ALTER TABLE events\000d\000aADD COLUMN image_name VARCHAR(25)[*],\000d\000aADD COLUMN image_type VARCHAR(25),\000d\000aADD COLUMN image_data BYTEA"; SQL statement:
ALTER TABLE events
ADD COLUMN image_name VARCHAR(25),
ADD COLUMN image_type VARCHAR(25),
ADD COLUMN image_data BYTEA [42000-240]
Location   : db/migration/V2__add_Img_colums.sql (G:\Work\gotcha-cafe\gotcha-api\gotcha-api\target\classes\db\migration\V2__add_Img_colums.sql)
Line       : 1
Statement  : Run Flyway with -X option to see the actual statement causing the problem

2026-03-09 20:32:28 - INFO - com.zaxxer.hikari.HikariDataSource - HikariPool-1 - Shutdown initiated...
2026-03-09 20:32:28 - INFO - com.zaxxer.hikari.HikariDataSource - HikariPool-1 - Shutdown completed.
2026-03-09 20:32:28 - INFO - org.springframework.boot.autoconfigure.logging.ConditionEvaluationReportLogger - 

Error starting ApplicationContext. To display the condition evaluation report re-run your application with 'debug' enabled.
2026-03-09 20:32:28 - ERROR - org.springframework.boot.SpringApplication - Application run failed
org.springframework.beans.factory.BeanCreationException: Error creating bean with name 'entityManagerFactory' defined in class path resource [org/springframework/boot/hibernate/autoconfigure/HibernateJpaConfiguration.class]: Failed to initialize dependency 'flywayInitializer' of LoadTimeWeaverAware bean 'entityManagerFactory': Error creating bean with name 'flywayInitializer' defined in class path resource [org/springframework/boot/flyway/autoconfigure/FlywayAutoConfiguration$FlywayConfiguration.class]: Failed to execute script V2__add_Img_colums.sql
-----------------------------------------------
SQL State  : 42000
Error Code : 42000
Message    : Syntax error in SQL statement "ALTER TABLE events\000d\000aADD COLUMN image_name VARCHAR(25)[*],\000d\000aADD COLUMN image_type VARCHAR(25),\000d\000aADD COLUMN image_data BYTEA"; SQL statement:
ALTER TABLE events
ADD COLUMN image_name VARCHAR(25),
ADD COLUMN image_type VARCHAR(25),
ADD COLUMN image_data BYTEA [42000-240]
Location   : db/migration/V2__add_Img_colums.sql (G:\Work\gotcha-cafe\gotcha-api\gotcha-api\target\classes\db\migration\V2__add_Img_colums.sql)
Line       : 1
Statement  : Run Flyway with -X option to see the actual statement causing the problem

	at org.springframework.beans.factory.support.AbstractBeanFactory.doGetBean(AbstractBeanFactory.java:322)
	at org.springframework.beans.factory.support.AbstractBeanFactory.getBean(AbstractBeanFactory.java:201)
	at org.springframework.context.support.AbstractApplicationContext.finishBeanFactoryInitialization(AbstractApplicationContext.java:976)
	at org.springframework.context.support.AbstractApplicationContext.refresh(AbstractApplicationContext.java:620)
	at org.springframework.boot.SpringApplication.refresh(SpringApplication.java:756)
	at org.springframework.boot.SpringApplication.refreshContext(SpringApplication.java:445)
	at org.springframework.boot.SpringApplication.run(SpringApplication.java:321)
	at org.springframework.boot.test.context.SpringBootContextLoader.lambda$loadContext$2(SpringBootContextLoader.java:156)
	at org.springframework.util.function.ThrowingSupplier.get(ThrowingSupplier.java:58)
	at org.springframework.util.function.ThrowingSupplier.get(ThrowingSupplier.java:46)
	at org.springframework.boot.SpringApplication.withHook(SpringApplication.java:1465)
	at org.springframework.boot.test.context.SpringBootContextLoader$ContextLoaderHook.run(SpringBootContextLoader.java:605)
	at org.springframework.boot.test.context.SpringBootContextLoader.loadContext(SpringBootContextLoader.java:156)
	at org.springframework.boot.test.context.SpringBootContextLoader.loadContext(SpringBootContextLoader.java:115)
	at org.springframework.test.context.cache.DefaultCacheAwareContextLoaderDelegate.loadContextInternal(DefaultCacheAwareContextLoaderDelegate.java:247)
	at org.springframework.test.context.cache.DefaultCacheAwareContextLoaderDelegate.lambda$loadContext$0(DefaultCacheAwareContextLoaderDelegate.java:167)
	at org.springframework.test.context.cache.DefaultContextCache.put(DefaultContextCache.java:214)
	at org.springframework.test.context.cache.DefaultCacheAwareContextLoaderDelegate.loadContext(DefaultCacheAwareContextLoaderDelegate.java:160)
	at org.springframework.test.context.support.DefaultTestContext.getApplicationContext(DefaultTestContext.java:128)
	at org.springframework.test.context.web.ServletTestExecutionListener.setUpRequestContextIfNecessary(ServletTestExecutionListener.java:200)
	at org.springframework.test.context.web.ServletTestExecutionListener.prepareTestInstance(ServletTestExecutionListener.java:139)
	at org.springframework.test.context.TestContextManager.prepareTestInstance(TestContextManager.java:260)
	at org.springframework.test.context.junit.jupiter.SpringExtension.postProcessTestInstance(SpringExtension.java:205)
	at org.junit.jupiter.engine.descriptor.ClassBasedTestDescriptor.lambda$invokeTestInstancePostProcessors$1(ClassBasedTestDescriptor.java:423)
	at org.junit.jupiter.engine.descriptor.ClassBasedTestDescriptor.executeAndMaskThrowable(ClassBasedTestDescriptor.java:428)
	at org.junit.jupiter.engine.descriptor.ClassBasedTestDescriptor.lambda$invokeTestInstancePostProcessors$0(ClassBasedTestDescriptor.java:422)
	at java.base/java.util.stream.ForEachOps$ForEachOp$OfRef.accept(ForEachOps.java:184)
	at java.base/java.util.stream.ReferencePipeline$3$1.accept(ReferencePipeline.java:215)
	at java.base/java.util.stream.ReferencePipeline$2$1.accept(ReferencePipeline.java:197)
	at java.base/java.util.stream.ReferencePipeline$3$1.accept(ReferencePipeline.java:215)
	at java.base/java.util.ArrayList$ArrayListSpliterator.forEachRemaining(ArrayList.java:1709)
	at java.base/java.util.stream.AbstractPipeline.copyInto(AbstractPipeline.java:570)
	at java.base/java.util.stream.AbstractPipeline.wrapAndCopyInto(AbstractPipeline.java:560)
	at java.base/java.util.stream.ForEachOps$ForEachOp.evaluateSequential(ForEachOps.java:151)
	at java.base/java.util.stream.ForEachOps$ForEachOp$OfRef.evaluateSequential(ForEachOps.java:174)
	at java.base/java.util.stream.AbstractPipeline.evaluate(AbstractPipeline.java:265)
	at java.base/java.util.stream.ReferencePipeline.forEach(ReferencePipeline.java:636)
	at org.junit.jupiter.engine.descriptor.ClassBasedTestDescriptor.invokeTestInstancePostProcessors(ClassBasedTestDescriptor.java:422)
	at org.junit.jupiter.engine.descriptor.ClassBasedTestDescriptor.lambda$instantiateAndPostProcessTestInstance$0(ClassBasedTestDescriptor.java:334)
	at org.junit.platform.engine.support.hierarchical.ThrowableCollector.execute(ThrowableCollector.java:74)
	at org.junit.jupiter.engine.descriptor.ClassBasedTestDescriptor.instantiateAndPostProcessTestInstance(ClassBasedTestDescriptor.java:333)
	at org.junit.jupiter.engine.descriptor.ClassBasedTestDescriptor.lambda$testInstancesProvider$1(ClassBasedTestDescriptor.java:322)
	at java.base/java.util.Optional.orElseGet(Optional.java:364)
	at org.junit.jupiter.engine.descriptor.ClassBasedTestDescriptor.lambda$testInstancesProvider$0(ClassBasedTestDescriptor.java:321)
	at org.junit.jupiter.engine.execution.TestInstancesProvider.getTestInstances(TestInstancesProvider.java:27)
	at org.junit.jupiter.engine.descriptor.TestMethodTestDescriptor.lambda$prepare$0(TestMethodTestDescriptor.java:127)
	at org.junit.platform.engine.support.hierarchical.ThrowableCollector.execute(ThrowableCollector.java:74)
	at org.junit.jupiter.engine.descriptor.TestMethodTestDescriptor.prepare(TestMethodTestDescriptor.java:126)
	at org.junit.jupiter.engine.descriptor.TestMethodTestDescriptor.prepare(TestMethodTestDescriptor.java:70)
	at org.junit.platform.engine.support.hierarchical.NodeTestTask.lambda$prepare$0(NodeTestTask.java:144)
	at org.junit.platform.engine.support.hierarchical.ThrowableCollector.execute(ThrowableCollector.java:74)
	at org.junit.platform.engine.support.hierarchical.NodeTestTask.prepare(NodeTestTask.java:144)
	at org.junit.platform.engine.support.hierarchical.NodeTestTask.execute(NodeTestTask.java:110)
	at java.base/java.util.ArrayList.forEach(ArrayList.java:1597)
	at org.junit.platform.engine.support.hierarchical.SameThreadHierarchicalTestExecutorService.invokeAll(SameThreadHierarchicalTestExecutorService.java:42)
	at org.junit.platform.engine.support.hierarchical.NodeTestTask.lambda$executeRecursively$2(NodeTestTask.java:180)
	at org.junit.platform.engine.support.hierarchical.ThrowableCollector.execute(ThrowableCollector.java:74)
	at org.junit.platform.engine.support.hierarchical.NodeTestTask.lambda$executeRecursively$1(NodeTestTask.java:166)
	at org.junit.platform.engine.support.hierarchical.Node.around(Node.java:138)
	at org.junit.platform.engine.support.hierarchical.NodeTestTask.lambda$executeRecursively$0(NodeTestTask.java:164)
	at org.junit.platform.engine.support.hierarchical.ThrowableCollector.execute(ThrowableCollector.java:74)
	at org.junit.platform.engine.support.hierarchical.NodeTestTask.executeRecursively(NodeTestTask.java:163)
	at org.junit.platform.engine.support.hierarchical.NodeTestTask.execute(NodeTestTask.java:116)
	at java.base/java.util.ArrayList.forEach(ArrayList.java:1597)
	at org.junit.platform.engine.support.hierarchical.SameThreadHierarchicalTestExecutorService.invokeAll(SameThreadHierarchicalTestExecutorService.java:42)
	at org.junit.platform.engine.support.hierarchical.NodeTestTask.lambda$executeRecursively$2(NodeTestTask.java:180)
	at org.junit.platform.engine.support.hierarchical.ThrowableCollector.execute(ThrowableCollector.java:74)
	at org.junit.platform.engine.support.hierarchical.NodeTestTask.lambda$executeRecursively$1(NodeTestTask.java:166)
	at org.junit.platform.engine.support.hierarchical.Node.around(Node.java:138)
	at org.junit.platform.engine.support.hierarchical.NodeTestTask.lambda$executeRecursively$0(NodeTestTask.java:164)
	at org.junit.platform.engine.support.hierarchical.ThrowableCollector.execute(ThrowableCollector.java:74)
	at org.junit.platform.engine.support.hierarchical.NodeTestTask.executeRecursively(NodeTestTask.java:163)
	at org.junit.platform.engine.support.hierarchical.NodeTestTask.execute(NodeTestTask.java:116)
	at org.junit.platform.engine.support.hierarchical.SameThreadHierarchicalTestExecutorService.submit(SameThreadHierarchicalTestExecutorService.java:36)
	at org.junit.platform.engine.support.hierarchical.HierarchicalTestExecutor.execute(HierarchicalTestExecutor.java:52)
	at org.junit.platform.engine.support.hierarchical.HierarchicalTestEngine.execute(HierarchicalTestEngine.java:58)
	at org.junit.platform.launcher.core.EngineExecutionOrchestrator.executeEngine(EngineExecutionOrchestrator.java:246)
	at org.junit.platform.launcher.core.EngineExecutionOrchestrator.failOrExecuteEngine(EngineExecutionOrchestrator.java:218)
	at org.junit.platform.launcher.core.EngineExecutionOrchestrator.execute(EngineExecutionOrchestrator.java:179)
	at org.junit.platform.launcher.core.EngineExecutionOrchestrator.execute(EngineExecutionOrchestrator.java:108)
	at org.junit.platform.launcher.core.EngineExecutionOrchestrator.lambda$execute$0(EngineExecutionOrchestrator.java:66)
	at org.junit.platform.launcher.core.EngineExecutionOrchestrator.withInterceptedStreams(EngineExecutionOrchestrator.java:157)
	at org.junit.platform.launcher.core.EngineExecutionOrchestrator.execute(EngineExecutionOrchestrator.java:65)
	at org.junit.platform.launcher.core.DefaultLauncher.execute(DefaultLauncher.java:125)
	at org.junit.platform.launcher.core.DefaultLauncher.execute(DefaultLauncher.java:114)
	at org.junit.platform.launcher.core.DefaultLauncher.execute(DefaultLauncher.java:93)
	at org.junit.platform.launcher.core.DelegatingLauncher.execute(DelegatingLauncher.java:48)
	at org.junit.platform.launcher.core.InterceptingLauncher.lambda$execute$0(InterceptingLauncher.java:41)
	at org.junit.platform.launcher.core.ClasspathAlignmentCheckingLauncherInterceptor.intercept(ClasspathAlignmentCheckingLauncherInterceptor.java:25)
	at org.junit.platform.launcher.core.InterceptingLauncher.execute(InterceptingLauncher.java:40)
	at org.junit.platform.launcher.core.DelegatingLauncher.execute(DelegatingLauncher.java:48)
	at org.junit.platform.launcher.core.SessionPerRequestLauncher.execute(SessionPerRequestLauncher.java:67)
	at com.intellij.junit6.JUnit6IdeaTestRunner.startRunnerWithArgs(JUnit6IdeaTestRunner.java:67)
	at com.intellij.rt.junit.IdeaTestRunner$Repeater$1.execute(IdeaTestRunner.java:38)
	at com.intellij.rt.execution.junit.TestsRepeater.repeat(TestsRepeater.java:11)
	at com.intellij.rt.junit.IdeaTestRunner$Repeater.startRunnerWithArgs(IdeaTestRunner.java:35)
	at com.intellij.rt.junit.JUnitStarter.prepareStreamsAndStart(JUnitStarter.java:237)
	at com.intellij.rt.junit.JUnitStarter.main(JUnitStarter.java:58)
Caused by: org.springframework.beans.factory.BeanCreationException: Error creating bean with name 'flywayInitializer' defined in class path resource [org/springframework/boot/flyway/autoconfigure/FlywayAutoConfiguration$FlywayConfiguration.class]: Failed to execute script V2__add_Img_colums.sql
-----------------------------------------------
SQL State  : 42000
Error Code : 42000
Message    : Syntax error in SQL statement "ALTER TABLE events\000d\000aADD COLUMN image_name VARCHAR(25)[*],\000d\000aADD COLUMN image_type VARCHAR(25),\000d\000aADD COLUMN image_data BYTEA"; SQL statement:
ALTER TABLE events
ADD COLUMN image_name VARCHAR(25),
ADD COLUMN image_type VARCHAR(25),
ADD COLUMN image_data BYTEA [42000-240]
Location   : db/migration/V2__add_Img_colums.sql (G:\Work\gotcha-cafe\gotcha-api\gotcha-api\target\classes\db\migration\V2__add_Img_colums.sql)
Line       : 1
Statement  : Run Flyway with -X option to see the actual statement causing the problem

	at org.springframework.beans.factory.support.AbstractAutowireCapableBeanFactory.initializeBean(AbstractAutowireCapableBeanFactory.java:1817)
	at org.springframework.beans.factory.support.AbstractAutowireCapableBeanFactory.doCreateBean(AbstractAutowireCapableBeanFactory.java:603)
	at org.springframework.beans.factory.support.AbstractAutowireCapableBeanFactory.createBean(AbstractAutowireCapableBeanFactory.java:525)
	at org.springframework.beans.factory.support.AbstractBeanFactory.lambda$doGetBean$0(AbstractBeanFactory.java:333)
	at org.springframework.beans.factory.support.DefaultSingletonBeanRegistry.getSingleton(DefaultSingletonBeanRegistry.java:371)
	at org.springframework.beans.factory.support.AbstractBeanFactory.doGetBean(AbstractBeanFactory.java:331)
	at org.springframework.beans.factory.support.AbstractBeanFactory.getBean(AbstractBeanFactory.java:196)
	at org.springframework.beans.factory.support.AbstractBeanFactory.doGetBean(AbstractBeanFactory.java:309)
	... 97 common frames omitted
Caused by: org.flywaydb.core.internal.exception.FlywayMigrateException: Failed to execute script V2__add_Img_colums.sql
-----------------------------------------------
SQL State  : 42000
Error Code : 42000
Message    : Syntax error in SQL statement "ALTER TABLE events\000d\000aADD COLUMN image_name VARCHAR(25)[*],\000d\000aADD COLUMN image_type VARCHAR(25),\000d\000aADD COLUMN image_data BYTEA"; SQL statement:
ALTER TABLE events
ADD COLUMN image_name VARCHAR(25),
ADD COLUMN image_type VARCHAR(25),
ADD COLUMN image_data BYTEA [42000-240]
Location   : db/migration/V2__add_Img_colums.sql (G:\Work\gotcha-cafe\gotcha-api\gotcha-api\target\classes\db\migration\V2__add_Img_colums.sql)
Line       : 1
Statement  : Run Flyway with -X option to see the actual statement causing the problem

	at org.flywaydb.core.internal.command.DbMigrate.doMigrateGroup(DbMigrate.java:399)
	at org.flywaydb.core.internal.command.DbMigrate.lambda$applyMigrations$1(DbMigrate.java:283)
	at org.flywaydb.core.internal.jdbc.TransactionalExecutionTemplate.execute(TransactionalExecutionTemplate.java:59)
	at org.flywaydb.core.internal.command.DbMigrate.applyMigrations(DbMigrate.java:282)
	at org.flywaydb.core.internal.command.DbMigrate.migrateGroup(DbMigrate.java:255)
	at org.flywaydb.core.internal.command.DbMigrate.lambda$migrateAll$0(DbMigrate.java:153)
	at org.flywaydb.core.internal.jdbc.TableLockingExecutionTemplate$1.call(TableLockingExecutionTemplate.java:40)
	at org.flywaydb.core.internal.jdbc.TransactionalExecutionTemplate.execute(TransactionalExecutionTemplate.java:59)
	at org.flywaydb.core.internal.jdbc.TableLockingExecutionTemplate.execute(TableLockingExecutionTemplate.java:35)
	at org.flywaydb.core.internal.database.base.Connection.lock(Connection.java:106)
	at org.flywaydb.core.internal.schemahistory.JdbcTableSchemaHistory.lock(JdbcTableSchemaHistory.java:164)
	at org.flywaydb.core.internal.command.DbMigrate.migrateAll(DbMigrate.java:153)
	at org.flywaydb.core.internal.command.DbMigrate.migrate(DbMigrate.java:104)
	at org.flywaydb.core.Flyway.lambda$migrate$3(Flyway.java:245)
	at org.flywaydb.core.FlywayExecutor.execute(FlywayExecutor.java:240)
	at org.flywaydb.core.Flyway.migrate(Flyway.java:186)
	at com.gotcha.gotcha_api.flywayConfig.FlywayConfig.lambda$repairAndMigrate$0(FlywayConfig.java:14)
	at org.springframework.boot.flyway.autoconfigure.FlywayMigrationInitializer.afterPropertiesSet(FlywayMigrationInitializer.java:63)
	at org.springframework.beans.factory.support.AbstractAutowireCapableBeanFactory.invokeInitMethods(AbstractAutowireCapableBeanFactory.java:1864)
	at org.springframework.beans.factory.support.AbstractAutowireCapableBeanFactory.initializeBean(AbstractAutowireCapableBeanFactory.java:1813)
	... 104 common frames omitted
Caused by: org.flywaydb.core.internal.sqlscript.FlywaySqlScriptException: Failed to execute script V2__add_Img_colums.sql
-----------------------------------------------
SQL State  : 42000
Error Code : 42000
Message    : Syntax error in SQL statement "ALTER TABLE events\000d\000aADD COLUMN image_name VARCHAR(25)[*],\000d\000aADD COLUMN image_type VARCHAR(25),\000d\000aADD COLUMN image_data BYTEA"; SQL statement:
ALTER TABLE events
ADD COLUMN image_name VARCHAR(25),
ADD COLUMN image_type VARCHAR(25),
ADD COLUMN image_data BYTEA [42000-240]
Location   : db/migration/V2__add_Img_colums.sql (G:\Work\gotcha-cafe\gotcha-api\gotcha-api\target\classes\db\migration\V2__add_Img_colums.sql)
Line       : 1
Statement  : Run Flyway with -X option to see the actual statement causing the problem

	at org.flywaydb.core.internal.sqlscript.DefaultSqlScriptExecutor.handleException(DefaultSqlScriptExecutor.java:255)
	at org.flywaydb.core.internal.sqlscript.DefaultSqlScriptExecutor.executeStatement(DefaultSqlScriptExecutor.java:216)
	at org.flywaydb.core.internal.sqlscript.DefaultSqlScriptExecutor.execute(DefaultSqlScriptExecutor.java:136)
	at org.flywaydb.core.internal.resolver.sql.SqlMigrationExecutor.executeOnce(SqlMigrationExecutor.java:75)
	at org.flywaydb.core.internal.resolver.sql.SqlMigrationExecutor.lambda$execute$0(SqlMigrationExecutor.java:66)
	at org.flywaydb.core.internal.database.DefaultExecutionStrategy.execute(DefaultExecutionStrategy.java:31)
	at org.flywaydb.core.internal.resolver.sql.SqlMigrationExecutor.execute(SqlMigrationExecutor.java:65)
	at org.flywaydb.core.internal.command.DbMigrate.doMigrateGroup(DbMigrate.java:391)
	... 123 common frames omitted
Caused by: org.h2.jdbc.JdbcSQLSyntaxErrorException: Syntax error in SQL statement "ALTER TABLE events\000d\000aADD COLUMN image_name VARCHAR(25)[*],\000d\000aADD COLUMN image_type VARCHAR(25),\000d\000aADD COLUMN image_data BYTEA"; SQL statement:
ALTER TABLE events
ADD COLUMN image_name VARCHAR(25),
ADD COLUMN image_type VARCHAR(25),
ADD COLUMN image_data BYTEA [42000-240]
	at org.h2.message.DbException.getJdbcSQLException(DbException.java:514)
	at org.h2.message.DbException.getJdbcSQLException(DbException.java:489)
	at org.h2.message.DbException.get(DbException.java:223)
	at org.h2.message.DbException.get(DbException.java:199)
	at org.h2.message.DbException.getSyntaxError(DbException.java:247)
	at org.h2.command.ParserBase.getSyntaxError(ParserBase.java:760)
	at org.h2.command.Parser.prepareCommand(Parser.java:490)
	at org.h2.engine.SessionLocal.prepareLocal(SessionLocal.java:647)
	at org.h2.engine.SessionLocal.prepareCommand(SessionLocal.java:563)
	at org.h2.jdbc.JdbcConnection.prepareCommand(JdbcConnection.java:1160)
	at org.h2.jdbc.JdbcStatement.executeInternal(JdbcStatement.java:245)
	at org.h2.jdbc.JdbcStatement.execute(JdbcStatement.java:231)
	at com.zaxxer.hikari.pool.ProxyStatement.execute(ProxyStatement.java:95)
	at com.zaxxer.hikari.pool.HikariProxyStatement.execute(HikariProxyStatement.java)
	at org.flywaydb.core.internal.jdbc.JdbcTemplate.executeStatement(JdbcTemplate.java:215)
	at org.flywaydb.core.internal.sqlscript.ParsedSqlStatement.execute(ParsedSqlStatement.java:88)
	at org.flywaydb.core.internal.sqlscript.DefaultSqlScriptExecutor.executeStatement(DefaultSqlScriptExecutor.java:211)
	... 129 common frames omitted
2026-03-09 20:32:28 - WARN - org.springframework.test.context.TestContextManager - Caught exception while allowing TestExecutionListener [org.springframework.test.context.web.ServletTestExecutionListener] to prepare test instance [com.gotcha.gotcha_api.controller.EventRSVPControllerIntegrationTest@771cbd13]
java.lang.IllegalStateException: Failed to load ApplicationContext for [WebMergedContextConfiguration@17a7d6c8 testClass = com.gotcha.gotcha_api.controller.EventRSVPControllerIntegrationTest, locations = [], classes = [com.gotcha.gotcha_api.GotchaApiApplication], contextInitializerClasses = [], activeProfiles = ["test"], propertySourceDescriptors = [PropertySourceDescriptor[locations=[classpath:application-test.properties], ignoreResourceNotFound=false, name=null, propertySourceFactory=null, encoding=null]], propertySourceProperties = ["org.springframework.boot.test.context.SpringBootTestContextBootstrapper=true"], contextCustomizers = [[ImportsContextCustomizer@70bc3a9c key = [org.springframework.boot.security.autoconfigure.web.servlet.ServletWebSecurityAutoConfiguration, org.springframework.boot.security.test.autoconfigure.webmvc.SecurityMockMvcAutoConfiguration, org.springframework.boot.webmvc.test.autoconfigure.MockMvcWebDriverAutoConfiguration, org.springframework.boot.webmvc.test.autoconfigure.MockMvcWebClientAutoConfiguration, org.springframework.boot.security.autoconfigure.SecurityAutoConfiguration, org.springframework.boot.webmvc.test.autoconfigure.MockMvcAutoConfiguration, org.springframework.boot.security.autoconfigure.UserDetailsServiceAutoConfiguration, org.springframework.boot.security.autoconfigure.web.servlet.SecurityFilterAutoConfiguration]], org.springframework.boot.test.context.PropertyMappingContextCustomizer@2d298995, org.springframework.boot.test.context.filter.ExcludeFilterContextCustomizer@5305c37d, org.springframework.boot.test.json.DuplicateJsonObjectContextCustomizerFactory$DuplicateJsonObjectContextCustomizer@72bca894, org.springframework.boot.test.autoconfigure.OnFailureConditionReportContextCustomizerFactory$OnFailureConditionReportContextCustomizer@2575f671, org.springframework.test.context.support.DynamicPropertiesContextCustomizer@0, org.springframework.boot.webmvc.test.autoconfigure.WebDriverContextCustomizer@2c444798, org.springframework.boot.web.server.context.SpringBootTestRandomPortContextCustomizer@436390f4, org.springframework.boot.test.context.SpringBootTestAnnotation@e12a0032], resourceBasePath = "src/main/webapp", contextLoader = org.springframework.boot.test.context.SpringBootContextLoader, parent = null]
	at org.springframework.test.context.cache.DefaultCacheAwareContextLoaderDelegate.lambda$loadContext$0(DefaultCacheAwareContextLoaderDelegate.java:195)
	at org.springframework.test.context.cache.DefaultContextCache.put(DefaultContextCache.java:214)
	at org.springframework.test.context.cache.DefaultCacheAwareContextLoaderDelegate.loadContext(DefaultCacheAwareContextLoaderDelegate.java:160)
	at org.springframework.test.context.support.DefaultTestContext.getApplicationContext(DefaultTestContext.java:128)
	at org.springframework.test.context.web.ServletTestExecutionListener.setUpRequestContextIfNecessary(ServletTestExecutionListener.java:200)
	at org.springframework.test.context.web.ServletTestExecutionListener.prepareTestInstance(ServletTestExecutionListener.java:139)
	at org.springframework.test.context.TestContextManager.prepareTestInstance(TestContextManager.java:260)
	at org.springframework.test.context.junit.jupiter.SpringExtension.postProcessTestInstance(SpringExtension.java:205)
	at org.junit.jupiter.engine.descriptor.ClassBasedTestDescriptor.lambda$invokeTestInstancePostProcessors$1(ClassBasedTestDescriptor.java:423)
	at org.junit.jupiter.engine.descriptor.ClassBasedTestDescriptor.executeAndMaskThrowable(ClassBasedTestDescriptor.java:428)
	at org.junit.jupiter.engine.descriptor.ClassBasedTestDescriptor.lambda$invokeTestInstancePostProcessors$0(ClassBasedTestDescriptor.java:422)
	at java.base/java.util.stream.ForEachOps$ForEachOp$OfRef.accept(ForEachOps.java:184)
	at java.base/java.util.stream.ReferencePipeline$3$1.accept(ReferencePipeline.java:215)
	at java.base/java.util.stream.ReferencePipeline$2$1.accept(ReferencePipeline.java:197)
	at java.base/java.util.stream.ReferencePipeline$3$1.accept(ReferencePipeline.java:215)
	at java.base/java.util.ArrayList$ArrayListSpliterator.forEachRemaining(ArrayList.java:1709)
	at java.base/java.util.stream.AbstractPipeline.copyInto(AbstractPipeline.java:570)
	at java.base/java.util.stream.AbstractPipeline.wrapAndCopyInto(AbstractPipeline.java:560)
	at java.base/java.util.stream.ForEachOps$ForEachOp.evaluateSequential(ForEachOps.java:151)
	at java.base/java.util.stream.ForEachOps$ForEachOp$OfRef.evaluateSequential(ForEachOps.java:174)
	at java.base/java.util.stream.AbstractPipeline.evaluate(AbstractPipeline.java:265)
	at java.base/java.util.stream.ReferencePipeline.forEach(ReferencePipeline.java:636)
	at org.junit.jupiter.engine.descriptor.ClassBasedTestDescriptor.invokeTestInstancePostProcessors(ClassBasedTestDescriptor.java:422)
	at org.junit.jupiter.engine.descriptor.ClassBasedTestDescriptor.lambda$instantiateAndPostProcessTestInstance$0(ClassBasedTestDescriptor.java:334)
	at org.junit.platform.engine.support.hierarchical.ThrowableCollector.execute(ThrowableCollector.java:74)
	at org.junit.jupiter.engine.descriptor.ClassBasedTestDescriptor.instantiateAndPostProcessTestInstance(ClassBasedTestDescriptor.java:333)
	at org.junit.jupiter.engine.descriptor.ClassBasedTestDescriptor.lambda$testInstancesProvider$1(ClassBasedTestDescriptor.java:322)
	at java.base/java.util.Optional.orElseGet(Optional.java:364)
	at org.junit.jupiter.engine.descriptor.ClassBasedTestDescriptor.lambda$testInstancesProvider$0(ClassBasedTestDescriptor.java:321)
	at org.junit.jupiter.engine.execution.TestInstancesProvider.getTestInstances(TestInstancesProvider.java:27)
	at org.junit.jupiter.engine.descriptor.TestMethodTestDescriptor.lambda$prepare$0(TestMethodTestDescriptor.java:127)
	at org.junit.platform.engine.support.hierarchical.ThrowableCollector.execute(ThrowableCollector.java:74)
	at org.junit.jupiter.engine.descriptor.TestMethodTestDescriptor.prepare(TestMethodTestDescriptor.java:126)
	at org.junit.jupiter.engine.descriptor.TestMethodTestDescriptor.prepare(TestMethodTestDescriptor.java:70)
	at org.junit.platform.engine.support.hierarchical.NodeTestTask.lambda$prepare$0(NodeTestTask.java:144)
	at org.junit.platform.engine.support.hierarchical.ThrowableCollector.execute(ThrowableCollector.java:74)
	at org.junit.platform.engine.support.hierarchical.NodeTestTask.prepare(NodeTestTask.java:144)
	at org.junit.platform.engine.support.hierarchical.NodeTestTask.execute(NodeTestTask.java:110)
	at java.base/java.util.ArrayList.forEach(ArrayList.java:1597)
	at org.junit.platform.engine.support.hierarchical.SameThreadHierarchicalTestExecutorService.invokeAll(SameThreadHierarchicalTestExecutorService.java:42)
	at org.junit.platform.engine.support.hierarchical.NodeTestTask.lambda$executeRecursively$2(NodeTestTask.java:180)
	at org.junit.platform.engine.support.hierarchical.ThrowableCollector.execute(ThrowableCollector.java:74)
	at org.junit.platform.engine.support.hierarchical.NodeTestTask.lambda$executeRecursively$1(NodeTestTask.java:166)
	at org.junit.platform.engine.support.hierarchical.Node.around(Node.java:138)
	at org.junit.platform.engine.support.hierarchical.NodeTestTask.lambda$executeRecursively$0(NodeTestTask.java:164)
	at org.junit.platform.engine.support.hierarchical.ThrowableCollector.execute(ThrowableCollector.java:74)
	at org.junit.platform.engine.support.hierarchical.NodeTestTask.executeRecursively(NodeTestTask.java:163)
	at org.junit.platform.engine.support.hierarchical.NodeTestTask.execute(NodeTestTask.java:116)
	at java.base/java.util.ArrayList.forEach(ArrayList.java:1597)
	at org.junit.platform.engine.support.hierarchical.SameThreadHierarchicalTestExecutorService.invokeAll(SameThreadHierarchicalTestExecutorService.java:42)
	at org.junit.platform.engine.support.hierarchical.NodeTestTask.lambda$executeRecursively$2(NodeTestTask.java:180)
	at org.junit.platform.engine.support.hierarchical.ThrowableCollector.execute(ThrowableCollector.java:74)
	at org.junit.platform.engine.support.hierarchical.NodeTestTask.lambda$executeRecursively$1(NodeTestTask.java:166)
	at org.junit.platform.engine.support.hierarchical.Node.around(Node.java:138)
	at org.junit.platform.engine.support.hierarchical.NodeTestTask.lambda$executeRecursively$0(NodeTestTask.java:164)
	at org.junit.platform.engine.support.hierarchical.ThrowableCollector.execute(ThrowableCollector.java:74)
	at org.junit.platform.engine.support.hierarchical.NodeTestTask.executeRecursively(NodeTestTask.java:163)
	at org.junit.platform.engine.support.hierarchical.NodeTestTask.execute(NodeTestTask.java:116)
	at org.junit.platform.engine.support.hierarchical.SameThreadHierarchicalTestExecutorService.submit(SameThreadHierarchicalTestExecutorService.java:36)
	at org.junit.platform.engine.support.hierarchical.HierarchicalTestExecutor.execute(HierarchicalTestExecutor.java:52)
	at org.junit.platform.engine.support.hierarchical.HierarchicalTestEngine.execute(HierarchicalTestEngine.java:58)
	at org.junit.platform.launcher.core.EngineExecutionOrchestrator.executeEngine(EngineExecutionOrchestrator.java:246)
	at org.junit.platform.launcher.core.EngineExecutionOrchestrator.failOrExecuteEngine(EngineExecutionOrchestrator.java:218)
	at org.junit.platform.launcher.core.EngineExecutionOrchestrator.execute(EngineExecutionOrchestrator.java:179)
	at org.junit.platform.launcher.core.EngineExecutionOrchestrator.execute(EngineExecutionOrchestrator.java:108)
	at org.junit.platform.launcher.core.EngineExecutionOrchestrator.lambda$execute$0(EngineExecutionOrchestrator.java:66)
	at org.junit.platform.launcher.core.EngineExecutionOrchestrator.withInterceptedStreams(EngineExecutionOrchestrator.java:157)
	at org.junit.platform.launcher.core.EngineExecutionOrchestrator.execute(EngineExecutionOrchestrator.java:65)
	at org.junit.platform.launcher.core.DefaultLauncher.execute(DefaultLauncher.java:125)
	at org.junit.platform.launcher.core.DefaultLauncher.execute(DefaultLauncher.java:114)
	at org.junit.platform.launcher.core.DefaultLauncher.execute(DefaultLauncher.java:93)
	at org.junit.platform.launcher.core.DelegatingLauncher.execute(DelegatingLauncher.java:48)
	at org.junit.platform.launcher.core.InterceptingLauncher.lambda$execute$0(InterceptingLauncher.java:41)
	at org.junit.platform.launcher.core.ClasspathAlignmentCheckingLauncherInterceptor.intercept(ClasspathAlignmentCheckingLauncherInterceptor.java:25)
	at org.junit.platform.launcher.core.InterceptingLauncher.execute(InterceptingLauncher.java:40)
	at org.junit.platform.launcher.core.DelegatingLauncher.execute(DelegatingLauncher.java:48)
	at org.junit.platform.launcher.core.SessionPerRequestLauncher.execute(SessionPerRequestLauncher.java:67)
	at com.intellij.junit6.JUnit6IdeaTestRunner.startRunnerWithArgs(JUnit6IdeaTestRunner.java:67)
	at com.intellij.rt.junit.IdeaTestRunner$Repeater$1.execute(IdeaTestRunner.java:38)
	at com.intellij.rt.execution.junit.TestsRepeater.repeat(TestsRepeater.java:11)
	at com.intellij.rt.junit.IdeaTestRunner$Repeater.startRunnerWithArgs(IdeaTestRunner.java:35)
	at com.intellij.rt.junit.JUnitStarter.prepareStreamsAndStart(JUnitStarter.java:237)
	at com.intellij.rt.junit.JUnitStarter.main(JUnitStarter.java:58)
Caused by: org.springframework.beans.factory.BeanCreationException: Error creating bean with name 'entityManagerFactory' defined in class path resource [org/springframework/boot/hibernate/autoconfigure/HibernateJpaConfiguration.class]: Failed to initialize dependency 'flywayInitializer' of LoadTimeWeaverAware bean 'entityManagerFactory': Error creating bean with name 'flywayInitializer' defined in class path resource [org/springframework/boot/flyway/autoconfigure/FlywayAutoConfiguration$FlywayConfiguration.class]: Failed to execute script V2__add_Img_colums.sql
-----------------------------------------------
SQL State  : 42000
Error Code : 42000
Message    : Syntax error in SQL statement "ALTER TABLE events\000d\000aADD COLUMN image_name VARCHAR(25)[*],\000d\000aADD COLUMN image_type VARCHAR(25),\000d\000aADD COLUMN image_data BYTEA"; SQL statement:
ALTER TABLE events
ADD COLUMN image_name VARCHAR(25),
ADD COLUMN image_type VARCHAR(25),
ADD COLUMN image_data BYTEA [42000-240]
Location   : db/migration/V2__add_Img_colums.sql (G:\Work\gotcha-cafe\gotcha-api\gotcha-api\target\classes\db\migration\V2__add_Img_colums.sql)
Line       : 1
Statement  : Run Flyway with -X option to see the actual statement causing the problem

	at org.springframework.beans.factory.support.AbstractBeanFactory.doGetBean(AbstractBeanFactory.java:322)
	at org.springframework.beans.factory.support.AbstractBeanFactory.getBean(AbstractBeanFactory.java:201)
	at org.springframework.context.support.AbstractApplicationContext.finishBeanFactoryInitialization(AbstractApplicationContext.java:976)
	at org.springframework.context.support.AbstractApplicationContext.refresh(AbstractApplicationContext.java:620)
	at org.springframework.boot.SpringApplication.refresh(SpringApplication.java:756)
	at org.springframework.boot.SpringApplication.refreshContext(SpringApplication.java:445)
	at org.springframework.boot.SpringApplication.run(SpringApplication.java:321)
	at org.springframework.boot.test.context.SpringBootContextLoader.lambda$loadContext$2(SpringBootContextLoader.java:156)
	at org.springframework.util.function.ThrowingSupplier.get(ThrowingSupplier.java:58)
	at org.springframework.util.function.ThrowingSupplier.get(ThrowingSupplier.java:46)
	at org.springframework.boot.SpringApplication.withHook(SpringApplication.java:1465)
	at org.springframework.boot.test.context.SpringBootContextLoader$ContextLoaderHook.run(SpringBootContextLoader.java:605)
	at org.springframework.boot.test.context.SpringBootContextLoader.loadContext(SpringBootContextLoader.java:156)
	at org.springframework.boot.test.context.SpringBootContextLoader.loadContext(SpringBootContextLoader.java:115)
	at org.springframework.test.context.cache.DefaultCacheAwareContextLoaderDelegate.loadContextInternal(DefaultCacheAwareContextLoaderDelegate.java:247)
	at org.springframework.test.context.cache.DefaultCacheAwareContextLoaderDelegate.lambda$loadContext$0(DefaultCacheAwareContextLoaderDelegate.java:167)
	... 82 common frames omitted
Caused by: org.springframework.beans.factory.BeanCreationException: Error creating bean with name 'flywayInitializer' defined in class path resource [org/springframework/boot/flyway/autoconfigure/FlywayAutoConfiguration$FlywayConfiguration.class]: Failed to execute script V2__add_Img_colums.sql
-----------------------------------------------
SQL State  : 42000
Error Code : 42000
Message    : Syntax error in SQL statement "ALTER TABLE events\000d\000aADD COLUMN image_name VARCHAR(25)[*],\000d\000aADD COLUMN image_type VARCHAR(25),\000d\000aADD COLUMN image_data BYTEA"; SQL statement:
ALTER TABLE events
ADD COLUMN image_name VARCHAR(25),
ADD COLUMN image_type VARCHAR(25),
ADD COLUMN image_data BYTEA [42000-240]
Location   : db/migration/V2__add_Img_colums.sql (G:\Work\gotcha-cafe\gotcha-api\gotcha-api\target\classes\db\migration\V2__add_Img_colums.sql)
Line       : 1
Statement  : Run Flyway with -X option to see the actual statement causing the problem

	at org.springframework.beans.factory.support.AbstractAutowireCapableBeanFactory.initializeBean(AbstractAutowireCapableBeanFactory.java:1817)
	at org.springframework.beans.factory.support.AbstractAutowireCapableBeanFactory.doCreateBean(AbstractAutowireCapableBeanFactory.java:603)
	at org.springframework.beans.factory.support.AbstractAutowireCapableBeanFactory.createBean(AbstractAutowireCapableBeanFactory.java:525)
	at org.springframework.beans.factory.support.AbstractBeanFactory.lambda$doGetBean$0(AbstractBeanFactory.java:333)
	at org.springframework.beans.factory.support.DefaultSingletonBeanRegistry.getSingleton(DefaultSingletonBeanRegistry.java:371)
	at org.springframework.beans.factory.support.AbstractBeanFactory.doGetBean(AbstractBeanFactory.java:331)
	at org.springframework.beans.factory.support.AbstractBeanFactory.getBean(AbstractBeanFactory.java:196)
	at org.springframework.beans.factory.support.AbstractBeanFactory.doGetBean(AbstractBeanFactory.java:309)
	... 97 common frames omitted
Caused by: org.flywaydb.core.internal.exception.FlywayMigrateException: Failed to execute script V2__add_Img_colums.sql
-----------------------------------------------
SQL State  : 42000
Error Code : 42000
Message    : Syntax error in SQL statement "ALTER TABLE events\000d\000aADD COLUMN image_name VARCHAR(25)[*],\000d\000aADD COLUMN image_type VARCHAR(25),\000d\000aADD COLUMN image_data BYTEA"; SQL statement:
ALTER TABLE events
ADD COLUMN image_name VARCHAR(25),
ADD COLUMN image_type VARCHAR(25),
ADD COLUMN image_data BYTEA [42000-240]
Location   : db/migration/V2__add_Img_colums.sql (G:\Work\gotcha-cafe\gotcha-api\gotcha-api\target\classes\db\migration\V2__add_Img_colums.sql)
Line       : 1
Statement  : Run Flyway with -X option to see the actual statement causing the problem

	at org.flywaydb.core.internal.command.DbMigrate.doMigrateGroup(DbMigrate.java:399)
	at org.flywaydb.core.internal.command.DbMigrate.lambda$applyMigrations$1(DbMigrate.java:283)
	at org.flywaydb.core.internal.jdbc.TransactionalExecutionTemplate.execute(TransactionalExecutionTemplate.java:59)
	at org.flywaydb.core.internal.command.DbMigrate.applyMigrations(DbMigrate.java:282)
	at org.flywaydb.core.internal.command.DbMigrate.migrateGroup(DbMigrate.java:255)
	at org.flywaydb.core.internal.command.DbMigrate.lambda$migrateAll$0(DbMigrate.java:153)
	at org.flywaydb.core.internal.jdbc.TableLockingExecutionTemplate$1.call(TableLockingExecutionTemplate.java:40)
	at org.flywaydb.core.internal.jdbc.TransactionalExecutionTemplate.execute(TransactionalExecutionTemplate.java:59)
	at org.flywaydb.core.internal.jdbc.TableLockingExecutionTemplate.execute(TableLockingExecutionTemplate.java:35)
	at org.flywaydb.core.internal.database.base.Connection.lock(Connection.java:106)
	at org.flywaydb.core.internal.schemahistory.JdbcTableSchemaHistory.lock(JdbcTableSchemaHistory.java:164)
	at org.flywaydb.core.internal.command.DbMigrate.migrateAll(DbMigrate.java:153)
	at org.flywaydb.core.internal.command.DbMigrate.migrate(DbMigrate.java:104)
	at org.flywaydb.core.Flyway.lambda$migrate$3(Flyway.java:245)
	at org.flywaydb.core.FlywayExecutor.execute(FlywayExecutor.java:240)
	at org.flywaydb.core.Flyway.migrate(Flyway.java:186)
	at com.gotcha.gotcha_api.flywayConfig.FlywayConfig.lambda$repairAndMigrate$0(FlywayConfig.java:14)
	at org.springframework.boot.flyway.autoconfigure.FlywayMigrationInitializer.afterPropertiesSet(FlywayMigrationInitializer.java:63)
	at org.springframework.beans.factory.support.AbstractAutowireCapableBeanFactory.invokeInitMethods(AbstractAutowireCapableBeanFactory.java:1864)
	at org.springframework.beans.factory.support.AbstractAutowireCapableBeanFactory.initializeBean(AbstractAutowireCapableBeanFactory.java:1813)
	... 104 common frames omitted
Caused by: org.flywaydb.core.internal.sqlscript.FlywaySqlScriptException: Failed to execute script V2__add_Img_colums.sql
-----------------------------------------------
SQL State  : 42000
Error Code : 42000
Message    : Syntax error in SQL statement "ALTER TABLE events\000d\000aADD COLUMN image_name VARCHAR(25)[*],\000d\000aADD COLUMN image_type VARCHAR(25),\000d\000aADD COLUMN image_data BYTEA"; SQL statement:
ALTER TABLE events
ADD COLUMN image_name VARCHAR(25),
ADD COLUMN image_type VARCHAR(25),
ADD COLUMN image_data BYTEA [42000-240]
Location   : db/migration/V2__add_Img_colums.sql (G:\Work\gotcha-cafe\gotcha-api\gotcha-api\target\classes\db\migration\V2__add_Img_colums.sql)
Line       : 1
Statement  : Run Flyway with -X option to see the actual statement causing the problem

	at org.flywaydb.core.internal.sqlscript.DefaultSqlScriptExecutor.handleException(DefaultSqlScriptExecutor.java:255)
	at org.flywaydb.core.internal.sqlscript.DefaultSqlScriptExecutor.executeStatement(DefaultSqlScriptExecutor.java:216)
	at org.flywaydb.core.internal.sqlscript.DefaultSqlScriptExecutor.execute(DefaultSqlScriptExecutor.java:136)
	at org.flywaydb.core.internal.resolver.sql.SqlMigrationExecutor.executeOnce(SqlMigrationExecutor.java:75)
	at org.flywaydb.core.internal.resolver.sql.SqlMigrationExecutor.lambda$execute$0(SqlMigrationExecutor.java:66)
	at org.flywaydb.core.internal.database.DefaultExecutionStrategy.execute(DefaultExecutionStrategy.java:31)
	at org.flywaydb.core.internal.resolver.sql.SqlMigrationExecutor.execute(SqlMigrationExecutor.java:65)
	at org.flywaydb.core.internal.command.DbMigrate.doMigrateGroup(DbMigrate.java:391)
	... 123 common frames omitted
Caused by: org.h2.jdbc.JdbcSQLSyntaxErrorException: Syntax error in SQL statement "ALTER TABLE events\000d\000aADD COLUMN image_name VARCHAR(25)[*],\000d\000aADD COLUMN image_type VARCHAR(25),\000d\000aADD COLUMN image_data BYTEA"; SQL statement:
ALTER TABLE events
ADD COLUMN image_name VARCHAR(25),
ADD COLUMN image_type VARCHAR(25),
ADD COLUMN image_data BYTEA [42000-240]
	at org.h2.message.DbException.getJdbcSQLException(DbException.java:514)
	at org.h2.message.DbException.getJdbcSQLException(DbException.java:489)
	at org.h2.message.DbException.get(DbException.java:223)
	at org.h2.message.DbException.get(DbException.java:199)
	at org.h2.message.DbException.getSyntaxError(DbException.java:247)
	at org.h2.command.ParserBase.getSyntaxError(ParserBase.java:760)
	at org.h2.command.Parser.prepareCommand(Parser.java:490)
	at org.h2.engine.SessionLocal.prepareLocal(SessionLocal.java:647)
	at org.h2.engine.SessionLocal.prepareCommand(SessionLocal.java:563)
	at org.h2.jdbc.JdbcConnection.prepareCommand(JdbcConnection.java:1160)
	at org.h2.jdbc.JdbcStatement.executeInternal(JdbcStatement.java:245)
	at org.h2.jdbc.JdbcStatement.execute(JdbcStatement.java:231)
	at com.zaxxer.hikari.pool.ProxyStatement.execute(ProxyStatement.java:95)
	at com.zaxxer.hikari.pool.HikariProxyStatement.execute(HikariProxyStatement.java)
	at org.flywaydb.core.internal.jdbc.JdbcTemplate.executeStatement(JdbcTemplate.java:215)
	at org.flywaydb.core.internal.sqlscript.ParsedSqlStatement.execute(ParsedSqlStatement.java:88)
	at org.flywaydb.core.internal.sqlscript.DefaultSqlScriptExecutor.executeStatement(DefaultSqlScriptExecutor.java:211)
	... 129 common frames omitted
2026-03-09 20:32:28 - WARN - org.springframework.test.context.TestContextManager - Caught exception while allowing TestExecutionListener [org.springframework.test.context.web.ServletTestExecutionListener] to prepare test instance [com.gotcha.gotcha_api.controller.EventRSVPControllerIntegrationTest@5621a671]
java.lang.IllegalStateException: ApplicationContext failure threshold (1) exceeded: skipping repeated attempt to load context for [WebMergedContextConfiguration@17a7d6c8 testClass = com.gotcha.gotcha_api.controller.EventRSVPControllerIntegrationTest, locations = [], classes = [com.gotcha.gotcha_api.GotchaApiApplication], contextInitializerClasses = [], activeProfiles = ["test"], propertySourceDescriptors = [PropertySourceDescriptor[locations=[classpath:application-test.properties], ignoreResourceNotFound=false, name=null, propertySourceFactory=null, encoding=null]], propertySourceProperties = ["org.springframework.boot.test.context.SpringBootTestContextBootstrapper=true"], contextCustomizers = [[ImportsContextCustomizer@70bc3a9c key = [org.springframework.boot.security.autoconfigure.web.servlet.ServletWebSecurityAutoConfiguration, org.springframework.boot.security.test.autoconfigure.webmvc.SecurityMockMvcAutoConfiguration, org.springframework.boot.webmvc.test.autoconfigure.MockMvcWebDriverAutoConfiguration, org.springframework.boot.webmvc.test.autoconfigure.MockMvcWebClientAutoConfiguration, org.springframework.boot.security.autoconfigure.SecurityAutoConfiguration, org.springframework.boot.webmvc.test.autoconfigure.MockMvcAutoConfiguration, org.springframework.boot.security.autoconfigure.UserDetailsServiceAutoConfiguration, org.springframework.boot.security.autoconfigure.web.servlet.SecurityFilterAutoConfiguration]], org.springframework.boot.test.context.PropertyMappingContextCustomizer@2d298995, org.springframework.boot.test.context.filter.ExcludeFilterContextCustomizer@5305c37d, org.springframework.boot.test.json.DuplicateJsonObjectContextCustomizerFactory$DuplicateJsonObjectContextCustomizer@72bca894, org.springframework.boot.test.autoconfigure.OnFailureConditionReportContextCustomizerFactory$OnFailureConditionReportContextCustomizer@2575f671, org.springframework.test.context.support.DynamicPropertiesContextCustomizer@0, org.springframework.boot.webmvc.test.autoconfigure.WebDriverContextCustomizer@2c444798, org.springframework.boot.web.server.context.SpringBootTestRandomPortContextCustomizer@436390f4, org.springframework.boot.test.context.SpringBootTestAnnotation@e12a0032], resourceBasePath = "src/main/webapp", contextLoader = org.springframework.boot.test.context.SpringBootContextLoader, parent = null]
	at org.springframework.test.context.cache.DefaultCacheAwareContextLoaderDelegate.loadContext(DefaultCacheAwareContextLoaderDelegate.java:157)
	at org.springframework.test.context.support.DefaultTestContext.getApplicationContext(DefaultTestContext.java:128)
	at org.springframework.test.context.web.ServletTestExecutionListener.setUpRequestContextIfNecessary(ServletTestExecutionListener.java:200)
	at org.springframework.test.context.web.ServletTestExecutionListener.prepareTestInstance(ServletTestExecutionListener.java:139)
	at org.springframework.test.context.TestContextManager.prepareTestInstance(TestContextManager.java:260)
	at org.springframework.test.context.junit.jupiter.SpringExtension.postProcessTestInstance(SpringExtension.java:205)
	at org.junit.jupiter.engine.descriptor.ClassBasedTestDescriptor.lambda$invokeTestInstancePostProcessors$1(ClassBasedTestDescriptor.java:423)
	at org.junit.jupiter.engine.descriptor.ClassBasedTestDescriptor.executeAndMaskThrowable(ClassBasedTestDescriptor.java:428)
	at org.junit.jupiter.engine.descriptor.ClassBasedTestDescriptor.lambda$invokeTestInstancePostProcessors$0(ClassBasedTestDescriptor.java:422)
	at java.base/java.util.stream.ForEachOps$ForEachOp$OfRef.accept(ForEachOps.java:184)
	at java.base/java.util.stream.ReferencePipeline$3$1.accept(ReferencePipeline.java:215)
	at java.base/java.util.stream.ReferencePipeline$2$1.accept(ReferencePipeline.java:197)
	at java.base/java.util.stream.ReferencePipeline$3$1.accept(ReferencePipeline.java:215)
	at java.base/java.util.ArrayList$ArrayListSpliterator.forEachRemaining(ArrayList.java:1709)
	at java.base/java.util.stream.AbstractPipeline.copyInto(AbstractPipeline.java:570)
	at java.base/java.util.stream.AbstractPipeline.wrapAndCopyInto(AbstractPipeline.java:560)
	at java.base/java.util.stream.ForEachOps$ForEachOp.evaluateSequential(ForEachOps.java:151)
	at java.base/java.util.stream.ForEachOps$ForEachOp$OfRef.evaluateSequential(ForEachOps.java:174)
	at java.base/java.util.stream.AbstractPipeline.evaluate(AbstractPipeline.java:265)
	at java.base/java.util.stream.ReferencePipeline.forEach(ReferencePipeline.java:636)
	at org.junit.jupiter.engine.descriptor.ClassBasedTestDescriptor.invokeTestInstancePostProcessors(ClassBasedTestDescriptor.java:422)
	at org.junit.jupiter.engine.descriptor.ClassBasedTestDescriptor.lambda$instantiateAndPostProcessTestInstance$0(ClassBasedTestDescriptor.java:334)
	at org.junit.platform.engine.support.hierarchical.ThrowableCollector.execute(ThrowableCollector.java:74)
	at org.junit.jupiter.engine.descriptor.ClassBasedTestDescriptor.instantiateAndPostProcessTestInstance(ClassBasedTestDescriptor.java:333)
	at org.junit.jupiter.engine.descriptor.ClassBasedTestDescriptor.lambda$testInstancesProvider$1(ClassBasedTestDescriptor.java:322)
	at java.base/java.util.Optional.orElseGet(Optional.java:364)
	at org.junit.jupiter.engine.descriptor.ClassBasedTestDescriptor.lambda$testInstancesProvider$0(ClassBasedTestDescriptor.java:321)
	at org.junit.jupiter.engine.execution.TestInstancesProvider.getTestInstances(TestInstancesProvider.java:27)
	at org.junit.jupiter.engine.descriptor.TestMethodTestDescriptor.lambda$prepare$0(TestMethodTestDescriptor.java:127)
	at org.junit.platform.engine.support.hierarchical.ThrowableCollector.execute(ThrowableCollector.java:74)
	at org.junit.jupiter.engine.descriptor.TestMethodTestDescriptor.prepare(TestMethodTestDescriptor.java:126)
	at org.junit.jupiter.engine.descriptor.TestMethodTestDescriptor.prepare(TestMethodTestDescriptor.java:70)
	at org.junit.platform.engine.support.hierarchical.NodeTestTask.lambda$prepare$0(NodeTestTask.java:144)
	at org.junit.platform.engine.support.hierarchical.ThrowableCollector.execute(ThrowableCollector.java:74)
	at org.junit.platform.engine.support.hierarchical.NodeTestTask.prepare(NodeTestTask.java:144)
	at org.junit.platform.engine.support.hierarchical.NodeTestTask.execute(NodeTestTask.java:110)
	at java.base/java.util.ArrayList.forEach(ArrayList.java:1597)
	at org.junit.platform.engine.support.hierarchical.SameThreadHierarchicalTestExecutorService.invokeAll(SameThreadHierarchicalTestExecutorService.java:42)
	at org.junit.platform.engine.support.hierarchical.NodeTestTask.lambda$executeRecursively$2(NodeTestTask.java:180)
	at org.junit.platform.engine.support.hierarchical.ThrowableCollector.execute(ThrowableCollector.java:74)
	at org.junit.platform.engine.support.hierarchical.NodeTestTask.lambda$executeRecursively$1(NodeTestTask.java:166)
	at org.junit.platform.engine.support.hierarchical.Node.around(Node.java:138)
	at org.junit.platform.engine.support.hierarchical.NodeTestTask.lambda$executeRecursively$0(NodeTestTask.java:164)
	at org.junit.platform.engine.support.hierarchical.ThrowableCollector.execute(ThrowableCollector.java:74)
	at org.junit.platform.engine.support.hierarchical.NodeTestTask.executeRecursively(NodeTestTask.java:163)
	at org.junit.platform.engine.support.hierarchical.NodeTestTask.execute(NodeTestTask.java:116)
	at java.base/java.util.ArrayList.forEach(ArrayList.java:1597)
	at org.junit.platform.engine.support.hierarchical.SameThreadHierarchicalTestExecutorService.invokeAll(SameThreadHierarchicalTestExecutorService.java:42)
	at org.junit.platform.engine.support.hierarchical.NodeTestTask.lambda$executeRecursively$2(NodeTestTask.java:180)
	at org.junit.platform.engine.support.hierarchical.ThrowableCollector.execute(ThrowableCollector.java:74)
	at org.junit.platform.engine.support.hierarchical.NodeTestTask.lambda$executeRecursively$1(NodeTestTask.java:166)
	at org.junit.platform.engine.support.hierarchical.Node.around(Node.java:138)
	at org.junit.platform.engine.support.hierarchical.NodeTestTask.lambda$executeRecursively$0(NodeTestTask.java:164)
	at org.junit.platform.engine.support.hierarchical.ThrowableCollector.execute(ThrowableCollector.java:74)
	at org.junit.platform.engine.support.hierarchical.NodeTestTask.executeRecursively(NodeTestTask.java:163)
	at org.junit.platform.engine.support.hierarchical.NodeTestTask.execute(NodeTestTask.java:116)
	at org.junit.platform.engine.support.hierarchical.SameThreadHierarchicalTestExecutorService.submit(SameThreadHierarchicalTestExecutorService.java:36)
	at org.junit.platform.engine.support.hierarchical.HierarchicalTestExecutor.execute(HierarchicalTestExecutor.java:52)
	at org.junit.platform.engine.support.hierarchical.HierarchicalTestEngine.execute(HierarchicalTestEngine.java:58)
	at org.junit.platform.launcher.core.EngineExecutionOrchestrator.executeEngine(EngineExecutionOrchestrator.java:246)
	at org.junit.platform.launcher.core.EngineExecutionOrchestrator.failOrExecuteEngine(EngineExecutionOrchestrator.java:218)
	at org.junit.platform.launcher.core.EngineExecutionOrchestrator.execute(EngineExecutionOrchestrator.java:179)
	at org.junit.platform.launcher.core.EngineExecutionOrchestrator.execute(EngineExecutionOrchestrator.java:108)
	at org.junit.platform.launcher.core.EngineExecutionOrchestrator.lambda$execute$0(EngineExecutionOrchestrator.java:66)
	at org.junit.platform.launcher.core.EngineExecutionOrchestrator.withInterceptedStreams(EngineExecutionOrchestrator.java:157)
	at org.junit.platform.launcher.core.EngineExecutionOrchestrator.execute(EngineExecutionOrchestrator.java:65)
	at org.junit.platform.launcher.core.DefaultLauncher.execute(DefaultLauncher.java:125)
	at org.junit.platform.launcher.core.DefaultLauncher.execute(DefaultLauncher.java:114)
	at org.junit.platform.launcher.core.DefaultLauncher.execute(DefaultLauncher.java:93)
	at org.junit.platform.launcher.core.DelegatingLauncher.execute(DelegatingLauncher.java:48)
	at org.junit.platform.launcher.core.InterceptingLauncher.lambda$execute$0(InterceptingLauncher.java:41)
	at org.junit.platform.launcher.core.ClasspathAlignmentCheckingLauncherInterceptor.intercept(ClasspathAlignmentCheckingLauncherInterceptor.java:25)
	at org.junit.platform.launcher.core.InterceptingLauncher.execute(InterceptingLauncher.java:40)
	at org.junit.platform.launcher.core.DelegatingLauncher.execute(DelegatingLauncher.java:48)
	at org.junit.platform.launcher.core.SessionPerRequestLauncher.execute(SessionPerRequestLauncher.java:67)
	at com.intellij.junit6.JUnit6IdeaTestRunner.startRunnerWithArgs(JUnit6IdeaTestRunner.java:67)
	at com.intellij.rt.junit.IdeaTestRunner$Repeater$1.execute(IdeaTestRunner.java:38)
	at com.intellij.rt.execution.junit.TestsRepeater.repeat(TestsRepeater.java:11)
	at com.intellij.rt.junit.IdeaTestRunner$Repeater.startRunnerWithArgs(IdeaTestRunner.java:35)
	at com.intellij.rt.junit.JUnitStarter.prepareStreamsAndStart(JUnitStarter.java:237)
	at com.intellij.rt.junit.JUnitStarter.main(JUnitStarter.java:58)
2026-03-09 20:32:28 - WARN - org.springframework.test.context.TestContextManager - Caught exception while allowing TestExecutionListener [org.springframework.test.context.web.ServletTestExecutionListener] to prepare test instance [com.gotcha.gotcha_api.controller.EventRSVPControllerIntegrationTest@3e2578ea]
java.lang.IllegalStateException: ApplicationContext failure threshold (1) exceeded: skipping repeated attempt to load context for [WebMergedContextConfiguration@17a7d6c8 testClass = com.gotcha.gotcha_api.controller.EventRSVPControllerIntegrationTest, locations = [], classes = [com.gotcha.gotcha_api.GotchaApiApplication], contextInitializerClasses = [], activeProfiles = ["test"], propertySourceDescriptors = [PropertySourceDescriptor[locations=[classpath:application-test.properties], ignoreResourceNotFound=false, name=null, propertySourceFactory=null, encoding=null]], propertySourceProperties = ["org.springframework.boot.test.context.SpringBootTestContextBootstrapper=true"], contextCustomizers = [[ImportsContextCustomizer@70bc3a9c key = [org.springframework.boot.security.autoconfigure.web.servlet.ServletWebSecurityAutoConfiguration, org.springframework.boot.security.test.autoconfigure.webmvc.SecurityMockMvcAutoConfiguration, org.springframework.boot.webmvc.test.autoconfigure.MockMvcWebDriverAutoConfiguration, org.springframework.boot.webmvc.test.autoconfigure.MockMvcWebClientAutoConfiguration, org.springframework.boot.security.autoconfigure.SecurityAutoConfiguration, org.springframework.boot.webmvc.test.autoconfigure.MockMvcAutoConfiguration, org.springframework.boot.security.autoconfigure.UserDetailsServiceAutoConfiguration, org.springframework.boot.security.autoconfigure.web.servlet.SecurityFilterAutoConfiguration]], org.springframework.boot.test.context.PropertyMappingContextCustomizer@2d298995, org.springframework.boot.test.context.filter.ExcludeFilterContextCustomizer@5305c37d, org.springframework.boot.test.json.DuplicateJsonObjectContextCustomizerFactory$DuplicateJsonObjectContextCustomizer@72bca894, org.springframework.boot.test.autoconfigure.OnFailureConditionReportContextCustomizerFactory$OnFailureConditionReportContextCustomizer@2575f671, org.springframework.test.context.support.DynamicPropertiesContextCustomizer@0, org.springframework.boot.webmvc.test.autoconfigure.WebDriverContextCustomizer@2c444798, org.springframework.boot.web.server.context.SpringBootTestRandomPortContextCustomizer@436390f4, org.springframework.boot.test.context.SpringBootTestAnnotation@e12a0032], resourceBasePath = "src/main/webapp", contextLoader = org.springframework.boot.test.context.SpringBootContextLoader, parent = null]
	at org.springframework.test.context.cache.DefaultCacheAwareContextLoaderDelegate.loadContext(DefaultCacheAwareContextLoaderDelegate.java:157)
	at org.springframework.test.context.support.DefaultTestContext.getApplicationContext(DefaultTestContext.java:128)
	at org.springframework.test.context.web.ServletTestExecutionListener.setUpRequestContextIfNecessary(ServletTestExecutionListener.java:200)
	at org.springframework.test.context.web.ServletTestExecutionListener.prepareTestInstance(ServletTestExecutionListener.java:139)
	at org.springframework.test.context.TestContextManager.prepareTestInstance(TestContextManager.java:260)
	at org.springframework.test.context.junit.jupiter.SpringExtension.postProcessTestInstance(SpringExtension.java:205)
	at org.junit.jupiter.engine.descriptor.ClassBasedTestDescriptor.lambda$invokeTestInstancePostProcessors$1(ClassBasedTestDescriptor.java:423)
	at org.junit.jupiter.engine.descriptor.ClassBasedTestDescriptor.executeAndMaskThrowable(ClassBasedTestDescriptor.java:428)
	at org.junit.jupiter.engine.descriptor.ClassBasedTestDescriptor.lambda$invokeTestInstancePostProcessors$0(ClassBasedTestDescriptor.java:422)
	at java.base/java.util.stream.ForEachOps$ForEachOp$OfRef.accept(ForEachOps.java:184)
	at java.base/java.util.stream.ReferencePipeline$3$1.accept(ReferencePipeline.java:215)
	at java.base/java.util.stream.ReferencePipeline$2$1.accept(ReferencePipeline.java:197)
	at java.base/java.util.stream.ReferencePipeline$3$1.accept(ReferencePipeline.java:215)
	at java.base/java.util.ArrayList$ArrayListSpliterator.forEachRemaining(ArrayList.java:1709)
	at java.base/java.util.stream.AbstractPipeline.copyInto(AbstractPipeline.java:570)
	at java.base/java.util.stream.AbstractPipeline.wrapAndCopyInto(AbstractPipeline.java:560)
	at java.base/java.util.stream.ForEachOps$ForEachOp.evaluateSequential(ForEachOps.java:151)
	at java.base/java.util.stream.ForEachOps$ForEachOp$OfRef.evaluateSequential(ForEachOps.java:174)
	at java.base/java.util.stream.AbstractPipeline.evaluate(AbstractPipeline.java:265)
	at java.base/java.util.stream.ReferencePipeline.forEach(ReferencePipeline.java:636)
	at org.junit.jupiter.engine.descriptor.ClassBasedTestDescriptor.invokeTestInstancePostProcessors(ClassBasedTestDescriptor.java:422)
	at org.junit.jupiter.engine.descriptor.ClassBasedTestDescriptor.lambda$instantiateAndPostProcessTestInstance$0(ClassBasedTestDescriptor.java:334)
	at org.junit.platform.engine.support.hierarchical.ThrowableCollector.execute(ThrowableCollector.java:74)
	at org.junit.jupiter.engine.descriptor.ClassBasedTestDescriptor.instantiateAndPostProcessTestInstance(ClassBasedTestDescriptor.java:333)
	at org.junit.jupiter.engine.descriptor.ClassBasedTestDescriptor.lambda$testInstancesProvider$1(ClassBasedTestDescriptor.java:322)
	at java.base/java.util.Optional.orElseGet(Optional.java:364)
	at org.junit.jupiter.engine.descriptor.ClassBasedTestDescriptor.lambda$testInstancesProvider$0(ClassBasedTestDescriptor.java:321)
	at org.junit.jupiter.engine.execution.TestInstancesProvider.getTestInstances(TestInstancesProvider.java:27)
	at org.junit.jupiter.engine.descriptor.TestMethodTestDescriptor.lambda$prepare$0(TestMethodTestDescriptor.java:127)
	at org.junit.platform.engine.support.hierarchical.ThrowableCollector.execute(ThrowableCollector.java:74)
	at org.junit.jupiter.engine.descriptor.TestMethodTestDescriptor.prepare(TestMethodTestDescriptor.java:126)
	at org.junit.jupiter.engine.descriptor.TestMethodTestDescriptor.prepare(TestMethodTestDescriptor.java:70)
	at org.junit.platform.engine.support.hierarchical.NodeTestTask.lambda$prepare$0(NodeTestTask.java:144)
	at org.junit.platform.engine.support.hierarchical.ThrowableCollector.execute(ThrowableCollector.java:74)
	at org.junit.platform.engine.support.hierarchical.NodeTestTask.prepare(NodeTestTask.java:144)
	at org.junit.platform.engine.support.hierarchical.NodeTestTask.execute(NodeTestTask.java:110)
	at java.base/java.util.ArrayList.forEach(ArrayList.java:1597)
	at org.junit.platform.engine.support.hierarchical.SameThreadHierarchicalTestExecutorService.invokeAll(SameThreadHierarchicalTestExecutorService.java:42)
	at org.junit.platform.engine.support.hierarchical.NodeTestTask.lambda$executeRecursively$2(NodeTestTask.java:180)
	at org.junit.platform.engine.support.hierarchical.ThrowableCollector.execute(ThrowableCollector.java:74)
	at org.junit.platform.engine.support.hierarchical.NodeTestTask.lambda$executeRecursively$1(NodeTestTask.java:166)
	at org.junit.platform.engine.support.hierarchical.Node.around(Node.java:138)
	at org.junit.platform.engine.support.hierarchical.NodeTestTask.lambda$executeRecursively$0(NodeTestTask.java:164)
	at org.junit.platform.engine.support.hierarchical.ThrowableCollector.execute(ThrowableCollector.java:74)
	at org.junit.platform.engine.support.hierarchical.NodeTestTask.executeRecursively(NodeTestTask.java:163)
	at org.junit.platform.engine.support.hierarchical.NodeTestTask.execute(NodeTestTask.java:116)
	at java.base/java.util.ArrayList.forEach(ArrayList.java:1597)
	at org.junit.platform.engine.support.hierarchical.SameThreadHierarchicalTestExecutorService.invokeAll(SameThreadHierarchicalTestExecutorService.java:42)
	at org.junit.platform.engine.support.hierarchical.NodeTestTask.lambda$executeRecursively$2(NodeTestTask.java:180)
	at org.junit.platform.engine.support.hierarchical.ThrowableCollector.execute(ThrowableCollector.java:74)
	at org.junit.platform.engine.support.hierarchical.NodeTestTask.lambda$executeRecursively$1(NodeTestTask.java:166)
	at org.junit.platform.engine.support.hierarchical.Node.around(Node.java:138)
	at org.junit.platform.engine.support.hierarchical.NodeTestTask.lambda$executeRecursively$0(NodeTestTask.java:164)
	at org.junit.platform.engine.support.hierarchical.ThrowableCollector.execute(ThrowableCollector.java:74)
	at org.junit.platform.engine.support.hierarchical.NodeTestTask.executeRecursively(NodeTestTask.java:163)
	at org.junit.platform.engine.support.hierarchical.NodeTestTask.execute(NodeTestTask.java:116)
	at org.junit.platform.engine.support.hierarchical.SameThreadHierarchicalTestExecutorService.submit(SameThreadHierarchicalTestExecutorService.java:36)
	at org.junit.platform.engine.support.hierarchical.HierarchicalTestExecutor.execute(HierarchicalTestExecutor.java:52)
	at org.junit.platform.engine.support.hierarchical.HierarchicalTestEngine.execute(HierarchicalTestEngine.java:58)
	at org.junit.platform.launcher.core.EngineExecutionOrchestrator.executeEngine(EngineExecutionOrchestrator.java:246)
	at org.junit.platform.launcher.core.EngineExecutionOrchestrator.failOrExecuteEngine(EngineExecutionOrchestrator.java:218)
	at org.junit.platform.launcher.core.EngineExecutionOrchestrator.execute(EngineExecutionOrchestrator.java:179)
	at org.junit.platform.launcher.core.EngineExecutionOrchestrator.execute(EngineExecutionOrchestrator.java:108)
	at org.junit.platform.launcher.core.EngineExecutionOrchestrator.lambda$execute$0(EngineExecutionOrchestrator.java:66)
	at org.junit.platform.launcher.core.EngineExecutionOrchestrator.withInterceptedStreams(EngineExecutionOrchestrator.java:157)
	at org.junit.platform.launcher.core.EngineExecutionOrchestrator.execute(EngineExecutionOrchestrator.java:65)
	at org.junit.platform.launcher.core.DefaultLauncher.execute(DefaultLauncher.java:125)
	at org.junit.platform.launcher.core.DefaultLauncher.execute(DefaultLauncher.java:114)
	at org.junit.platform.launcher.core.DefaultLauncher.execute(DefaultLauncher.java:93)
	at org.junit.platform.launcher.core.DelegatingLauncher.execute(DelegatingLauncher.java:48)
	at org.junit.platform.launcher.core.InterceptingLauncher.lambda$execute$0(InterceptingLauncher.java:41)
	at org.junit.platform.launcher.core.ClasspathAlignmentCheckingLauncherInterceptor.intercept(ClasspathAlignmentCheckingLauncherInterceptor.java:25)
	at org.junit.platform.launcher.core.InterceptingLauncher.execute(InterceptingLauncher.java:40)
	at org.junit.platform.launcher.core.DelegatingLauncher.execute(DelegatingLauncher.java:48)
	at org.junit.platform.launcher.core.SessionPerRequestLauncher.execute(SessionPerRequestLauncher.java:67)
	at com.intellij.junit6.JUnit6IdeaTestRunner.startRunnerWithArgs(JUnit6IdeaTestRunner.java:67)
	at com.intellij.rt.junit.IdeaTestRunner$Repeater$1.execute(IdeaTestRunner.java:38)
	at com.intellij.rt.execution.junit.TestsRepeater.repeat(TestsRepeater.java:11)
	at com.intellij.rt.junit.IdeaTestRunner$Repeater.startRunnerWithArgs(IdeaTestRunner.java:35)
	at com.intellij.rt.junit.JUnitStarter.prepareStreamsAndStart(JUnitStarter.java:237)
	at com.intellij.rt.junit.JUnitStarter.main(JUnitStarter.java:58)
2026-03-09 20:32:28 - WARN - org.springframework.test.context.TestContextManager - Caught exception while allowing TestExecutionListener [org.springframework.test.context.web.ServletTestExecutionListener] to prepare test instance [com.gotcha.gotcha_api.controller.EventRSVPControllerIntegrationTest@5ea9373e]
java.lang.IllegalStateException: ApplicationContext failure threshold (1) exceeded: skipping repeated attempt to load context for [WebMergedContextConfiguration@17a7d6c8 testClass = com.gotcha.gotcha_api.controller.EventRSVPControllerIntegrationTest, locations = [], classes = [com.gotcha.gotcha_api.GotchaApiApplication], contextInitializerClasses = [], activeProfiles = ["test"], propertySourceDescriptors = [PropertySourceDescriptor[locations=[classpath:application-test.properties], ignoreResourceNotFound=false, name=null, propertySourceFactory=null, encoding=null]], propertySourceProperties = ["org.springframework.boot.test.context.SpringBootTestContextBootstrapper=true"], contextCustomizers = [[ImportsContextCustomizer@70bc3a9c key = [org.springframework.boot.security.autoconfigure.web.servlet.ServletWebSecurityAutoConfiguration, org.springframework.boot.security.test.autoconfigure.webmvc.SecurityMockMvcAutoConfiguration, org.springframework.boot.webmvc.test.autoconfigure.MockMvcWebDriverAutoConfiguration, org.springframework.boot.webmvc.test.autoconfigure.MockMvcWebClientAutoConfiguration, org.springframework.boot.security.autoconfigure.SecurityAutoConfiguration, org.springframework.boot.webmvc.test.autoconfigure.MockMvcAutoConfiguration, org.springframework.boot.security.autoconfigure.UserDetailsServiceAutoConfiguration, org.springframework.boot.security.autoconfigure.web.servlet.SecurityFilterAutoConfiguration]], org.springframework.boot.test.context.PropertyMappingContextCustomizer@2d298995, org.springframework.boot.test.context.filter.ExcludeFilterContextCustomizer@5305c37d, org.springframework.boot.test.json.DuplicateJsonObjectContextCustomizerFactory$DuplicateJsonObjectContextCustomizer@72bca894, org.springframework.boot.test.autoconfigure.OnFailureConditionReportContextCustomizerFactory$OnFailureConditionReportContextCustomizer@2575f671, org.springframework.test.context.support.DynamicPropertiesContextCustomizer@0, org.springframework.boot.webmvc.test.autoconfigure.WebDriverContextCustomizer@2c444798, org.springframework.boot.web.server.context.SpringBootTestRandomPortContextCustomizer@436390f4, org.springframework.boot.test.context.SpringBootTestAnnotation@e12a0032], resourceBasePath = "src/main/webapp", contextLoader = org.springframework.boot.test.context.SpringBootContextLoader, parent = null]
	at org.springframework.test.context.cache.DefaultCacheAwareContextLoaderDelegate.loadContext(DefaultCacheAwareContextLoaderDelegate.java:157)
	at org.springframework.test.context.support.DefaultTestContext.getApplicationContext(DefaultTestContext.java:128)
	at org.springframework.test.context.web.ServletTestExecutionListener.setUpRequestContextIfNecessary(ServletTestExecutionListener.java:200)
	at org.springframework.test.context.web.ServletTestExecutionListener.prepareTestInstance(ServletTestExecutionListener.java:139)
	at org.springframework.test.context.TestContextManager.prepareTestInstance(TestContextManager.java:260)
	at org.springframework.test.context.junit.jupiter.SpringExtension.postProcessTestInstance(SpringExtension.java:205)
	at org.junit.jupiter.engine.descriptor.ClassBasedTestDescriptor.lambda$invokeTestInstancePostProcessors$1(ClassBasedTestDescriptor.java:423)
	at org.junit.jupiter.engine.descriptor.ClassBasedTestDescriptor.executeAndMaskThrowable(ClassBasedTestDescriptor.java:428)
	at org.junit.jupiter.engine.descriptor.ClassBasedTestDescriptor.lambda$invokeTestInstancePostProcessors$0(ClassBasedTestDescriptor.java:422)
	at java.base/java.util.stream.ForEachOps$ForEachOp$OfRef.accept(ForEachOps.java:184)
	at java.base/java.util.stream.ReferencePipeline$3$1.accept(ReferencePipeline.java:215)
	at java.base/java.util.stream.ReferencePipeline$2$1.accept(ReferencePipeline.java:197)
	at java.base/java.util.stream.ReferencePipeline$3$1.accept(ReferencePipeline.java:215)
	at java.base/java.util.ArrayList$ArrayListSpliterator.forEachRemaining(ArrayList.java:1709)
	at java.base/java.util.stream.AbstractPipeline.copyInto(AbstractPipeline.java:570)
	at java.base/java.util.stream.AbstractPipeline.wrapAndCopyInto(AbstractPipeline.java:560)
	at java.base/java.util.stream.ForEachOps$ForEachOp.evaluateSequential(ForEachOps.java:151)
	at java.base/java.util.stream.ForEachOps$ForEachOp$OfRef.evaluateSequential(ForEachOps.java:174)
	at java.base/java.util.stream.AbstractPipeline.evaluate(AbstractPipeline.java:265)
	at java.base/java.util.stream.ReferencePipeline.forEach(ReferencePipeline.java:636)
	at org.junit.jupiter.engine.descriptor.ClassBasedTestDescriptor.invokeTestInstancePostProcessors(ClassBasedTestDescriptor.java:422)
	at org.junit.jupiter.engine.descriptor.ClassBasedTestDescriptor.lambda$instantiateAndPostProcessTestInstance$0(ClassBasedTestDescriptor.java:334)
	at org.junit.platform.engine.support.hierarchical.ThrowableCollector.execute(ThrowableCollector.java:74)
	at org.junit.jupiter.engine.descriptor.ClassBasedTestDescriptor.instantiateAndPostProcessTestInstance(ClassBasedTestDescriptor.java:333)
	at org.junit.jupiter.engine.descriptor.ClassBasedTestDescriptor.lambda$testInstancesProvider$1(ClassBasedTestDescriptor.java:322)
	at java.base/java.util.Optional.orElseGet(Optional.java:364)
	at org.junit.jupiter.engine.descriptor.ClassBasedTestDescriptor.lambda$testInstancesProvider$0(ClassBasedTestDescriptor.java:321)
	at org.junit.jupiter.engine.execution.TestInstancesProvider.getTestInstances(TestInstancesProvider.java:27)
	at org.junit.jupiter.engine.descriptor.TestMethodTestDescriptor.lambda$prepare$0(TestMethodTestDescriptor.java:127)
	at org.junit.platform.engine.support.hierarchical.ThrowableCollector.execute(ThrowableCollector.java:74)
	at org.junit.jupiter.engine.descriptor.TestMethodTestDescriptor.prepare(TestMethodTestDescriptor.java:126)
	at org.junit.jupiter.engine.descriptor.TestMethodTestDescriptor.prepare(TestMethodTestDescriptor.java:70)
	at org.junit.platform.engine.support.hierarchical.NodeTestTask.lambda$prepare$0(NodeTestTask.java:144)
	at org.junit.platform.engine.support.hierarchical.ThrowableCollector.execute(ThrowableCollector.java:74)
	at org.junit.platform.engine.support.hierarchical.NodeTestTask.prepare(NodeTestTask.java:144)
	at org.junit.platform.engine.support.hierarchical.NodeTestTask.execute(NodeTestTask.java:110)
	at java.base/java.util.ArrayList.forEach(ArrayList.java:1597)
	at org.junit.platform.engine.support.hierarchical.SameThreadHierarchicalTestExecutorService.invokeAll(SameThreadHierarchicalTestExecutorService.java:42)
	at org.junit.platform.engine.support.hierarchical.NodeTestTask.lambda$executeRecursively$2(NodeTestTask.java:180)
	at org.junit.platform.engine.support.hierarchical.ThrowableCollector.execute(ThrowableCollector.java:74)
	at org.junit.platform.engine.support.hierarchical.NodeTestTask.lambda$executeRecursively$1(NodeTestTask.java:166)
	at org.junit.platform.engine.support.hierarchical.Node.around(Node.java:138)
	at org.junit.platform.engine.support.hierarchical.NodeTestTask.lambda$executeRecursively$0(NodeTestTask.java:164)
	at org.junit.platform.engine.support.hierarchical.ThrowableCollector.execute(ThrowableCollector.java:74)
	at org.junit.platform.engine.support.hierarchical.NodeTestTask.executeRecursively(NodeTestTask.java:163)
	at org.junit.platform.engine.support.hierarchical.NodeTestTask.execute(NodeTestTask.java:116)
	at java.base/java.util.ArrayList.forEach(ArrayList.java:1597)
	at org.junit.platform.engine.support.hierarchical.SameThreadHierarchicalTestExecutorService.invokeAll(SameThreadHierarchicalTestExecutorService.java:42)
	at org.junit.platform.engine.support.hierarchical.NodeTestTask.lambda$executeRecursively$2(NodeTestTask.java:180)
	at org.junit.platform.engine.support.hierarchical.ThrowableCollector.execute(ThrowableCollector.java:74)
	at org.junit.platform.engine.support.hierarchical.NodeTestTask.lambda$executeRecursively$1(NodeTestTask.java:166)
	at org.junit.platform.engine.support.hierarchical.Node.around(Node.java:138)
	at org.junit.platform.engine.support.hierarchical.NodeTestTask.lambda$executeRecursively$0(NodeTestTask.java:164)
	at org.junit.platform.engine.support.hierarchical.ThrowableCollector.execute(ThrowableCollector.java:74)
	at org.junit.platform.engine.support.hierarchical.NodeTestTask.executeRecursively(NodeTestTask.java:163)
	at org.junit.platform.engine.support.hierarchical.NodeTestTask.execute(NodeTestTask.java:116)
	at org.junit.platform.engine.support.hierarchical.SameThreadHierarchicalTestExecutorService.submit(SameThreadHierarchicalTestExecutorService.java:36)
	at org.junit.platform.engine.support.hierarchical.HierarchicalTestExecutor.execute(HierarchicalTestExecutor.java:52)
	at org.junit.platform.engine.support.hierarchical.HierarchicalTestEngine.execute(HierarchicalTestEngine.java:58)
	at org.junit.platform.launcher.core.EngineExecutionOrchestrator.executeEngine(EngineExecutionOrchestrator.java:246)
	at org.junit.platform.launcher.core.EngineExecutionOrchestrator.failOrExecuteEngine(EngineExecutionOrchestrator.java:218)
	at org.junit.platform.launcher.core.EngineExecutionOrchestrator.execute(EngineExecutionOrchestrator.java:179)
	at org.junit.platform.launcher.core.EngineExecutionOrchestrator.execute(EngineExecutionOrchestrator.java:108)
	at org.junit.platform.launcher.core.EngineExecutionOrchestrator.lambda$execute$0(EngineExecutionOrchestrator.java:66)
	at org.junit.platform.launcher.core.EngineExecutionOrchestrator.withInterceptedStreams(EngineExecutionOrchestrator.java:157)
	at org.junit.platform.launcher.core.EngineExecutionOrchestrator.execute(EngineExecutionOrchestrator.java:65)
	at org.junit.platform.launcher.core.DefaultLauncher.execute(DefaultLauncher.java:125)
	at org.junit.platform.launcher.core.DefaultLauncher.execute(DefaultLauncher.java:114)
	at org.junit.platform.launcher.core.DefaultLauncher.execute(DefaultLauncher.java:93)
	at org.junit.platform.launcher.core.DelegatingLauncher.execute(DelegatingLauncher.java:48)
	at org.junit.platform.launcher.core.InterceptingLauncher.lambda$execute$0(InterceptingLauncher.java:41)
	at org.junit.platform.launcher.core.ClasspathAlignmentCheckingLauncherInterceptor.intercept(ClasspathAlignmentCheckingLauncherInterceptor.java:25)
	at org.junit.platform.launcher.core.InterceptingLauncher.execute(InterceptingLauncher.java:40)
	at org.junit.platform.launcher.core.DelegatingLauncher.execute(DelegatingLauncher.java:48)
	at org.junit.platform.launcher.core.SessionPerRequestLauncher.execute(SessionPerRequestLauncher.java:67)
	at com.intellij.junit6.JUnit6IdeaTestRunner.startRunnerWithArgs(JUnit6IdeaTestRunner.java:67)
	at com.intellij.rt.junit.IdeaTestRunner$Repeater$1.execute(IdeaTestRunner.java:38)
	at com.intellij.rt.execution.junit.TestsRepeater.repeat(TestsRepeater.java:11)
	at com.intellij.rt.junit.IdeaTestRunner$Repeater.startRunnerWithArgs(IdeaTestRunner.java:35)
	at com.intellij.rt.junit.JUnitStarter.prepareStreamsAndStart(JUnitStarter.java:237)
	at com.intellij.rt.junit.JUnitStarter.main(JUnitStarter.java:58)
2026-03-09 20:32:28 - WARN - org.springframework.test.context.TestContextManager - Caught exception while allowing TestExecutionListener [org.springframework.test.context.web.ServletTestExecutionListener] to prepare test instance [com.gotcha.gotcha_api.controller.EventRSVPControllerIntegrationTest@774304ca]
java.lang.IllegalStateException: ApplicationContext failure threshold (1) exceeded: skipping repeated attempt to load context for [WebMergedContextConfiguration@17a7d6c8 testClass = com.gotcha.gotcha_api.controller.EventRSVPControllerIntegrationTest, locations = [], classes = [com.gotcha.gotcha_api.GotchaApiApplication], contextInitializerClasses = [], activeProfiles = ["test"], propertySourceDescriptors = [PropertySourceDescriptor[locations=[classpath:application-test.properties], ignoreResourceNotFound=false, name=null, propertySourceFactory=null, encoding=null]], propertySourceProperties = ["org.springframework.boot.test.context.SpringBootTestContextBootstrapper=true"], contextCustomizers = [[ImportsContextCustomizer@70bc3a9c key = [org.springframework.boot.security.autoconfigure.web.servlet.ServletWebSecurityAutoConfiguration, org.springframework.boot.security.test.autoconfigure.webmvc.SecurityMockMvcAutoConfiguration, org.springframework.boot.webmvc.test.autoconfigure.MockMvcWebDriverAutoConfiguration, org.springframework.boot.webmvc.test.autoconfigure.MockMvcWebClientAutoConfiguration, org.springframework.boot.security.autoconfigure.SecurityAutoConfiguration, org.springframework.boot.webmvc.test.autoconfigure.MockMvcAutoConfiguration, org.springframework.boot.security.autoconfigure.UserDetailsServiceAutoConfiguration, org.springframework.boot.security.autoconfigure.web.servlet.SecurityFilterAutoConfiguration]], org.springframework.boot.test.context.PropertyMappingContextCustomizer@2d298995, org.springframework.boot.test.context.filter.ExcludeFilterContextCustomizer@5305c37d, org.springframework.boot.test.json.DuplicateJsonObjectContextCustomizerFactory$DuplicateJsonObjectContextCustomizer@72bca894, org.springframework.boot.test.autoconfigure.OnFailureConditionReportContextCustomizerFactory$OnFailureConditionReportContextCustomizer@2575f671, org.springframework.test.context.support.DynamicPropertiesContextCustomizer@0, org.springframework.boot.webmvc.test.autoconfigure.WebDriverContextCustomizer@2c444798, org.springframework.boot.web.server.context.SpringBootTestRandomPortContextCustomizer@436390f4, org.springframework.boot.test.context.SpringBootTestAnnotation@e12a0032], resourceBasePath = "src/main/webapp", contextLoader = org.springframework.boot.test.context.SpringBootContextLoader, parent = null]
	at org.springframework.test.context.cache.DefaultCacheAwareContextLoaderDelegate.loadContext(DefaultCacheAwareContextLoaderDelegate.java:157)
	at org.springframework.test.context.support.DefaultTestContext.getApplicationContext(DefaultTestContext.java:128)
	at org.springframework.test.context.web.ServletTestExecutionListener.setUpRequestContextIfNecessary(ServletTestExecutionListener.java:200)
	at org.springframework.test.context.web.ServletTestExecutionListener.prepareTestInstance(ServletTestExecutionListener.java:139)
	at org.springframework.test.context.TestContextManager.prepareTestInstance(TestContextManager.java:260)
	at org.springframework.test.context.junit.jupiter.SpringExtension.postProcessTestInstance(SpringExtension.java:205)
	at org.junit.jupiter.engine.descriptor.ClassBasedTestDescriptor.lambda$invokeTestInstancePostProcessors$1(ClassBasedTestDescriptor.java:423)
	at org.junit.jupiter.engine.descriptor.ClassBasedTestDescriptor.executeAndMaskThrowable(ClassBasedTestDescriptor.java:428)
	at org.junit.jupiter.engine.descriptor.ClassBasedTestDescriptor.lambda$invokeTestInstancePostProcessors$0(ClassBasedTestDescriptor.java:422)
	at java.base/java.util.stream.ForEachOps$ForEachOp$OfRef.accept(ForEachOps.java:184)
	at java.base/java.util.stream.ReferencePipeline$3$1.accept(ReferencePipeline.java:215)
	at java.base/java.util.stream.ReferencePipeline$2$1.accept(ReferencePipeline.java:197)
	at java.base/java.util.stream.ReferencePipeline$3$1.accept(ReferencePipeline.java:215)
	at java.base/java.util.ArrayList$ArrayListSpliterator.forEachRemaining(ArrayList.java:1709)
	at java.base/java.util.stream.AbstractPipeline.copyInto(AbstractPipeline.java:570)
	at java.base/java.util.stream.AbstractPipeline.wrapAndCopyInto(AbstractPipeline.java:560)
	at java.base/java.util.stream.ForEachOps$ForEachOp.evaluateSequential(ForEachOps.java:151)
	at java.base/java.util.stream.ForEachOps$ForEachOp$OfRef.evaluateSequential(ForEachOps.java:174)
	at java.base/java.util.stream.AbstractPipeline.evaluate(AbstractPipeline.java:265)
	at java.base/java.util.stream.ReferencePipeline.forEach(ReferencePipeline.java:636)
	at org.junit.jupiter.engine.descriptor.ClassBasedTestDescriptor.invokeTestInstancePostProcessors(ClassBasedTestDescriptor.java:422)
	at org.junit.jupiter.engine.descriptor.ClassBasedTestDescriptor.lambda$instantiateAndPostProcessTestInstance$0(ClassBasedTestDescriptor.java:334)
	at org.junit.platform.engine.support.hierarchical.ThrowableCollector.execute(ThrowableCollector.java:74)
	at org.junit.jupiter.engine.descriptor.ClassBasedTestDescriptor.instantiateAndPostProcessTestInstance(ClassBasedTestDescriptor.java:333)
	at org.junit.jupiter.engine.descriptor.ClassBasedTestDescriptor.lambda$testInstancesProvider$1(ClassBasedTestDescriptor.java:322)
	at java.base/java.util.Optional.orElseGet(Optional.java:364)
	at org.junit.jupiter.engine.descriptor.ClassBasedTestDescriptor.lambda$testInstancesProvider$0(ClassBasedTestDescriptor.java:321)
	at org.junit.jupiter.engine.execution.TestInstancesProvider.getTestInstances(TestInstancesProvider.java:27)
	at org.junit.jupiter.engine.descriptor.TestMethodTestDescriptor.lambda$prepare$0(TestMethodTestDescriptor.java:127)
	at org.junit.platform.engine.support.hierarchical.ThrowableCollector.execute(ThrowableCollector.java:74)
	at org.junit.jupiter.engine.descriptor.TestMethodTestDescriptor.prepare(TestMethodTestDescriptor.java:126)
	at org.junit.jupiter.engine.descriptor.TestMethodTestDescriptor.prepare(TestMethodTestDescriptor.java:70)
	at org.junit.platform.engine.support.hierarchical.NodeTestTask.lambda$prepare$0(NodeTestTask.java:144)
	at org.junit.platform.engine.support.hierarchical.ThrowableCollector.execute(ThrowableCollector.java:74)
	at org.junit.platform.engine.support.hierarchical.NodeTestTask.prepare(NodeTestTask.java:144)
	at org.junit.platform.engine.support.hierarchical.NodeTestTask.execute(NodeTestTask.java:110)
	at java.base/java.util.ArrayList.forEach(ArrayList.java:1597)
	at org.junit.platform.engine.support.hierarchical.SameThreadHierarchicalTestExecutorService.invokeAll(SameThreadHierarchicalTestExecutorService.java:42)
	at org.junit.platform.engine.support.hierarchical.NodeTestTask.lambda$executeRecursively$2(NodeTestTask.java:180)
	at org.junit.platform.engine.support.hierarchical.ThrowableCollector.execute(ThrowableCollector.java:74)
	at org.junit.platform.engine.support.hierarchical.NodeTestTask.lambda$executeRecursively$1(NodeTestTask.java:166)
	at org.junit.platform.engine.support.hierarchical.Node.around(Node.java:138)
	at org.junit.platform.engine.support.hierarchical.NodeTestTask.lambda$executeRecursively$0(NodeTestTask.java:164)
	at org.junit.platform.engine.support.hierarchical.ThrowableCollector.execute(ThrowableCollector.java:74)
	at org.junit.platform.engine.support.hierarchical.NodeTestTask.executeRecursively(NodeTestTask.java:163)
	at org.junit.platform.engine.support.hierarchical.NodeTestTask.execute(NodeTestTask.java:116)
	at java.base/java.util.ArrayList.forEach(ArrayList.java:1597)
	at org.junit.platform.engine.support.hierarchical.SameThreadHierarchicalTestExecutorService.invokeAll(SameThreadHierarchicalTestExecutorService.java:42)
	at org.junit.platform.engine.support.hierarchical.NodeTestTask.lambda$executeRecursively$2(NodeTestTask.java:180)
	at org.junit.platform.engine.support.hierarchical.ThrowableCollector.execute(ThrowableCollector.java:74)
	at org.junit.platform.engine.support.hierarchical.NodeTestTask.lambda$executeRecursively$1(NodeTestTask.java:166)
	at org.junit.platform.engine.support.hierarchical.Node.around(Node.java:138)
	at org.junit.platform.engine.support.hierarchical.NodeTestTask.lambda$executeRecursively$0(NodeTestTask.java:164)
	at org.junit.platform.engine.support.hierarchical.ThrowableCollector.execute(ThrowableCollector.java:74)
	at org.junit.platform.engine.support.hierarchical.NodeTestTask.executeRecursively(NodeTestTask.java:163)
	at org.junit.platform.engine.support.hierarchical.NodeTestTask.execute(NodeTestTask.java:116)
	at org.junit.platform.engine.support.hierarchical.SameThreadHierarchicalTestExecutorService.submit(SameThreadHierarchicalTestExecutorService.java:36)
	at org.junit.platform.engine.support.hierarchical.HierarchicalTestExecutor.execute(HierarchicalTestExecutor.java:52)
	at org.junit.platform.engine.support.hierarchical.HierarchicalTestEngine.execute(HierarchicalTestEngine.java:58)
	at org.junit.platform.launcher.core.EngineExecutionOrchestrator.executeEngine(EngineExecutionOrchestrator.java:246)
	at org.junit.platform.launcher.core.EngineExecutionOrchestrator.failOrExecuteEngine(EngineExecutionOrchestrator.java:218)
	at org.junit.platform.launcher.core.EngineExecutionOrchestrator.execute(EngineExecutionOrchestrator.java:179)
	at org.junit.platform.launcher.core.EngineExecutionOrchestrator.execute(EngineExecutionOrchestrator.java:108)
	at org.junit.platform.launcher.core.EngineExecutionOrchestrator.lambda$execute$0(EngineExecutionOrchestrator.java:66)
	at org.junit.platform.launcher.core.EngineExecutionOrchestrator.withInterceptedStreams(EngineExecutionOrchestrator.java:157)
	at org.junit.platform.launcher.core.EngineExecutionOrchestrator.execute(EngineExecutionOrchestrator.java:65)
	at org.junit.platform.launcher.core.DefaultLauncher.execute(DefaultLauncher.java:125)
	at org.junit.platform.launcher.core.DefaultLauncher.execute(DefaultLauncher.java:114)
	at org.junit.platform.launcher.core.DefaultLauncher.execute(DefaultLauncher.java:93)
	at org.junit.platform.launcher.core.DelegatingLauncher.execute(DelegatingLauncher.java:48)
	at org.junit.platform.launcher.core.InterceptingLauncher.lambda$execute$0(InterceptingLauncher.java:41)
	at org.junit.platform.launcher.core.ClasspathAlignmentCheckingLauncherInterceptor.intercept(ClasspathAlignmentCheckingLauncherInterceptor.java:25)
	at org.junit.platform.launcher.core.InterceptingLauncher.execute(InterceptingLauncher.java:40)
	at org.junit.platform.launcher.core.DelegatingLauncher.execute(DelegatingLauncher.java:48)
	at org.junit.platform.launcher.core.SessionPerRequestLauncher.execute(SessionPerRequestLauncher.java:67)
	at com.intellij.junit6.JUnit6IdeaTestRunner.startRunnerWithArgs(JUnit6IdeaTestRunner.java:67)
	at com.intellij.rt.junit.IdeaTestRunner$Repeater$1.execute(IdeaTestRunner.java:38)
	at com.intellij.rt.execution.junit.TestsRepeater.repeat(TestsRepeater.java:11)
	at com.intellij.rt.junit.IdeaTestRunner$Repeater.startRunnerWithArgs(IdeaTestRunner.java:35)
	at com.intellij.rt.junit.JUnitStarter.prepareStreamsAndStart(JUnitStarter.java:237)
	at com.intellij.rt.junit.JUnitStarter.main(JUnitStarter.java:58)
2026-03-09 20:32:28 - WARN - org.springframework.test.context.TestContextManager - Caught exception while allowing TestExecutionListener [org.springframework.test.context.web.ServletTestExecutionListener] to prepare test instance [com.gotcha.gotcha_api.controller.EventRSVPControllerIntegrationTest@65a80fdb]
java.lang.IllegalStateException: ApplicationContext failure threshold (1) exceeded: skipping repeated attempt to load context for [WebMergedContextConfiguration@17a7d6c8 testClass = com.gotcha.gotcha_api.controller.EventRSVPControllerIntegrationTest, locations = [], classes = [com.gotcha.gotcha_api.GotchaApiApplication], contextInitializerClasses = [], activeProfiles = ["test"], propertySourceDescriptors = [PropertySourceDescriptor[locations=[classpath:application-test.properties], ignoreResourceNotFound=false, name=null, propertySourceFactory=null, encoding=null]], propertySourceProperties = ["org.springframework.boot.test.context.SpringBootTestContextBootstrapper=true"], contextCustomizers = [[ImportsContextCustomizer@70bc3a9c key = [org.springframework.boot.security.autoconfigure.web.servlet.ServletWebSecurityAutoConfiguration, org.springframework.boot.security.test.autoconfigure.webmvc.SecurityMockMvcAutoConfiguration, org.springframework.boot.webmvc.test.autoconfigure.MockMvcWebDriverAutoConfiguration, org.springframework.boot.webmvc.test.autoconfigure.MockMvcWebClientAutoConfiguration, org.springframework.boot.security.autoconfigure.SecurityAutoConfiguration, org.springframework.boot.webmvc.test.autoconfigure.MockMvcAutoConfiguration, org.springframework.boot.security.autoconfigure.UserDetailsServiceAutoConfiguration, org.springframework.boot.security.autoconfigure.web.servlet.SecurityFilterAutoConfiguration]], org.springframework.boot.test.context.PropertyMappingContextCustomizer@2d298995, org.springframework.boot.test.context.filter.ExcludeFilterContextCustomizer@5305c37d, org.springframework.boot.test.json.DuplicateJsonObjectContextCustomizerFactory$DuplicateJsonObjectContextCustomizer@72bca894, org.springframework.boot.test.autoconfigure.OnFailureConditionReportContextCustomizerFactory$OnFailureConditionReportContextCustomizer@2575f671, org.springframework.test.context.support.DynamicPropertiesContextCustomizer@0, org.springframework.boot.webmvc.test.autoconfigure.WebDriverContextCustomizer@2c444798, org.springframework.boot.web.server.context.SpringBootTestRandomPortContextCustomizer@436390f4, org.springframework.boot.test.context.SpringBootTestAnnotation@e12a0032], resourceBasePath = "src/main/webapp", contextLoader = org.springframework.boot.test.context.SpringBootContextLoader, parent = null]
	at org.springframework.test.context.cache.DefaultCacheAwareContextLoaderDelegate.loadContext(DefaultCacheAwareContextLoaderDelegate.java:157)
	at org.springframework.test.context.support.DefaultTestContext.getApplicationContext(DefaultTestContext.java:128)
	at org.springframework.test.context.web.ServletTestExecutionListener.setUpRequestContextIfNecessary(ServletTestExecutionListener.java:200)
	at org.springframework.test.context.web.ServletTestExecutionListener.prepareTestInstance(ServletTestExecutionListener.java:139)
	at org.springframework.test.context.TestContextManager.prepareTestInstance(TestContextManager.java:260)
	at org.springframework.test.context.junit.jupiter.SpringExtension.postProcessTestInstance(SpringExtension.java:205)
	at org.junit.jupiter.engine.descriptor.ClassBasedTestDescriptor.lambda$invokeTestInstancePostProcessors$1(ClassBasedTestDescriptor.java:423)
	at org.junit.jupiter.engine.descriptor.ClassBasedTestDescriptor.executeAndMaskThrowable(ClassBasedTestDescriptor.java:428)
	at org.junit.jupiter.engine.descriptor.ClassBasedTestDescriptor.lambda$invokeTestInstancePostProcessors$0(ClassBasedTestDescriptor.java:422)
	at java.base/java.util.stream.ForEachOps$ForEachOp$OfRef.accept(ForEachOps.java:184)
	at java.base/java.util.stream.ReferencePipeline$3$1.accept(ReferencePipeline.java:215)
	at java.base/java.util.stream.ReferencePipeline$2$1.accept(ReferencePipeline.java:197)
	at java.base/java.util.stream.ReferencePipeline$3$1.accept(ReferencePipeline.java:215)
	at java.base/java.util.ArrayList$ArrayListSpliterator.forEachRemaining(ArrayList.java:1709)
	at java.base/java.util.stream.AbstractPipeline.copyInto(AbstractPipeline.java:570)
	at java.base/java.util.stream.AbstractPipeline.wrapAndCopyInto(AbstractPipeline.java:560)
	at java.base/java.util.stream.ForEachOps$ForEachOp.evaluateSequential(ForEachOps.java:151)
	at java.base/java.util.stream.ForEachOps$ForEachOp$OfRef.evaluateSequential(ForEachOps.java:174)
	at java.base/java.util.stream.AbstractPipeline.evaluate(AbstractPipeline.java:265)
	at java.base/java.util.stream.ReferencePipeline.forEach(ReferencePipeline.java:636)
	at org.junit.jupiter.engine.descriptor.ClassBasedTestDescriptor.invokeTestInstancePostProcessors(ClassBasedTestDescriptor.java:422)
	at org.junit.jupiter.engine.descriptor.ClassBasedTestDescriptor.lambda$instantiateAndPostProcessTestInstance$0(ClassBasedTestDescriptor.java:334)
	at org.junit.platform.engine.support.hierarchical.ThrowableCollector.execute(ThrowableCollector.java:74)
	at org.junit.jupiter.engine.descriptor.ClassBasedTestDescriptor.instantiateAndPostProcessTestInstance(ClassBasedTestDescriptor.java:333)
	at org.junit.jupiter.engine.descriptor.ClassBasedTestDescriptor.lambda$testInstancesProvider$1(ClassBasedTestDescriptor.java:322)
	at java.base/java.util.Optional.orElseGet(Optional.java:364)
	at org.junit.jupiter.engine.descriptor.ClassBasedTestDescriptor.lambda$testInstancesProvider$0(ClassBasedTestDescriptor.java:321)
	at org.junit.jupiter.engine.execution.TestInstancesProvider.getTestInstances(TestInstancesProvider.java:27)
	at org.junit.jupiter.engine.descriptor.TestMethodTestDescriptor.lambda$prepare$0(TestMethodTestDescriptor.java:127)
	at org.junit.platform.engine.support.hierarchical.ThrowableCollector.execute(ThrowableCollector.java:74)
	at org.junit.jupiter.engine.descriptor.TestMethodTestDescriptor.prepare(TestMethodTestDescriptor.java:126)
	at org.junit.jupiter.engine.descriptor.TestMethodTestDescriptor.prepare(TestMethodTestDescriptor.java:70)
	at org.junit.platform.engine.support.hierarchical.NodeTestTask.lambda$prepare$0(NodeTestTask.java:144)
	at org.junit.platform.engine.support.hierarchical.ThrowableCollector.execute(ThrowableCollector.java:74)
	at org.junit.platform.engine.support.hierarchical.NodeTestTask.prepare(NodeTestTask.java:144)
	at org.junit.platform.engine.support.hierarchical.NodeTestTask.execute(NodeTestTask.java:110)
	at java.base/java.util.ArrayList.forEach(ArrayList.java:1597)
	at org.junit.platform.engine.support.hierarchical.SameThreadHierarchicalTestExecutorService.invokeAll(SameThreadHierarchicalTestExecutorService.java:42)
	at org.junit.platform.engine.support.hierarchical.NodeTestTask.lambda$executeRecursively$2(NodeTestTask.java:180)
	at org.junit.platform.engine.support.hierarchical.ThrowableCollector.execute(ThrowableCollector.java:74)
	at org.junit.platform.engine.support.hierarchical.NodeTestTask.lambda$executeRecursively$1(NodeTestTask.java:166)
	at org.junit.platform.engine.support.hierarchical.Node.around(Node.java:138)
	at org.junit.platform.engine.support.hierarchical.NodeTestTask.lambda$executeRecursively$0(NodeTestTask.java:164)
	at org.junit.platform.engine.support.hierarchical.ThrowableCollector.execute(ThrowableCollector.java:74)
	at org.junit.platform.engine.support.hierarchical.NodeTestTask.executeRecursively(NodeTestTask.java:163)
	at org.junit.platform.engine.support.hierarchical.NodeTestTask.execute(NodeTestTask.java:116)
	at java.base/java.util.ArrayList.forEach(ArrayList.java:1597)
	at org.junit.platform.engine.support.hierarchical.SameThreadHierarchicalTestExecutorService.invokeAll(SameThreadHierarchicalTestExecutorService.java:42)
	at org.junit.platform.engine.support.hierarchical.NodeTestTask.lambda$executeRecursively$2(NodeTestTask.java:180)
	at org.junit.platform.engine.support.hierarchical.ThrowableCollector.execute(ThrowableCollector.java:74)
	at org.junit.platform.engine.support.hierarchical.NodeTestTask.lambda$executeRecursively$1(NodeTestTask.java:166)
	at org.junit.platform.engine.support.hierarchical.Node.around(Node.java:138)
	at org.junit.platform.engine.support.hierarchical.NodeTestTask.lambda$executeRecursively$0(NodeTestTask.java:164)
	at org.junit.platform.engine.support.hierarchical.ThrowableCollector.execute(ThrowableCollector.java:74)
	at org.junit.platform.engine.support.hierarchical.NodeTestTask.executeRecursively(NodeTestTask.java:163)
	at org.junit.platform.engine.support.hierarchical.NodeTestTask.execute(NodeTestTask.java:116)
	at org.junit.platform.engine.support.hierarchical.SameThreadHierarchicalTestExecutorService.submit(SameThreadHierarchicalTestExecutorService.java:36)
	at org.junit.platform.engine.support.hierarchical.HierarchicalTestExecutor.execute(HierarchicalTestExecutor.java:52)
	at org.junit.platform.engine.support.hierarchical.HierarchicalTestEngine.execute(HierarchicalTestEngine.java:58)
	at org.junit.platform.launcher.core.EngineExecutionOrchestrator.executeEngine(EngineExecutionOrchestrator.java:246)
	at org.junit.platform.launcher.core.EngineExecutionOrchestrator.failOrExecuteEngine(EngineExecutionOrchestrator.java:218)
	at org.junit.platform.launcher.core.EngineExecutionOrchestrator.execute(EngineExecutionOrchestrator.java:179)
	at org.junit.platform.launcher.core.EngineExecutionOrchestrator.execute(EngineExecutionOrchestrator.java:108)
	at org.junit.platform.launcher.core.EngineExecutionOrchestrator.lambda$execute$0(EngineExecutionOrchestrator.java:66)
	at org.junit.platform.launcher.core.EngineExecutionOrchestrator.withInterceptedStreams(EngineExecutionOrchestrator.java:157)
	at org.junit.platform.launcher.core.EngineExecutionOrchestrator.execute(EngineExecutionOrchestrator.java:65)
	at org.junit.platform.launcher.core.DefaultLauncher.execute(DefaultLauncher.java:125)
	at org.junit.platform.launcher.core.DefaultLauncher.execute(DefaultLauncher.java:114)
	at org.junit.platform.launcher.core.DefaultLauncher.execute(DefaultLauncher.java:93)
	at org.junit.platform.launcher.core.DelegatingLauncher.execute(DelegatingLauncher.java:48)
	at org.junit.platform.launcher.core.InterceptingLauncher.lambda$execute$0(InterceptingLauncher.java:41)
	at org.junit.platform.launcher.core.ClasspathAlignmentCheckingLauncherInterceptor.intercept(ClasspathAlignmentCheckingLauncherInterceptor.java:25)
	at org.junit.platform.launcher.core.InterceptingLauncher.execute(InterceptingLauncher.java:40)
	at org.junit.platform.launcher.core.DelegatingLauncher.execute(DelegatingLauncher.java:48)
	at org.junit.platform.launcher.core.SessionPerRequestLauncher.execute(SessionPerRequestLauncher.java:67)
	at com.intellij.junit6.JUnit6IdeaTestRunner.startRunnerWithArgs(JUnit6IdeaTestRunner.java:67)
	at com.intellij.rt.junit.IdeaTestRunner$Repeater$1.execute(IdeaTestRunner.java:38)
	at com.intellij.rt.execution.junit.TestsRepeater.repeat(TestsRepeater.java:11)
	at com.intellij.rt.junit.IdeaTestRunner$Repeater.startRunnerWithArgs(IdeaTestRunner.java:35)
	at com.intellij.rt.junit.JUnitStarter.prepareStreamsAndStart(JUnitStarter.java:237)
	at com.intellij.rt.junit.JUnitStarter.main(JUnitStarter.java:58)
2026-03-09 20:32:28 - WARN - org.springframework.test.context.TestContextManager - Caught exception while allowing TestExecutionListener [org.springframework.test.context.web.ServletTestExecutionListener] to prepare test instance [com.gotcha.gotcha_api.controller.EventRSVPControllerIntegrationTest@43e7f104]
java.lang.IllegalStateException: ApplicationContext failure threshold (1) exceeded: skipping repeated attempt to load context for [WebMergedContextConfiguration@17a7d6c8 testClass = com.gotcha.gotcha_api.controller.EventRSVPControllerIntegrationTest, locations = [], classes = [com.gotcha.gotcha_api.GotchaApiApplication], contextInitializerClasses = [], activeProfiles = ["test"], propertySourceDescriptors = [PropertySourceDescriptor[locations=[classpath:application-test.properties], ignoreResourceNotFound=false, name=null, propertySourceFactory=null, encoding=null]], propertySourceProperties = ["org.springframework.boot.test.context.SpringBootTestContextBootstrapper=true"], contextCustomizers = [[ImportsContextCustomizer@70bc3a9c key = [org.springframework.boot.security.autoconfigure.web.servlet.ServletWebSecurityAutoConfiguration, org.springframework.boot.security.test.autoconfigure.webmvc.SecurityMockMvcAutoConfiguration, org.springframework.boot.webmvc.test.autoconfigure.MockMvcWebDriverAutoConfiguration, org.springframework.boot.webmvc.test.autoconfigure.MockMvcWebClientAutoConfiguration, org.springframework.boot.security.autoconfigure.SecurityAutoConfiguration, org.springframework.boot.webmvc.test.autoconfigure.MockMvcAutoConfiguration, org.springframework.boot.security.autoconfigure.UserDetailsServiceAutoConfiguration, org.springframework.boot.security.autoconfigure.web.servlet.SecurityFilterAutoConfiguration]], org.springframework.boot.test.context.PropertyMappingContextCustomizer@2d298995, org.springframework.boot.test.context.filter.ExcludeFilterContextCustomizer@5305c37d, org.springframework.boot.test.json.DuplicateJsonObjectContextCustomizerFactory$DuplicateJsonObjectContextCustomizer@72bca894, org.springframework.boot.test.autoconfigure.OnFailureConditionReportContextCustomizerFactory$OnFailureConditionReportContextCustomizer@2575f671, org.springframework.test.context.support.DynamicPropertiesContextCustomizer@0, org.springframework.boot.webmvc.test.autoconfigure.WebDriverContextCustomizer@2c444798, org.springframework.boot.web.server.context.SpringBootTestRandomPortContextCustomizer@436390f4, org.springframework.boot.test.context.SpringBootTestAnnotation@e12a0032], resourceBasePath = "src/main/webapp", contextLoader = org.springframework.boot.test.context.SpringBootContextLoader, parent = null]
	at org.springframework.test.context.cache.DefaultCacheAwareContextLoaderDelegate.loadContext(DefaultCacheAwareContextLoaderDelegate.java:157)
	at org.springframework.test.context.support.DefaultTestContext.getApplicationContext(DefaultTestContext.java:128)
	at org.springframework.test.context.web.ServletTestExecutionListener.setUpRequestContextIfNecessary(ServletTestExecutionListener.java:200)
	at org.springframework.test.context.web.ServletTestExecutionListener.prepareTestInstance(ServletTestExecutionListener.java:139)
	at org.springframework.test.context.TestContextManager.prepareTestInstance(TestContextManager.java:260)
	at org.springframework.test.context.junit.jupiter.SpringExtension.postProcessTestInstance(SpringExtension.java:205)
	at org.junit.jupiter.engine.descriptor.ClassBasedTestDescriptor.lambda$invokeTestInstancePostProcessors$1(ClassBasedTestDescriptor.java:423)
	at org.junit.jupiter.engine.descriptor.ClassBasedTestDescriptor.executeAndMaskThrowable(ClassBasedTestDescriptor.java:428)
	at org.junit.jupiter.engine.descriptor.ClassBasedTestDescriptor.lambda$invokeTestInstancePostProcessors$0(ClassBasedTestDescriptor.java:422)
	at java.base/java.util.stream.ForEachOps$ForEachOp$OfRef.accept(ForEachOps.java:184)
	at java.base/java.util.stream.ReferencePipeline$3$1.accept(ReferencePipeline.java:215)
	at java.base/java.util.stream.ReferencePipeline$2$1.accept(ReferencePipeline.java:197)
	at java.base/java.util.stream.ReferencePipeline$3$1.accept(ReferencePipeline.java:215)
	at java.base/java.util.ArrayList$ArrayListSpliterator.forEachRemaining(ArrayList.java:1709)
	at java.base/java.util.stream.AbstractPipeline.copyInto(AbstractPipeline.java:570)
	at java.base/java.util.stream.AbstractPipeline.wrapAndCopyInto(AbstractPipeline.java:560)
	at java.base/java.util.stream.ForEachOps$ForEachOp.evaluateSequential(ForEachOps.java:151)
	at java.base/java.util.stream.ForEachOps$ForEachOp$OfRef.evaluateSequential(ForEachOps.java:174)
	at java.base/java.util.stream.AbstractPipeline.evaluate(AbstractPipeline.java:265)
	at java.base/java.util.stream.ReferencePipeline.forEach(ReferencePipeline.java:636)
	at org.junit.jupiter.engine.descriptor.ClassBasedTestDescriptor.invokeTestInstancePostProcessors(ClassBasedTestDescriptor.java:422)
	at org.junit.jupiter.engine.descriptor.ClassBasedTestDescriptor.lambda$instantiateAndPostProcessTestInstance$0(ClassBasedTestDescriptor.java:334)
	at org.junit.platform.engine.support.hierarchical.ThrowableCollector.execute(ThrowableCollector.java:74)
	at org.junit.jupiter.engine.descriptor.ClassBasedTestDescriptor.instantiateAndPostProcessTestInstance(ClassBasedTestDescriptor.java:333)
	at org.junit.jupiter.engine.descriptor.ClassBasedTestDescriptor.lambda$testInstancesProvider$1(ClassBasedTestDescriptor.java:322)
	at java.base/java.util.Optional.orElseGet(Optional.java:364)
	at org.junit.jupiter.engine.descriptor.ClassBasedTestDescriptor.lambda$testInstancesProvider$0(ClassBasedTestDescriptor.java:321)
	at org.junit.jupiter.engine.execution.TestInstancesProvider.getTestInstances(TestInstancesProvider.java:27)
	at org.junit.jupiter.engine.descriptor.TestMethodTestDescriptor.lambda$prepare$0(TestMethodTestDescriptor.java:127)
	at org.junit.platform.engine.support.hierarchical.ThrowableCollector.execute(ThrowableCollector.java:74)
	at org.junit.jupiter.engine.descriptor.TestMethodTestDescriptor.prepare(TestMethodTestDescriptor.java:126)
	at org.junit.jupiter.engine.descriptor.TestMethodTestDescriptor.prepare(TestMethodTestDescriptor.java:70)
	at org.junit.platform.engine.support.hierarchical.NodeTestTask.lambda$prepare$0(NodeTestTask.java:144)
	at org.junit.platform.engine.support.hierarchical.ThrowableCollector.execute(ThrowableCollector.java:74)
	at org.junit.platform.engine.support.hierarchical.NodeTestTask.prepare(NodeTestTask.java:144)
	at org.junit.platform.engine.support.hierarchical.NodeTestTask.execute(NodeTestTask.java:110)
	at java.base/java.util.ArrayList.forEach(ArrayList.java:1597)
	at org.junit.platform.engine.support.hierarchical.SameThreadHierarchicalTestExecutorService.invokeAll(SameThreadHierarchicalTestExecutorService.java:42)
	at org.junit.platform.engine.support.hierarchical.NodeTestTask.lambda$executeRecursively$2(NodeTestTask.java:180)
	at org.junit.platform.engine.support.hierarchical.ThrowableCollector.execute(ThrowableCollector.java:74)
	at org.junit.platform.engine.support.hierarchical.NodeTestTask.lambda$executeRecursively$1(NodeTestTask.java:166)
	at org.junit.platform.engine.support.hierarchical.Node.around(Node.java:138)
	at org.junit.platform.engine.support.hierarchical.NodeTestTask.lambda$executeRecursively$0(NodeTestTask.java:164)
	at org.junit.platform.engine.support.hierarchical.ThrowableCollector.execute(ThrowableCollector.java:74)
	at org.junit.platform.engine.support.hierarchical.NodeTestTask.executeRecursively(NodeTestTask.java:163)
	at org.junit.platform.engine.support.hierarchical.NodeTestTask.execute(NodeTestTask.java:116)
	at java.base/java.util.ArrayList.forEach(ArrayList.java:1597)
	at org.junit.platform.engine.support.hierarchical.SameThreadHierarchicalTestExecutorService.invokeAll(SameThreadHierarchicalTestExecutorService.java:42)
	at org.junit.platform.engine.support.hierarchical.NodeTestTask.lambda$executeRecursively$2(NodeTestTask.java:180)
	at org.junit.platform.engine.support.hierarchical.ThrowableCollector.execute(ThrowableCollector.java:74)
	at org.junit.platform.engine.support.hierarchical.NodeTestTask.lambda$executeRecursively$1(NodeTestTask.java:166)
	at org.junit.platform.engine.support.hierarchical.Node.around(Node.java:138)
	at org.junit.platform.engine.support.hierarchical.NodeTestTask.lambda$executeRecursively$0(NodeTestTask.java:164)
	at org.junit.platform.engine.support.hierarchical.ThrowableCollector.execute(ThrowableCollector.java:74)
	at org.junit.platform.engine.support.hierarchical.NodeTestTask.executeRecursively(NodeTestTask.java:163)
	at org.junit.platform.engine.support.hierarchical.NodeTestTask.execute(NodeTestTask.java:116)
	at org.junit.platform.engine.support.hierarchical.SameThreadHierarchicalTestExecutorService.submit(SameThreadHierarchicalTestExecutorService.java:36)
	at org.junit.platform.engine.support.hierarchical.HierarchicalTestExecutor.execute(HierarchicalTestExecutor.java:52)
	at org.junit.platform.engine.support.hierarchical.HierarchicalTestEngine.execute(HierarchicalTestEngine.java:58)
	at org.junit.platform.launcher.core.EngineExecutionOrchestrator.executeEngine(EngineExecutionOrchestrator.java:246)
	at org.junit.platform.launcher.core.EngineExecutionOrchestrator.failOrExecuteEngine(EngineExecutionOrchestrator.java:218)
	at org.junit.platform.launcher.core.EngineExecutionOrchestrator.execute(EngineExecutionOrchestrator.java:179)
	at org.junit.platform.launcher.core.EngineExecutionOrchestrator.execute(EngineExecutionOrchestrator.java:108)
	at org.junit.platform.launcher.core.EngineExecutionOrchestrator.lambda$execute$0(EngineExecutionOrchestrator.java:66)
	at org.junit.platform.launcher.core.EngineExecutionOrchestrator.withInterceptedStreams(EngineExecutionOrchestrator.java:157)
	at org.junit.platform.launcher.core.EngineExecutionOrchestrator.execute(EngineExecutionOrchestrator.java:65)
	at org.junit.platform.launcher.core.DefaultLauncher.execute(DefaultLauncher.java:125)
	at org.junit.platform.launcher.core.DefaultLauncher.execute(DefaultLauncher.java:114)
	at org.junit.platform.launcher.core.DefaultLauncher.execute(DefaultLauncher.java:93)
	at org.junit.platform.launcher.core.DelegatingLauncher.execute(DelegatingLauncher.java:48)
	at org.junit.platform.launcher.core.InterceptingLauncher.lambda$execute$0(InterceptingLauncher.java:41)
	at org.junit.platform.launcher.core.ClasspathAlignmentCheckingLauncherInterceptor.intercept(ClasspathAlignmentCheckingLauncherInterceptor.java:25)
	at org.junit.platform.launcher.core.InterceptingLauncher.execute(InterceptingLauncher.java:40)
	at org.junit.platform.launcher.core.DelegatingLauncher.execute(DelegatingLauncher.java:48)
	at org.junit.platform.launcher.core.SessionPerRequestLauncher.execute(SessionPerRequestLauncher.java:67)
	at com.intellij.junit6.JUnit6IdeaTestRunner.startRunnerWithArgs(JUnit6IdeaTestRunner.java:67)
	at com.intellij.rt.junit.IdeaTestRunner$Repeater$1.execute(IdeaTestRunner.java:38)
	at com.intellij.rt.execution.junit.TestsRepeater.repeat(TestsRepeater.java:11)
	at com.intellij.rt.junit.IdeaTestRunner$Repeater.startRunnerWithArgs(IdeaTestRunner.java:35)
	at com.intellij.rt.junit.JUnitStarter.prepareStreamsAndStart(JUnitStarter.java:237)
	at com.intellij.rt.junit.JUnitStarter.main(JUnitStarter.java:58)
2026-03-09 20:32:28 - WARN - org.springframework.test.context.TestContextManager - Caught exception while allowing TestExecutionListener [org.springframework.test.context.web.ServletTestExecutionListener] to prepare test instance [com.gotcha.gotcha_api.controller.EventRSVPControllerIntegrationTest@1ac25dbb]
java.lang.IllegalStateException: ApplicationContext failure threshold (1) exceeded: skipping repeated attempt to load context for [WebMergedContextConfiguration@17a7d6c8 testClass = com.gotcha.gotcha_api.controller.EventRSVPControllerIntegrationTest, locations = [], classes = [com.gotcha.gotcha_api.GotchaApiApplication], contextInitializerClasses = [], activeProfiles = ["test"], propertySourceDescriptors = [PropertySourceDescriptor[locations=[classpath:application-test.properties], ignoreResourceNotFound=false, name=null, propertySourceFactory=null, encoding=null]], propertySourceProperties = ["org.springframework.boot.test.context.SpringBootTestContextBootstrapper=true"], contextCustomizers = [[ImportsContextCustomizer@70bc3a9c key = [org.springframework.boot.security.autoconfigure.web.servlet.ServletWebSecurityAutoConfiguration, org.springframework.boot.security.test.autoconfigure.webmvc.SecurityMockMvcAutoConfiguration, org.springframework.boot.webmvc.test.autoconfigure.MockMvcWebDriverAutoConfiguration, org.springframework.boot.webmvc.test.autoconfigure.MockMvcWebClientAutoConfiguration, org.springframework.boot.security.autoconfigure.SecurityAutoConfiguration, org.springframework.boot.webmvc.test.autoconfigure.MockMvcAutoConfiguration, org.springframework.boot.security.autoconfigure.UserDetailsServiceAutoConfiguration, org.springframework.boot.security.autoconfigure.web.servlet.SecurityFilterAutoConfiguration]], org.springframework.boot.test.context.PropertyMappingContextCustomizer@2d298995, org.springframework.boot.test.context.filter.ExcludeFilterContextCustomizer@5305c37d, org.springframework.boot.test.json.DuplicateJsonObjectContextCustomizerFactory$DuplicateJsonObjectContextCustomizer@72bca894, org.springframework.boot.test.autoconfigure.OnFailureConditionReportContextCustomizerFactory$OnFailureConditionReportContextCustomizer@2575f671, org.springframework.test.context.support.DynamicPropertiesContextCustomizer@0, org.springframework.boot.webmvc.test.autoconfigure.WebDriverContextCustomizer@2c444798, org.springframework.boot.web.server.context.SpringBootTestRandomPortContextCustomizer@436390f4, org.springframework.boot.test.context.SpringBootTestAnnotation@e12a0032], resourceBasePath = "src/main/webapp", contextLoader = org.springframework.boot.test.context.SpringBootContextLoader, parent = null]
	at org.springframework.test.context.cache.DefaultCacheAwareContextLoaderDelegate.loadContext(DefaultCacheAwareContextLoaderDelegate.java:157)
	at org.springframework.test.context.support.DefaultTestContext.getApplicationContext(DefaultTestContext.java:128)
	at org.springframework.test.context.web.ServletTestExecutionListener.setUpRequestContextIfNecessary(ServletTestExecutionListener.java:200)
	at org.springframework.test.context.web.ServletTestExecutionListener.prepareTestInstance(ServletTestExecutionListener.java:139)
	at org.springframework.test.context.TestContextManager.prepareTestInstance(TestContextManager.java:260)
	at org.springframework.test.context.junit.jupiter.SpringExtension.postProcessTestInstance(SpringExtension.java:205)
	at org.junit.jupiter.engine.descriptor.ClassBasedTestDescriptor.lambda$invokeTestInstancePostProcessors$1(ClassBasedTestDescriptor.java:423)
	at org.junit.jupiter.engine.descriptor.ClassBasedTestDescriptor.executeAndMaskThrowable(ClassBasedTestDescriptor.java:428)
	at org.junit.jupiter.engine.descriptor.ClassBasedTestDescriptor.lambda$invokeTestInstancePostProcessors$0(ClassBasedTestDescriptor.java:422)
	at java.base/java.util.stream.ForEachOps$ForEachOp$OfRef.accept(ForEachOps.java:184)
	at java.base/java.util.stream.ReferencePipeline$3$1.accept(ReferencePipeline.java:215)
	at java.base/java.util.stream.ReferencePipeline$2$1.accept(ReferencePipeline.java:197)
	at java.base/java.util.stream.ReferencePipeline$3$1.accept(ReferencePipeline.java:215)
	at java.base/java.util.ArrayList$ArrayListSpliterator.forEachRemaining(ArrayList.java:1709)
	at java.base/java.util.stream.AbstractPipeline.copyInto(AbstractPipeline.java:570)
	at java.base/java.util.stream.AbstractPipeline.wrapAndCopyInto(AbstractPipeline.java:560)
	at java.base/java.util.stream.ForEachOps$ForEachOp.evaluateSequential(ForEachOps.java:151)
	at java.base/java.util.stream.ForEachOps$ForEachOp$OfRef.evaluateSequential(ForEachOps.java:174)
	at java.base/java.util.stream.AbstractPipeline.evaluate(AbstractPipeline.java:265)
	at java.base/java.util.stream.ReferencePipeline.forEach(ReferencePipeline.java:636)
	at org.junit.jupiter.engine.descriptor.ClassBasedTestDescriptor.invokeTestInstancePostProcessors(ClassBasedTestDescriptor.java:422)
	at org.junit.jupiter.engine.descriptor.ClassBasedTestDescriptor.lambda$instantiateAndPostProcessTestInstance$0(ClassBasedTestDescriptor.java:334)
	at org.junit.platform.engine.support.hierarchical.ThrowableCollector.execute(ThrowableCollector.java:74)
	at org.junit.jupiter.engine.descriptor.ClassBasedTestDescriptor.instantiateAndPostProcessTestInstance(ClassBasedTestDescriptor.java:333)
	at org.junit.jupiter.engine.descriptor.ClassBasedTestDescriptor.lambda$testInstancesProvider$1(ClassBasedTestDescriptor.java:322)
	at java.base/java.util.Optional.orElseGet(Optional.java:364)
	at org.junit.jupiter.engine.descriptor.ClassBasedTestDescriptor.lambda$testInstancesProvider$0(ClassBasedTestDescriptor.java:321)
	at org.junit.jupiter.engine.execution.TestInstancesProvider.getTestInstances(TestInstancesProvider.java:27)
	at org.junit.jupiter.engine.descriptor.TestMethodTestDescriptor.lambda$prepare$0(TestMethodTestDescriptor.java:127)
	at org.junit.platform.engine.support.hierarchical.ThrowableCollector.execute(ThrowableCollector.java:74)
	at org.junit.jupiter.engine.descriptor.TestMethodTestDescriptor.prepare(TestMethodTestDescriptor.java:126)
	at org.junit.jupiter.engine.descriptor.TestMethodTestDescriptor.prepare(TestMethodTestDescriptor.java:70)
	at org.junit.platform.engine.support.hierarchical.NodeTestTask.lambda$prepare$0(NodeTestTask.java:144)
	at org.junit.platform.engine.support.hierarchical.ThrowableCollector.execute(ThrowableCollector.java:74)
	at org.junit.platform.engine.support.hierarchical.NodeTestTask.prepare(NodeTestTask.java:144)
	at org.junit.platform.engine.support.hierarchical.NodeTestTask.execute(NodeTestTask.java:110)
	at java.base/java.util.ArrayList.forEach(ArrayList.java:1597)
	at org.junit.platform.engine.support.hierarchical.SameThreadHierarchicalTestExecutorService.invokeAll(SameThreadHierarchicalTestExecutorService.java:42)
	at org.junit.platform.engine.support.hierarchical.NodeTestTask.lambda$executeRecursively$2(NodeTestTask.java:180)
	at org.junit.platform.engine.support.hierarchical.ThrowableCollector.execute(ThrowableCollector.java:74)
	at org.junit.platform.engine.support.hierarchical.NodeTestTask.lambda$executeRecursively$1(NodeTestTask.java:166)
	at org.junit.platform.engine.support.hierarchical.Node.around(Node.java:138)
	at org.junit.platform.engine.support.hierarchical.NodeTestTask.lambda$executeRecursively$0(NodeTestTask.java:164)
	at org.junit.platform.engine.support.hierarchical.ThrowableCollector.execute(ThrowableCollector.java:74)
	at org.junit.platform.engine.support.hierarchical.NodeTestTask.executeRecursively(NodeTestTask.java:163)
	at org.junit.platform.engine.support.hierarchical.NodeTestTask.execute(NodeTestTask.java:116)
	at java.base/java.util.ArrayList.forEach(ArrayList.java:1597)
	at org.junit.platform.engine.support.hierarchical.SameThreadHierarchicalTestExecutorService.invokeAll(SameThreadHierarchicalTestExecutorService.java:42)
	at org.junit.platform.engine.support.hierarchical.NodeTestTask.lambda$executeRecursively$2(NodeTestTask.java:180)
	at org.junit.platform.engine.support.hierarchical.ThrowableCollector.execute(ThrowableCollector.java:74)
	at org.junit.platform.engine.support.hierarchical.NodeTestTask.lambda$executeRecursively$1(NodeTestTask.java:166)
	at org.junit.platform.engine.support.hierarchical.Node.around(Node.java:138)
	at org.junit.platform.engine.support.hierarchical.NodeTestTask.lambda$executeRecursively$0(NodeTestTask.java:164)
	at org.junit.platform.engine.support.hierarchical.ThrowableCollector.execute(ThrowableCollector.java:74)
	at org.junit.platform.engine.support.hierarchical.NodeTestTask.executeRecursively(NodeTestTask.java:163)
	at org.junit.platform.engine.support.hierarchical.NodeTestTask.execute(NodeTestTask.java:116)
	at org.junit.platform.engine.support.hierarchical.SameThreadHierarchicalTestExecutorService.submit(SameThreadHierarchicalTestExecutorService.java:36)
	at org.junit.platform.engine.support.hierarchical.HierarchicalTestExecutor.execute(HierarchicalTestExecutor.java:52)
	at org.junit.platform.engine.support.hierarchical.HierarchicalTestEngine.execute(HierarchicalTestEngine.java:58)
	at org.junit.platform.launcher.core.EngineExecutionOrchestrator.executeEngine(EngineExecutionOrchestrator.java:246)
	at org.junit.platform.launcher.core.EngineExecutionOrchestrator.failOrExecuteEngine(EngineExecutionOrchestrator.java:218)
	at org.junit.platform.launcher.core.EngineExecutionOrchestrator.execute(EngineExecutionOrchestrator.java:179)
	at org.junit.platform.launcher.core.EngineExecutionOrchestrator.execute(EngineExecutionOrchestrator.java:108)
	at org.junit.platform.launcher.core.EngineExecutionOrchestrator.lambda$execute$0(EngineExecutionOrchestrator.java:66)
	at org.junit.platform.launcher.core.EngineExecutionOrchestrator.withInterceptedStreams(EngineExecutionOrchestrator.java:157)
	at org.junit.platform.launcher.core.EngineExecutionOrchestrator.execute(EngineExecutionOrchestrator.java:65)
	at org.junit.platform.launcher.core.DefaultLauncher.execute(DefaultLauncher.java:125)
	at org.junit.platform.launcher.core.DefaultLauncher.execute(DefaultLauncher.java:114)
	at org.junit.platform.launcher.core.DefaultLauncher.execute(DefaultLauncher.java:93)
	at org.junit.platform.launcher.core.DelegatingLauncher.execute(DelegatingLauncher.java:48)
	at org.junit.platform.launcher.core.InterceptingLauncher.lambda$execute$0(InterceptingLauncher.java:41)
	at org.junit.platform.launcher.core.ClasspathAlignmentCheckingLauncherInterceptor.intercept(ClasspathAlignmentCheckingLauncherInterceptor.java:25)
	at org.junit.platform.launcher.core.InterceptingLauncher.execute(InterceptingLauncher.java:40)
	at org.junit.platform.launcher.core.DelegatingLauncher.execute(DelegatingLauncher.java:48)
	at org.junit.platform.launcher.core.SessionPerRequestLauncher.execute(SessionPerRequestLauncher.java:67)
	at com.intellij.junit6.JUnit6IdeaTestRunner.startRunnerWithArgs(JUnit6IdeaTestRunner.java:67)
	at com.intellij.rt.junit.IdeaTestRunner$Repeater$1.execute(IdeaTestRunner.java:38)
	at com.intellij.rt.execution.junit.TestsRepeater.repeat(TestsRepeater.java:11)
	at com.intellij.rt.junit.IdeaTestRunner$Repeater.startRunnerWithArgs(IdeaTestRunner.java:35)
	at com.intellij.rt.junit.JUnitStarter.prepareStreamsAndStart(JUnitStarter.java:237)
	at com.intellij.rt.junit.JUnitStarter.main(JUnitStarter.java:58)
2026-03-09 20:33:30 - INFO - com.gotcha.gotcha_api.controller.EventRSVPControllerIntegrationTest - Starting EventRSVPControllerIntegrationTest using Java 23.0.1 with PID 33012 (started by Maksym in G:\Work\gotcha-cafe\gotcha-api\gotcha-api)
2026-03-09 20:33:30 - DEBUG - com.gotcha.gotcha_api.controller.EventRSVPControllerIntegrationTest - Running with Spring Boot v4.0.2, Spring v7.0.3
2026-03-09 20:33:30 - INFO - com.gotcha.gotcha_api.controller.EventRSVPControllerIntegrationTest - The following 1 profile is active: "test"
2026-03-09 20:33:32 - INFO - org.springframework.data.repository.config.RepositoryConfigurationDelegate - Bootstrapping Spring Data JPA repositories in DEFAULT mode.
2026-03-09 20:33:32 - INFO - org.springframework.data.repository.config.RepositoryConfigurationDelegate - Finished Spring Data repository scanning in 117 ms. Found 6 JPA repository interfaces.
2026-03-09 20:33:33 - INFO - org.hibernate.orm.jpa - HHH008540: Processing PersistenceUnitInfo [name: default]
2026-03-09 20:33:33 - INFO - org.hibernate.orm.core - HHH000001: Hibernate ORM core version 7.2.1.Final
2026-03-09 20:33:35 - INFO - org.springframework.orm.jpa.persistenceunit.SpringPersistenceUnitInfo - No LoadTimeWeaver setup: ignoring JPA class transformer
2026-03-09 20:33:35 - INFO - com.zaxxer.hikari.HikariDataSource - HikariPool-1 - Starting...
2026-03-09 20:33:35 - INFO - com.zaxxer.hikari.pool.HikariPool - HikariPool-1 - Added connection conn0: url=jdbc:h2:mem:testdb user=POSTGRES
2026-03-09 20:33:35 - INFO - com.zaxxer.hikari.HikariDataSource - HikariPool-1 - Start completed.
2026-03-09 20:33:35 - INFO - org.hibernate.orm.connections.pooling - HHH10001005: Database info:
	Database JDBC URL [jdbc:h2:mem:testdb]
	Database driver: H2 JDBC Driver
	Database dialect: H2Dialect
	Database version: 2.4.240
	Default catalog/schema: testdb/public
	Autocommit mode: undefined/unknown
	Isolation level: READ_COMMITTED [default READ_COMMITTED]
	JDBC fetch size: 100
	Pool: DataSourceConnectionProvider
	Minimum pool size: undefined/unknown
	Maximum pool size: undefined/unknown
2026-03-09 20:33:37 - INFO - org.hibernate.orm.core - HHH000489: No JTA platform available (set 'hibernate.transaction.jta.platform' to enable JTA platform integration)
2026-03-09 20:33:37 - INFO - org.springframework.orm.jpa.LocalContainerEntityManagerFactoryBean - Initialized JPA EntityManagerFactory for persistence unit 'default'
2026-03-09 20:33:38 - INFO - org.springframework.data.jpa.repository.query.QueryEnhancerFactories - Hibernate is in classpath; If applicable, HQL parser will be used.
2026-03-09 20:33:38 - INFO - com.gotcha.gotcha_api.service.JWTService - Generated key length: 256 bits
2026-03-09 20:33:38 - INFO - org.springframework.security.config.annotation.authentication.configuration.InitializeAuthenticationProviderBeanManagerConfigurer$InitializeAuthenticationProviderManagerConfigurer - Global AuthenticationManager configured with AuthenticationProvider bean with name authProvider
2026-03-09 20:33:38 - WARN - org.springframework.security.config.annotation.authentication.configuration.InitializeUserDetailsBeanManagerConfigurer$InitializeUserDetailsManagerConfigurer - Global AuthenticationManager configured with an AuthenticationProvider bean. UserDetailsService beans will not be used by Spring Security for automatically configuring username/password login. Consider removing the AuthenticationProvider bean. Alternatively, consider using the UserDetailsService in a manually instantiated DaoAuthenticationProvider. If the current configuration is intentional, to turn off this warning, increase the logging level of 'org.springframework.security.config.annotation.authentication.configuration.InitializeUserDetailsBeanManagerConfigurer' to ERROR
2026-03-09 20:33:40 - WARN - org.springframework.boot.jpa.autoconfigure.JpaBaseConfiguration$JpaWebConfiguration - spring.jpa.open-in-view is enabled by default. Therefore, database queries may be performed during view rendering. Explicitly configure spring.jpa.open-in-view to disable this warning
2026-03-09 20:33:41 - DEBUG - org.springframework.security.web.DefaultSecurityFilterChain - Will secure any request with filters: DisableEncodeUrlFilter, WebAsyncManagerIntegrationFilter, SecurityContextHolderFilter, HeaderWriterFilter, LogoutFilter, JWTFilter, RequestCacheAwareFilter, SecurityContextHolderAwareRequestFilter, AnonymousAuthenticationFilter, SessionManagementFilter, ExceptionTranslationFilter, AuthorizationFilter
2026-03-09 20:33:42 - DEBUG - com.gotcha.gotcha_api.securityConfig.JWTFilter - Filter 'JWTFilter' configured for use
2026-03-09 20:33:42 - INFO - org.springframework.boot.test.mock.web.SpringBootMockServletContext - Initializing Spring TestDispatcherServlet ''
2026-03-09 20:33:42 - INFO - org.springframework.test.web.servlet.TestDispatcherServlet - Initializing Servlet ''
2026-03-09 20:33:42 - INFO - org.springframework.test.web.servlet.TestDispatcherServlet - Completed initialization in 6 ms
2026-03-09 20:33:42 - INFO - com.gotcha.gotcha_api.controller.EventRSVPControllerIntegrationTest - Started EventRSVPControllerIntegrationTest in 13.044 seconds (process running for 16.556)
2026-03-09 20:33:44 - DEBUG - org.springframework.security.web.FilterChainProxy - Securing POST /api/login
2026-03-09 20:33:44 - DEBUG - org.springframework.security.web.authentication.AnonymousAuthenticationFilter - Set SecurityContextHolder to anonymous SecurityContext
2026-03-09 20:33:44 - DEBUG - org.springframework.security.web.FilterChainProxy - Secured POST /api/login
2026-03-09 20:33:45 - DEBUG - org.springframework.security.authentication.dao.DaoAuthenticationProvider - Authenticated user
2026-03-09 20:33:45 - DEBUG - org.springframework.security.web.FilterChainProxy - Securing POST /api/member/event/rsvp
2026-03-09 20:33:45 - DEBUG - org.springframework.security.web.FilterChainProxy - Secured POST /api/member/event/rsvp
2026-03-09 20:33:45 - INFO - com.gotcha.gotcha_api.service.EventRSVPService - Submitting RSVP
2026-03-09 20:33:45 - INFO - com.gotcha.gotcha_api.service.EventRSVPService - User email: admin2@gotcha.com 
2026-03-09 20:33:45 - DEBUG - org.springframework.security.web.FilterChainProxy - Securing GET /api/member/event/rsvp/1
2026-03-09 20:33:45 - DEBUG - org.springframework.security.web.FilterChainProxy - Secured GET /api/member/event/rsvp/1
2026-03-09 20:33:46 - DEBUG - org.springframework.security.web.FilterChainProxy - Securing POST /api/login
2026-03-09 20:33:46 - DEBUG - org.springframework.security.web.authentication.AnonymousAuthenticationFilter - Set SecurityContextHolder to anonymous SecurityContext
2026-03-09 20:33:46 - DEBUG - org.springframework.security.web.FilterChainProxy - Secured POST /api/login
2026-03-09 20:33:46 - DEBUG - org.springframework.security.authentication.dao.DaoAuthenticationProvider - Authenticated user
2026-03-09 20:33:46 - DEBUG - org.springframework.security.web.FilterChainProxy - Securing POST /api/member/event/rsvp
2026-03-09 20:33:46 - DEBUG - org.springframework.security.web.FilterChainProxy - Secured POST /api/member/event/rsvp
2026-03-09 20:33:46 - INFO - com.gotcha.gotcha_api.service.EventRSVPService - Submitting RSVP
2026-03-09 20:33:46 - INFO - com.gotcha.gotcha_api.service.EventRSVPService - User email: admin2@gotcha.com 
2026-03-09 20:33:46 - DEBUG - org.springframework.security.web.FilterChainProxy - Securing POST /api/login
2026-03-09 20:33:46 - DEBUG - org.springframework.security.web.authentication.AnonymousAuthenticationFilter - Set SecurityContextHolder to anonymous SecurityContext
2026-03-09 20:33:46 - DEBUG - org.springframework.security.web.FilterChainProxy - Secured POST /api/login
2026-03-09 20:33:47 - DEBUG - org.springframework.security.authentication.dao.DaoAuthenticationProvider - Authenticated user
2026-03-09 20:33:47 - DEBUG - org.springframework.security.web.FilterChainProxy - Securing GET /api/admin/event/3/rsvp
2026-03-09 20:33:47 - DEBUG - org.springframework.security.web.FilterChainProxy - Secured GET /api/admin/event/3/rsvp
2026-03-09 20:33:47 - DEBUG - org.springframework.security.web.FilterChainProxy - Securing POST /api/login
2026-03-09 20:33:47 - DEBUG - org.springframework.security.web.authentication.AnonymousAuthenticationFilter - Set SecurityContextHolder to anonymous SecurityContext
2026-03-09 20:33:47 - DEBUG - org.springframework.security.web.FilterChainProxy - Secured POST /api/login
2026-03-09 20:33:47 - DEBUG - org.springframework.security.authentication.dao.DaoAuthenticationProvider - Authenticated user
2026-03-09 20:33:47 - DEBUG - org.springframework.security.web.FilterChainProxy - Securing POST /api/member/event/rsvp
2026-03-09 20:33:47 - DEBUG - org.springframework.security.web.FilterChainProxy - Secured POST /api/member/event/rsvp
2026-03-09 20:33:47 - INFO - com.gotcha.gotcha_api.service.EventRSVPService - Submitting RSVP
2026-03-09 20:33:47 - INFO - com.gotcha.gotcha_api.service.EventRSVPService - User email: admin2@gotcha.com 
2026-03-09 20:33:47 - DEBUG - org.springframework.security.web.FilterChainProxy - Securing DELETE /api/member/event/rsvp/3
2026-03-09 20:33:47 - DEBUG - org.springframework.security.web.FilterChainProxy - Secured DELETE /api/member/event/rsvp/3
2026-03-09 20:33:47 - DEBUG - org.springframework.security.web.FilterChainProxy - Securing GET /api/member/event/rsvp/3
2026-03-09 20:33:47 - DEBUG - org.springframework.security.web.FilterChainProxy - Secured GET /api/member/event/rsvp/3
2026-03-09 20:33:48 - DEBUG - org.springframework.security.web.FilterChainProxy - Securing POST /api/login
2026-03-09 20:33:48 - DEBUG - org.springframework.security.web.authentication.AnonymousAuthenticationFilter - Set SecurityContextHolder to anonymous SecurityContext
2026-03-09 20:33:48 - DEBUG - org.springframework.security.web.FilterChainProxy - Secured POST /api/login
2026-03-09 20:33:48 - DEBUG - org.springframework.security.authentication.dao.DaoAuthenticationProvider - Authenticated user
2026-03-09 20:33:48 - DEBUG - org.springframework.security.web.FilterChainProxy - Securing POST /api/member/event/rsvp
2026-03-09 20:33:48 - DEBUG - org.springframework.security.web.FilterChainProxy - Secured POST /api/member/event/rsvp
2026-03-09 20:33:48 - INFO - com.gotcha.gotcha_api.service.EventRSVPService - Submitting RSVP
2026-03-09 20:33:48 - INFO - com.gotcha.gotcha_api.service.EventRSVPService - User email: admin2@gotcha.com 
2026-03-09 20:33:48 - DEBUG - org.springframework.security.web.FilterChainProxy - Securing PUT /api/member/event/rsvp/4
2026-03-09 20:33:48 - DEBUG - org.springframework.security.web.FilterChainProxy - Secured PUT /api/member/event/rsvp/4
2026-03-09 20:33:48 - DEBUG - org.springframework.security.web.FilterChainProxy - Securing POST /api/login
2026-03-09 20:33:48 - DEBUG - org.springframework.security.web.authentication.AnonymousAuthenticationFilter - Set SecurityContextHolder to anonymous SecurityContext
2026-03-09 20:33:48 - DEBUG - org.springframework.security.web.FilterChainProxy - Secured POST /api/login
2026-03-09 20:33:48 - DEBUG - org.springframework.security.authentication.dao.DaoAuthenticationProvider - Authenticated user
2026-03-09 20:33:48 - DEBUG - org.springframework.security.web.FilterChainProxy - Securing POST /api/member/event/rsvp
2026-03-09 20:33:48 - DEBUG - org.springframework.security.web.authentication.AnonymousAuthenticationFilter - Set SecurityContextHolder to anonymous SecurityContext
2026-03-09 20:33:49 - DEBUG - org.springframework.security.web.FilterChainProxy - Securing POST /api/login
2026-03-09 20:33:49 - DEBUG - org.springframework.security.web.authentication.AnonymousAuthenticationFilter - Set SecurityContextHolder to anonymous SecurityContext
2026-03-09 20:33:49 - DEBUG - org.springframework.security.web.FilterChainProxy - Secured POST /api/login
2026-03-09 20:33:49 - DEBUG - org.springframework.security.authentication.dao.DaoAuthenticationProvider - Authenticated user
2026-03-09 20:33:49 - DEBUG - org.springframework.security.web.FilterChainProxy - Securing GET /api/admin/event/rsvp
2026-03-09 20:33:49 - DEBUG - org.springframework.security.web.FilterChainProxy - Secured GET /api/admin/event/rsvp
2026-03-09 20:33:49 - DEBUG - org.springframework.security.web.FilterChainProxy - Securing POST /api/login
2026-03-09 20:33:49 - DEBUG - org.springframework.security.web.authentication.AnonymousAuthenticationFilter - Set SecurityContextHolder to anonymous SecurityContext
2026-03-09 20:33:49 - DEBUG - org.springframework.security.web.FilterChainProxy - Secured POST /api/login
2026-03-09 20:33:50 - DEBUG - org.springframework.security.authentication.dao.DaoAuthenticationProvider - Authenticated user
2026-03-09 20:33:50 - DEBUG - org.springframework.security.web.FilterChainProxy - Securing GET /api/admin/user/8/rsvp
2026-03-09 20:33:50 - DEBUG - org.springframework.security.web.FilterChainProxy - Secured GET /api/admin/user/8/rsvp
2026-03-09 20:33:50 - INFO - org.springframework.orm.jpa.LocalContainerEntityManagerFactoryBean - Closing JPA EntityManagerFactory for persistence unit 'default'
2026-03-09 20:33:50 - INFO - com.zaxxer.hikari.HikariDataSource - HikariPool-1 - Shutdown initiated...
2026-03-09 20:33:50 - INFO - com.zaxxer.hikari.HikariDataSource - HikariPool-1 - Shutdown completed.
2026-03-09 20:34:17 - INFO - com.gotcha.gotcha_api.controller.OrderControllerIntegrationTest - Starting OrderControllerIntegrationTest using Java 23.0.1 with PID 18412 (started by Maksym in G:\Work\gotcha-cafe\gotcha-api\gotcha-api)
2026-03-09 20:34:17 - DEBUG - com.gotcha.gotcha_api.controller.OrderControllerIntegrationTest - Running with Spring Boot v4.0.2, Spring v7.0.3
2026-03-09 20:34:17 - INFO - com.gotcha.gotcha_api.controller.OrderControllerIntegrationTest - The following 1 profile is active: "test"
2026-03-09 20:34:18 - INFO - org.springframework.data.repository.config.RepositoryConfigurationDelegate - Bootstrapping Spring Data JPA repositories in DEFAULT mode.
2026-03-09 20:34:19 - INFO - org.springframework.data.repository.config.RepositoryConfigurationDelegate - Finished Spring Data repository scanning in 114 ms. Found 6 JPA repository interfaces.
2026-03-09 20:34:21 - INFO - org.hibernate.orm.jpa - HHH008540: Processing PersistenceUnitInfo [name: default]
2026-03-09 20:34:21 - INFO - org.hibernate.orm.core - HHH000001: Hibernate ORM core version 7.2.1.Final
2026-03-09 20:34:22 - INFO - org.springframework.orm.jpa.persistenceunit.SpringPersistenceUnitInfo - No LoadTimeWeaver setup: ignoring JPA class transformer
2026-03-09 20:34:22 - INFO - com.zaxxer.hikari.HikariDataSource - HikariPool-1 - Starting...
2026-03-09 20:34:22 - INFO - com.zaxxer.hikari.pool.HikariPool - HikariPool-1 - Added connection conn0: url=jdbc:h2:mem:testdb user=POSTGRES
2026-03-09 20:34:22 - INFO - com.zaxxer.hikari.HikariDataSource - HikariPool-1 - Start completed.
2026-03-09 20:34:23 - INFO - org.hibernate.orm.connections.pooling - HHH10001005: Database info:
	Database JDBC URL [jdbc:h2:mem:testdb]
	Database driver: H2 JDBC Driver
	Database dialect: H2Dialect
	Database version: 2.4.240
	Default catalog/schema: testdb/public
	Autocommit mode: undefined/unknown
	Isolation level: READ_COMMITTED [default READ_COMMITTED]
	JDBC fetch size: 100
	Pool: DataSourceConnectionProvider
	Minimum pool size: undefined/unknown
	Maximum pool size: undefined/unknown
2026-03-09 20:34:24 - INFO - org.hibernate.orm.core - HHH000489: No JTA platform available (set 'hibernate.transaction.jta.platform' to enable JTA platform integration)
2026-03-09 20:34:24 - INFO - org.springframework.orm.jpa.LocalContainerEntityManagerFactoryBean - Initialized JPA EntityManagerFactory for persistence unit 'default'
2026-03-09 20:34:25 - INFO - org.springframework.data.jpa.repository.query.QueryEnhancerFactories - Hibernate is in classpath; If applicable, HQL parser will be used.
2026-03-09 20:34:25 - INFO - com.gotcha.gotcha_api.service.JWTService - Generated key length: 256 bits
2026-03-09 20:34:25 - INFO - org.springframework.security.config.annotation.authentication.configuration.InitializeAuthenticationProviderBeanManagerConfigurer$InitializeAuthenticationProviderManagerConfigurer - Global AuthenticationManager configured with AuthenticationProvider bean with name authProvider
2026-03-09 20:34:25 - WARN - org.springframework.security.config.annotation.authentication.configuration.InitializeUserDetailsBeanManagerConfigurer$InitializeUserDetailsManagerConfigurer - Global AuthenticationManager configured with an AuthenticationProvider bean. UserDetailsService beans will not be used by Spring Security for automatically configuring username/password login. Consider removing the AuthenticationProvider bean. Alternatively, consider using the UserDetailsService in a manually instantiated DaoAuthenticationProvider. If the current configuration is intentional, to turn off this warning, increase the logging level of 'org.springframework.security.config.annotation.authentication.configuration.InitializeUserDetailsBeanManagerConfigurer' to ERROR
2026-03-09 20:34:26 - WARN - org.springframework.boot.jpa.autoconfigure.JpaBaseConfiguration$JpaWebConfiguration - spring.jpa.open-in-view is enabled by default. Therefore, database queries may be performed during view rendering. Explicitly configure spring.jpa.open-in-view to disable this warning
2026-03-09 20:34:26 - DEBUG - org.springframework.security.web.DefaultSecurityFilterChain - Will secure any request with filters: DisableEncodeUrlFilter, WebAsyncManagerIntegrationFilter, SecurityContextHolderFilter, HeaderWriterFilter, LogoutFilter, JWTFilter, RequestCacheAwareFilter, SecurityContextHolderAwareRequestFilter, AnonymousAuthenticationFilter, SessionManagementFilter, ExceptionTranslationFilter, AuthorizationFilter
2026-03-09 20:34:27 - DEBUG - com.gotcha.gotcha_api.securityConfig.JWTFilter - Filter 'JWTFilter' configured for use
2026-03-09 20:34:27 - INFO - org.springframework.boot.test.mock.web.SpringBootMockServletContext - Initializing Spring TestDispatcherServlet ''
2026-03-09 20:34:27 - INFO - org.springframework.test.web.servlet.TestDispatcherServlet - Initializing Servlet ''
2026-03-09 20:34:27 - INFO - org.springframework.test.web.servlet.TestDispatcherServlet - Completed initialization in 0 ms
2026-03-09 20:34:27 - INFO - com.gotcha.gotcha_api.controller.OrderControllerIntegrationTest - Started OrderControllerIntegrationTest in 10.657 seconds (process running for 12.082)
2026-03-09 20:34:28 - DEBUG - org.springframework.security.web.FilterChainProxy - Securing POST /api/login
2026-03-09 20:34:28 - DEBUG - org.springframework.security.web.authentication.AnonymousAuthenticationFilter - Set SecurityContextHolder to anonymous SecurityContext
2026-03-09 20:34:28 - DEBUG - org.springframework.security.web.FilterChainProxy - Secured POST /api/login
2026-03-09 20:34:29 - DEBUG - org.springframework.security.authentication.dao.DaoAuthenticationProvider - Authenticated user
2026-03-09 20:34:29 - DEBUG - org.springframework.security.web.FilterChainProxy - Securing POST /api/login
2026-03-09 20:34:29 - DEBUG - org.springframework.security.web.authentication.AnonymousAuthenticationFilter - Set SecurityContextHolder to anonymous SecurityContext
2026-03-09 20:34:29 - DEBUG - org.springframework.security.web.FilterChainProxy - Secured POST /api/login
2026-03-09 20:34:30 - DEBUG - org.springframework.security.authentication.dao.DaoAuthenticationProvider - Authenticated user
2026-03-09 20:34:30 - DEBUG - org.springframework.security.web.FilterChainProxy - Securing POST /api/member/order
2026-03-09 20:34:30 - DEBUG - org.springframework.security.web.FilterChainProxy - Secured POST /api/member/order
2026-03-09 20:34:30 - DEBUG - org.springframework.security.web.FilterChainProxy - Securing POST /api/login
2026-03-09 20:34:30 - DEBUG - org.springframework.security.web.authentication.AnonymousAuthenticationFilter - Set SecurityContextHolder to anonymous SecurityContext
2026-03-09 20:34:30 - DEBUG - org.springframework.security.web.FilterChainProxy - Secured POST /api/login
2026-03-09 20:34:30 - DEBUG - org.springframework.security.authentication.dao.DaoAuthenticationProvider - Authenticated user
2026-03-09 20:34:30 - DEBUG - org.springframework.security.web.FilterChainProxy - Securing POST /api/login
2026-03-09 20:34:30 - DEBUG - org.springframework.security.web.authentication.AnonymousAuthenticationFilter - Set SecurityContextHolder to anonymous SecurityContext
2026-03-09 20:34:30 - DEBUG - org.springframework.security.web.FilterChainProxy - Secured POST /api/login
2026-03-09 20:34:31 - DEBUG - org.springframework.security.authentication.dao.DaoAuthenticationProvider - Authenticated user
2026-03-09 20:34:31 - DEBUG - org.springframework.security.web.FilterChainProxy - Securing GET /api/admin/order/9999
2026-03-09 20:34:31 - DEBUG - org.springframework.security.web.FilterChainProxy - Secured GET /api/admin/order/9999
2026-03-09 20:34:31 - DEBUG - org.springframework.security.web.FilterChainProxy - Securing POST /api/login
2026-03-09 20:34:31 - DEBUG - org.springframework.security.web.authentication.AnonymousAuthenticationFilter - Set SecurityContextHolder to anonymous SecurityContext
2026-03-09 20:34:31 - DEBUG - org.springframework.security.web.FilterChainProxy - Secured POST /api/login
2026-03-09 20:34:31 - DEBUG - org.springframework.security.authentication.dao.DaoAuthenticationProvider - Authenticated user
2026-03-09 20:34:31 - DEBUG - org.springframework.security.web.FilterChainProxy - Securing POST /api/login
2026-03-09 20:34:31 - DEBUG - org.springframework.security.web.authentication.AnonymousAuthenticationFilter - Set SecurityContextHolder to anonymous SecurityContext
2026-03-09 20:34:31 - DEBUG - org.springframework.security.web.FilterChainProxy - Secured POST /api/login
2026-03-09 20:34:32 - DEBUG - org.springframework.security.authentication.dao.DaoAuthenticationProvider - Authenticated user
2026-03-09 20:34:32 - DEBUG - org.springframework.security.web.FilterChainProxy - Securing POST /api/member/order
2026-03-09 20:34:32 - DEBUG - org.springframework.security.web.FilterChainProxy - Secured POST /api/member/order
2026-03-09 20:34:32 - DEBUG - org.springframework.security.web.FilterChainProxy - Securing POST /api/login
2026-03-09 20:34:32 - DEBUG - org.springframework.security.web.authentication.AnonymousAuthenticationFilter - Set SecurityContextHolder to anonymous SecurityContext
2026-03-09 20:34:32 - DEBUG - org.springframework.security.web.FilterChainProxy - Secured POST /api/login
2026-03-09 20:34:32 - DEBUG - org.springframework.security.authentication.dao.DaoAuthenticationProvider - Authenticated user
2026-03-09 20:34:32 - DEBUG - org.springframework.security.web.FilterChainProxy - Securing POST /api/login
2026-03-09 20:34:32 - DEBUG - org.springframework.security.web.authentication.AnonymousAuthenticationFilter - Set SecurityContextHolder to anonymous SecurityContext
2026-03-09 20:34:32 - DEBUG - org.springframework.security.web.FilterChainProxy - Secured POST /api/login
2026-03-09 20:34:33 - DEBUG - org.springframework.security.authentication.dao.DaoAuthenticationProvider - Authenticated user
2026-03-09 20:34:33 - DEBUG - org.springframework.security.web.FilterChainProxy - Securing GET /api/member/order
2026-03-09 20:34:33 - DEBUG - org.springframework.security.web.FilterChainProxy - Secured GET /api/member/order
2026-03-09 20:34:33 - DEBUG - org.springframework.security.web.FilterChainProxy - Securing POST /api/login
2026-03-09 20:34:33 - DEBUG - org.springframework.security.web.authentication.AnonymousAuthenticationFilter - Set SecurityContextHolder to anonymous SecurityContext
2026-03-09 20:34:33 - DEBUG - org.springframework.security.web.FilterChainProxy - Secured POST /api/login
2026-03-09 20:34:33 - DEBUG - org.springframework.security.authentication.dao.DaoAuthenticationProvider - Authenticated user
2026-03-09 20:34:33 - DEBUG - org.springframework.security.web.FilterChainProxy - Securing POST /api/login
2026-03-09 20:34:33 - DEBUG - org.springframework.security.web.authentication.AnonymousAuthenticationFilter - Set SecurityContextHolder to anonymous SecurityContext
2026-03-09 20:34:33 - DEBUG - org.springframework.security.web.FilterChainProxy - Secured POST /api/login
2026-03-09 20:34:34 - DEBUG - org.springframework.security.authentication.dao.DaoAuthenticationProvider - Authenticated user
2026-03-09 20:34:34 - DEBUG - org.springframework.security.web.FilterChainProxy - Securing GET /api/admin/order/1
2026-03-09 20:34:34 - DEBUG - org.springframework.security.web.access.AccessDeniedHandlerImpl - Responding with 403 status code
2026-03-09 20:34:34 - DEBUG - org.springframework.security.web.FilterChainProxy - Securing POST /api/login
2026-03-09 20:34:34 - DEBUG - org.springframework.security.web.authentication.AnonymousAuthenticationFilter - Set SecurityContextHolder to anonymous SecurityContext
2026-03-09 20:34:34 - DEBUG - org.springframework.security.web.FilterChainProxy - Secured POST /api/login
2026-03-09 20:34:34 - DEBUG - org.springframework.security.authentication.dao.DaoAuthenticationProvider - Authenticated user
2026-03-09 20:34:34 - DEBUG - org.springframework.security.web.FilterChainProxy - Securing POST /api/login
2026-03-09 20:34:34 - DEBUG - org.springframework.security.web.authentication.AnonymousAuthenticationFilter - Set SecurityContextHolder to anonymous SecurityContext
2026-03-09 20:34:34 - DEBUG - org.springframework.security.web.FilterChainProxy - Secured POST /api/login
2026-03-09 20:34:35 - DEBUG - org.springframework.security.authentication.dao.DaoAuthenticationProvider - Authenticated user
2026-03-09 20:34:35 - DEBUG - org.springframework.security.web.FilterChainProxy - Securing POST /api/member/order
2026-03-09 20:34:35 - DEBUG - org.springframework.security.web.FilterChainProxy - Secured POST /api/member/order
2026-03-09 20:34:35 - DEBUG - org.springframework.security.web.FilterChainProxy - Securing POST /api/login
2026-03-09 20:34:35 - DEBUG - org.springframework.security.web.authentication.AnonymousAuthenticationFilter - Set SecurityContextHolder to anonymous SecurityContext
2026-03-09 20:34:35 - DEBUG - org.springframework.security.web.FilterChainProxy - Secured POST /api/login
2026-03-09 20:34:35 - DEBUG - org.springframework.security.authentication.dao.DaoAuthenticationProvider - Authenticated user
2026-03-09 20:34:35 - DEBUG - org.springframework.security.web.FilterChainProxy - Securing POST /api/login
2026-03-09 20:34:35 - DEBUG - org.springframework.security.web.authentication.AnonymousAuthenticationFilter - Set SecurityContextHolder to anonymous SecurityContext
2026-03-09 20:34:35 - DEBUG - org.springframework.security.web.FilterChainProxy - Secured POST /api/login
2026-03-09 20:34:36 - DEBUG - org.springframework.security.authentication.dao.DaoAuthenticationProvider - Authenticated user
2026-03-09 20:34:36 - DEBUG - org.springframework.security.web.FilterChainProxy - Securing GET /api/member/order
2026-03-09 20:34:36 - DEBUG - org.springframework.security.web.authentication.AnonymousAuthenticationFilter - Set SecurityContextHolder to anonymous SecurityContext
2026-03-09 20:34:36 - DEBUG - org.springframework.security.web.FilterChainProxy - Securing POST /api/login
2026-03-09 20:34:36 - DEBUG - org.springframework.security.web.authentication.AnonymousAuthenticationFilter - Set SecurityContextHolder to anonymous SecurityContext
2026-03-09 20:34:36 - DEBUG - org.springframework.security.web.FilterChainProxy - Secured POST /api/login
2026-03-09 20:34:36 - DEBUG - org.springframework.security.authentication.dao.DaoAuthenticationProvider - Authenticated user
2026-03-09 20:34:36 - DEBUG - org.springframework.security.web.FilterChainProxy - Securing POST /api/login
2026-03-09 20:34:36 - DEBUG - org.springframework.security.web.authentication.AnonymousAuthenticationFilter - Set SecurityContextHolder to anonymous SecurityContext
2026-03-09 20:34:36 - DEBUG - org.springframework.security.web.FilterChainProxy - Secured POST /api/login
2026-03-09 20:34:37 - DEBUG - org.springframework.security.authentication.dao.DaoAuthenticationProvider - Authenticated user
2026-03-09 20:34:37 - DEBUG - org.springframework.security.web.FilterChainProxy - Securing POST /api/member/order
2026-03-09 20:34:37 - DEBUG - org.springframework.security.web.FilterChainProxy - Secured POST /api/member/order
2026-03-09 20:34:37 - DEBUG - org.springframework.security.web.FilterChainProxy - Securing POST /api/login
2026-03-09 20:34:37 - DEBUG - org.springframework.security.web.authentication.AnonymousAuthenticationFilter - Set SecurityContextHolder to anonymous SecurityContext
2026-03-09 20:34:37 - DEBUG - org.springframework.security.web.FilterChainProxy - Secured POST /api/login
2026-03-09 20:34:37 - DEBUG - org.springframework.security.authentication.dao.DaoAuthenticationProvider - Authenticated user
2026-03-09 20:34:37 - DEBUG - org.springframework.security.web.FilterChainProxy - Securing POST /api/login
2026-03-09 20:34:37 - DEBUG - org.springframework.security.web.authentication.AnonymousAuthenticationFilter - Set SecurityContextHolder to anonymous SecurityContext
2026-03-09 20:34:37 - DEBUG - org.springframework.security.web.FilterChainProxy - Secured POST /api/login
2026-03-09 20:34:38 - DEBUG - org.springframework.security.authentication.dao.DaoAuthenticationProvider - Authenticated user
2026-03-09 20:34:38 - DEBUG - org.springframework.security.web.FilterChainProxy - Securing POST /api/member/order
2026-03-09 20:34:38 - DEBUG - org.springframework.security.web.FilterChainProxy - Secured POST /api/member/order
2026-03-09 20:34:38 - DEBUG - org.springframework.security.web.FilterChainProxy - Securing POST /api/login
2026-03-09 20:34:38 - DEBUG - org.springframework.security.web.authentication.AnonymousAuthenticationFilter - Set SecurityContextHolder to anonymous SecurityContext
2026-03-09 20:34:38 - DEBUG - org.springframework.security.web.FilterChainProxy - Secured POST /api/login
2026-03-09 20:34:38 - DEBUG - org.springframework.security.authentication.dao.DaoAuthenticationProvider - Authenticated user
2026-03-09 20:34:39 - DEBUG - org.springframework.security.web.FilterChainProxy - Securing POST /api/login
2026-03-09 20:34:39 - DEBUG - org.springframework.security.web.authentication.AnonymousAuthenticationFilter - Set SecurityContextHolder to anonymous SecurityContext
2026-03-09 20:34:39 - DEBUG - org.springframework.security.web.FilterChainProxy - Secured POST /api/login
2026-03-09 20:34:39 - DEBUG - org.springframework.security.authentication.dao.DaoAuthenticationProvider - Authenticated user
2026-03-09 20:34:39 - DEBUG - org.springframework.security.web.FilterChainProxy - Securing POST /api/member/order
2026-03-09 20:34:39 - DEBUG - org.springframework.security.web.FilterChainProxy - Secured POST /api/member/order
2026-03-09 20:34:39 - DEBUG - org.springframework.security.web.FilterChainProxy - Securing POST /api/login
2026-03-09 20:34:39 - DEBUG - org.springframework.security.web.authentication.AnonymousAuthenticationFilter - Set SecurityContextHolder to anonymous SecurityContext
2026-03-09 20:34:39 - DEBUG - org.springframework.security.web.FilterChainProxy - Secured POST /api/login
2026-03-09 20:34:39 - DEBUG - org.springframework.security.authentication.dao.DaoAuthenticationProvider - Authenticated user
2026-03-09 20:34:40 - DEBUG - org.springframework.security.web.FilterChainProxy - Securing POST /api/login
2026-03-09 20:34:40 - DEBUG - org.springframework.security.web.authentication.AnonymousAuthenticationFilter - Set SecurityContextHolder to anonymous SecurityContext
2026-03-09 20:34:40 - DEBUG - org.springframework.security.web.FilterChainProxy - Secured POST /api/login
2026-03-09 20:34:40 - DEBUG - org.springframework.security.authentication.dao.DaoAuthenticationProvider - Authenticated user
2026-03-09 20:34:40 - DEBUG - org.springframework.security.web.FilterChainProxy - Securing POST /api/member/order
2026-03-09 20:34:40 - DEBUG - org.springframework.security.web.authentication.AnonymousAuthenticationFilter - Set SecurityContextHolder to anonymous SecurityContext
2026-03-09 20:34:40 - DEBUG - org.springframework.security.web.FilterChainProxy - Securing POST /api/login
2026-03-09 20:34:40 - DEBUG - org.springframework.security.web.authentication.AnonymousAuthenticationFilter - Set SecurityContextHolder to anonymous SecurityContext
2026-03-09 20:34:40 - DEBUG - org.springframework.security.web.FilterChainProxy - Secured POST /api/login
2026-03-09 20:34:40 - DEBUG - org.springframework.security.authentication.dao.DaoAuthenticationProvider - Authenticated user
2026-03-09 20:34:41 - DEBUG - org.springframework.security.web.FilterChainProxy - Securing POST /api/login
2026-03-09 20:34:41 - DEBUG - org.springframework.security.web.authentication.AnonymousAuthenticationFilter - Set SecurityContextHolder to anonymous SecurityContext
2026-03-09 20:34:41 - DEBUG - org.springframework.security.web.FilterChainProxy - Secured POST /api/login
2026-03-09 20:34:41 - DEBUG - org.springframework.security.authentication.dao.DaoAuthenticationProvider - Authenticated user
2026-03-09 20:34:41 - DEBUG - org.springframework.security.web.FilterChainProxy - Securing POST /api/member/order
2026-03-09 20:34:41 - DEBUG - org.springframework.security.web.FilterChainProxy - Secured POST /api/member/order
2026-03-09 20:34:41 - DEBUG - org.springframework.security.web.FilterChainProxy - Securing POST /api/login
2026-03-09 20:34:41 - DEBUG - org.springframework.security.web.authentication.AnonymousAuthenticationFilter - Set SecurityContextHolder to anonymous SecurityContext
2026-03-09 20:34:41 - DEBUG - org.springframework.security.web.FilterChainProxy - Secured POST /api/login
2026-03-09 20:34:41 - DEBUG - org.springframework.security.authentication.dao.DaoAuthenticationProvider - Authenticated user
2026-03-09 20:34:42 - DEBUG - org.springframework.security.web.FilterChainProxy - Securing POST /api/login
2026-03-09 20:34:42 - DEBUG - org.springframework.security.web.authentication.AnonymousAuthenticationFilter - Set SecurityContextHolder to anonymous SecurityContext
2026-03-09 20:34:42 - DEBUG - org.springframework.security.web.FilterChainProxy - Secured POST /api/login
2026-03-09 20:34:42 - DEBUG - org.springframework.security.authentication.dao.DaoAuthenticationProvider - Authenticated user
2026-03-09 20:34:42 - DEBUG - org.springframework.security.web.FilterChainProxy - Securing POST /api/login
2026-03-09 20:34:42 - DEBUG - org.springframework.security.web.authentication.AnonymousAuthenticationFilter - Set SecurityContextHolder to anonymous SecurityContext
2026-03-09 20:34:42 - DEBUG - org.springframework.security.web.FilterChainProxy - Secured POST /api/login
2026-03-09 20:34:42 - DEBUG - org.springframework.security.authentication.dao.DaoAuthenticationProvider - Authenticated user
2026-03-09 20:34:42 - DEBUG - org.springframework.security.web.FilterChainProxy - Securing POST /api/member/order
2026-03-09 20:34:42 - DEBUG - org.springframework.security.web.FilterChainProxy - Secured POST /api/member/order
2026-03-09 20:34:42 - DEBUG - org.springframework.security.web.FilterChainProxy - Securing POST /api/login
2026-03-09 20:34:42 - DEBUG - org.springframework.security.web.authentication.AnonymousAuthenticationFilter - Set SecurityContextHolder to anonymous SecurityContext
2026-03-09 20:34:42 - DEBUG - org.springframework.security.web.FilterChainProxy - Secured POST /api/login
2026-03-09 20:34:43 - DEBUG - org.springframework.security.authentication.dao.DaoAuthenticationProvider - Authenticated user
2026-03-09 20:34:43 - DEBUG - org.springframework.security.web.FilterChainProxy - Securing POST /api/login
2026-03-09 20:34:43 - DEBUG - org.springframework.security.web.authentication.AnonymousAuthenticationFilter - Set SecurityContextHolder to anonymous SecurityContext
2026-03-09 20:34:43 - DEBUG - org.springframework.security.web.FilterChainProxy - Secured POST /api/login
2026-03-09 20:34:43 - DEBUG - org.springframework.security.authentication.dao.DaoAuthenticationProvider - Authenticated user
2026-03-09 20:34:43 - DEBUG - org.springframework.security.web.FilterChainProxy - Securing POST /api/member/order
2026-03-09 20:34:43 - DEBUG - org.springframework.security.web.FilterChainProxy - Secured POST /api/member/order
2026-03-09 20:34:43 - DEBUG - org.springframework.security.web.FilterChainProxy - Securing POST /api/login
2026-03-09 20:34:43 - DEBUG - org.springframework.security.web.authentication.AnonymousAuthenticationFilter - Set SecurityContextHolder to anonymous SecurityContext
2026-03-09 20:34:43 - DEBUG - org.springframework.security.web.FilterChainProxy - Secured POST /api/login
2026-03-09 20:34:44 - DEBUG - org.springframework.security.authentication.dao.DaoAuthenticationProvider - Authenticated user
2026-03-09 20:34:44 - DEBUG - org.springframework.security.web.FilterChainProxy - Securing POST /api/login
2026-03-09 20:34:44 - DEBUG - org.springframework.security.web.authentication.AnonymousAuthenticationFilter - Set SecurityContextHolder to anonymous SecurityContext
2026-03-09 20:34:44 - DEBUG - org.springframework.security.web.FilterChainProxy - Secured POST /api/login
2026-03-09 20:34:44 - DEBUG - org.springframework.security.authentication.dao.DaoAuthenticationProvider - Authenticated user
2026-03-09 20:34:44 - DEBUG - org.springframework.security.web.FilterChainProxy - Securing GET /api/admin/order
2026-03-09 20:34:44 - DEBUG - org.springframework.security.web.access.AccessDeniedHandlerImpl - Responding with 403 status code
2026-03-09 20:34:44 - INFO - org.springframework.orm.jpa.LocalContainerEntityManagerFactoryBean - Closing JPA EntityManagerFactory for persistence unit 'default'
2026-03-09 20:34:44 - INFO - com.zaxxer.hikari.HikariDataSource - HikariPool-1 - Shutdown initiated...
2026-03-09 20:34:44 - INFO - com.zaxxer.hikari.HikariDataSource - HikariPool-1 - Shutdown completed.
2026-03-09 20:37:14 - INFO - com.gotcha.gotcha_api.controller.OrderControllerIntegrationTest - Starting OrderControllerIntegrationTest using Java 23.0.1 with PID 30140 (started by Maksym in G:\Work\gotcha-cafe\gotcha-api\gotcha-api)
2026-03-09 20:37:14 - DEBUG - com.gotcha.gotcha_api.controller.OrderControllerIntegrationTest - Running with Spring Boot v4.0.2, Spring v7.0.3
2026-03-09 20:37:14 - INFO - com.gotcha.gotcha_api.controller.OrderControllerIntegrationTest - The following 1 profile is active: "test"
2026-03-09 20:37:15 - INFO - org.springframework.data.repository.config.RepositoryConfigurationDelegate - Bootstrapping Spring Data JPA repositories in DEFAULT mode.
2026-03-09 20:37:15 - INFO - org.springframework.data.repository.config.RepositoryConfigurationDelegate - Finished Spring Data repository scanning in 50 ms. Found 6 JPA repository interfaces.
2026-03-09 20:37:16 - INFO - org.hibernate.orm.jpa - HHH008540: Processing PersistenceUnitInfo [name: default]
2026-03-09 20:37:16 - INFO - org.hibernate.orm.core - HHH000001: Hibernate ORM core version 7.2.1.Final
2026-03-09 20:37:17 - INFO - org.springframework.orm.jpa.persistenceunit.SpringPersistenceUnitInfo - No LoadTimeWeaver setup: ignoring JPA class transformer
2026-03-09 20:37:17 - INFO - com.zaxxer.hikari.HikariDataSource - HikariPool-1 - Starting...
2026-03-09 20:37:17 - INFO - com.zaxxer.hikari.pool.HikariPool - HikariPool-1 - Added connection conn0: url=jdbc:h2:mem:testdb user=POSTGRES
2026-03-09 20:37:17 - INFO - com.zaxxer.hikari.HikariDataSource - HikariPool-1 - Start completed.
2026-03-09 20:37:18 - INFO - org.hibernate.orm.connections.pooling - HHH10001005: Database info:
	Database JDBC URL [jdbc:h2:mem:testdb]
	Database driver: H2 JDBC Driver
	Database dialect: H2Dialect
	Database version: 2.4.240
	Default catalog/schema: testdb/public
	Autocommit mode: undefined/unknown
	Isolation level: READ_COMMITTED [default READ_COMMITTED]
	JDBC fetch size: 100
	Pool: DataSourceConnectionProvider
	Minimum pool size: undefined/unknown
	Maximum pool size: undefined/unknown
2026-03-09 20:37:19 - INFO - org.hibernate.orm.core - HHH000489: No JTA platform available (set 'hibernate.transaction.jta.platform' to enable JTA platform integration)
2026-03-09 20:37:19 - INFO - org.springframework.orm.jpa.LocalContainerEntityManagerFactoryBean - Initialized JPA EntityManagerFactory for persistence unit 'default'
2026-03-09 20:37:19 - INFO - org.springframework.data.jpa.repository.query.QueryEnhancerFactories - Hibernate is in classpath; If applicable, HQL parser will be used.
2026-03-09 20:37:20 - INFO - com.gotcha.gotcha_api.service.JWTService - Generated key length: 256 bits
2026-03-09 20:37:20 - INFO - org.springframework.security.config.annotation.authentication.configuration.InitializeAuthenticationProviderBeanManagerConfigurer$InitializeAuthenticationProviderManagerConfigurer - Global AuthenticationManager configured with AuthenticationProvider bean with name authProvider
2026-03-09 20:37:20 - WARN - org.springframework.security.config.annotation.authentication.configuration.InitializeUserDetailsBeanManagerConfigurer$InitializeUserDetailsManagerConfigurer - Global AuthenticationManager configured with an AuthenticationProvider bean. UserDetailsService beans will not be used by Spring Security for automatically configuring username/password login. Consider removing the AuthenticationProvider bean. Alternatively, consider using the UserDetailsService in a manually instantiated DaoAuthenticationProvider. If the current configuration is intentional, to turn off this warning, increase the logging level of 'org.springframework.security.config.annotation.authentication.configuration.InitializeUserDetailsBeanManagerConfigurer' to ERROR
2026-03-09 20:37:21 - WARN - org.springframework.boot.jpa.autoconfigure.JpaBaseConfiguration$JpaWebConfiguration - spring.jpa.open-in-view is enabled by default. Therefore, database queries may be performed during view rendering. Explicitly configure spring.jpa.open-in-view to disable this warning
2026-03-09 20:37:21 - DEBUG - org.springframework.security.web.DefaultSecurityFilterChain - Will secure any request with filters: DisableEncodeUrlFilter, WebAsyncManagerIntegrationFilter, SecurityContextHolderFilter, HeaderWriterFilter, LogoutFilter, JWTFilter, RequestCacheAwareFilter, SecurityContextHolderAwareRequestFilter, AnonymousAuthenticationFilter, SessionManagementFilter, ExceptionTranslationFilter, AuthorizationFilter
2026-03-09 20:37:22 - DEBUG - com.gotcha.gotcha_api.securityConfig.JWTFilter - Filter 'JWTFilter' configured for use
2026-03-09 20:37:22 - INFO - org.springframework.boot.test.mock.web.SpringBootMockServletContext - Initializing Spring TestDispatcherServlet ''
2026-03-09 20:37:22 - INFO - org.springframework.test.web.servlet.TestDispatcherServlet - Initializing Servlet ''
2026-03-09 20:37:22 - INFO - org.springframework.test.web.servlet.TestDispatcherServlet - Completed initialization in 0 ms
2026-03-09 20:37:22 - INFO - com.gotcha.gotcha_api.controller.OrderControllerIntegrationTest - Started OrderControllerIntegrationTest in 8.553 seconds (process running for 9.958)
2026-03-09 20:37:23 - DEBUG - org.springframework.security.web.FilterChainProxy - Securing POST /api/login
2026-03-09 20:37:23 - DEBUG - org.springframework.security.web.authentication.AnonymousAuthenticationFilter - Set SecurityContextHolder to anonymous SecurityContext
2026-03-09 20:37:23 - DEBUG - org.springframework.security.web.FilterChainProxy - Secured POST /api/login
2026-03-09 20:37:24 - DEBUG - org.springframework.security.authentication.dao.DaoAuthenticationProvider - Authenticated user
2026-03-09 20:37:24 - DEBUG - org.springframework.security.web.FilterChainProxy - Securing POST /api/login
2026-03-09 20:37:24 - DEBUG - org.springframework.security.web.authentication.AnonymousAuthenticationFilter - Set SecurityContextHolder to anonymous SecurityContext
2026-03-09 20:37:24 - DEBUG - org.springframework.security.web.FilterChainProxy - Secured POST /api/login
2026-03-09 20:37:25 - DEBUG - org.springframework.security.authentication.dao.DaoAuthenticationProvider - Authenticated user
2026-03-09 20:37:25 - DEBUG - org.springframework.security.web.FilterChainProxy - Securing POST /api/member/order
2026-03-09 20:37:25 - DEBUG - org.springframework.security.web.FilterChainProxy - Secured POST /api/member/order
2026-03-09 20:37:25 - DEBUG - org.springframework.security.web.FilterChainProxy - Securing POST /api/login
2026-03-09 20:37:25 - DEBUG - org.springframework.security.web.authentication.AnonymousAuthenticationFilter - Set SecurityContextHolder to anonymous SecurityContext
2026-03-09 20:37:25 - DEBUG - org.springframework.security.web.FilterChainProxy - Secured POST /api/login
2026-03-09 20:37:25 - DEBUG - org.springframework.security.authentication.dao.DaoAuthenticationProvider - Authenticated user
2026-03-09 20:37:25 - DEBUG - org.springframework.security.web.FilterChainProxy - Securing POST /api/login
2026-03-09 20:37:25 - DEBUG - org.springframework.security.web.authentication.AnonymousAuthenticationFilter - Set SecurityContextHolder to anonymous SecurityContext
2026-03-09 20:37:25 - DEBUG - org.springframework.security.web.FilterChainProxy - Secured POST /api/login
2026-03-09 20:37:26 - DEBUG - org.springframework.security.authentication.dao.DaoAuthenticationProvider - Authenticated user
2026-03-09 20:37:26 - DEBUG - org.springframework.security.web.FilterChainProxy - Securing GET /api/admin/order/9999
2026-03-09 20:37:26 - DEBUG - org.springframework.security.web.FilterChainProxy - Secured GET /api/admin/order/9999
2026-03-09 20:37:26 - DEBUG - org.springframework.security.web.FilterChainProxy - Securing POST /api/login
2026-03-09 20:37:26 - DEBUG - org.springframework.security.web.authentication.AnonymousAuthenticationFilter - Set SecurityContextHolder to anonymous SecurityContext
2026-03-09 20:37:26 - DEBUG - org.springframework.security.web.FilterChainProxy - Secured POST /api/login
2026-03-09 20:37:26 - DEBUG - org.springframework.security.authentication.dao.DaoAuthenticationProvider - Authenticated user
2026-03-09 20:37:26 - DEBUG - org.springframework.security.web.FilterChainProxy - Securing POST /api/login
2026-03-09 20:37:26 - DEBUG - org.springframework.security.web.authentication.AnonymousAuthenticationFilter - Set SecurityContextHolder to anonymous SecurityContext
2026-03-09 20:37:26 - DEBUG - org.springframework.security.web.FilterChainProxy - Secured POST /api/login
2026-03-09 20:37:27 - DEBUG - org.springframework.security.authentication.dao.DaoAuthenticationProvider - Authenticated user
2026-03-09 20:37:27 - DEBUG - org.springframework.security.web.FilterChainProxy - Securing POST /api/member/order
2026-03-09 20:37:27 - DEBUG - org.springframework.security.web.FilterChainProxy - Secured POST /api/member/order
2026-03-09 20:37:27 - DEBUG - org.springframework.security.web.FilterChainProxy - Securing POST /api/login
2026-03-09 20:37:27 - DEBUG - org.springframework.security.web.authentication.AnonymousAuthenticationFilter - Set SecurityContextHolder to anonymous SecurityContext
2026-03-09 20:37:27 - DEBUG - org.springframework.security.web.FilterChainProxy - Secured POST /api/login
2026-03-09 20:37:27 - DEBUG - org.springframework.security.authentication.dao.DaoAuthenticationProvider - Authenticated user
2026-03-09 20:37:27 - DEBUG - org.springframework.security.web.FilterChainProxy - Securing POST /api/login
2026-03-09 20:37:27 - DEBUG - org.springframework.security.web.authentication.AnonymousAuthenticationFilter - Set SecurityContextHolder to anonymous SecurityContext
2026-03-09 20:37:27 - DEBUG - org.springframework.security.web.FilterChainProxy - Secured POST /api/login
2026-03-09 20:37:28 - DEBUG - org.springframework.security.authentication.dao.DaoAuthenticationProvider - Authenticated user
2026-03-09 20:37:28 - DEBUG - org.springframework.security.web.FilterChainProxy - Securing GET /api/member/order
2026-03-09 20:37:28 - DEBUG - org.springframework.security.web.FilterChainProxy - Secured GET /api/member/order
2026-03-09 20:37:28 - DEBUG - org.springframework.security.web.FilterChainProxy - Securing POST /api/login
2026-03-09 20:37:28 - DEBUG - org.springframework.security.web.authentication.AnonymousAuthenticationFilter - Set SecurityContextHolder to anonymous SecurityContext
2026-03-09 20:37:28 - DEBUG - org.springframework.security.web.FilterChainProxy - Secured POST /api/login
2026-03-09 20:37:28 - DEBUG - org.springframework.security.authentication.dao.DaoAuthenticationProvider - Authenticated user
2026-03-09 20:37:28 - DEBUG - org.springframework.security.web.FilterChainProxy - Securing POST /api/login
2026-03-09 20:37:28 - DEBUG - org.springframework.security.web.authentication.AnonymousAuthenticationFilter - Set SecurityContextHolder to anonymous SecurityContext
2026-03-09 20:37:28 - DEBUG - org.springframework.security.web.FilterChainProxy - Secured POST /api/login
2026-03-09 20:37:29 - DEBUG - org.springframework.security.authentication.dao.DaoAuthenticationProvider - Authenticated user
2026-03-09 20:37:29 - DEBUG - org.springframework.security.web.FilterChainProxy - Securing GET /api/admin/order/1
2026-03-09 20:37:29 - DEBUG - org.springframework.security.web.access.AccessDeniedHandlerImpl - Responding with 403 status code
2026-03-09 20:37:29 - DEBUG - org.springframework.security.web.FilterChainProxy - Securing POST /api/login
2026-03-09 20:37:29 - DEBUG - org.springframework.security.web.authentication.AnonymousAuthenticationFilter - Set SecurityContextHolder to anonymous SecurityContext
2026-03-09 20:37:29 - DEBUG - org.springframework.security.web.FilterChainProxy - Secured POST /api/login
2026-03-09 20:37:29 - DEBUG - org.springframework.security.authentication.dao.DaoAuthenticationProvider - Authenticated user
2026-03-09 20:37:29 - DEBUG - org.springframework.security.web.FilterChainProxy - Securing POST /api/login
2026-03-09 20:37:29 - DEBUG - org.springframework.security.web.authentication.AnonymousAuthenticationFilter - Set SecurityContextHolder to anonymous SecurityContext
2026-03-09 20:37:29 - DEBUG - org.springframework.security.web.FilterChainProxy - Secured POST /api/login
2026-03-09 20:37:30 - DEBUG - org.springframework.security.authentication.dao.DaoAuthenticationProvider - Authenticated user
2026-03-09 20:37:30 - DEBUG - org.springframework.security.web.FilterChainProxy - Securing POST /api/member/order
2026-03-09 20:37:30 - DEBUG - org.springframework.security.web.FilterChainProxy - Secured POST /api/member/order
2026-03-09 20:37:30 - DEBUG - org.springframework.security.web.FilterChainProxy - Securing POST /api/login
2026-03-09 20:37:30 - DEBUG - org.springframework.security.web.authentication.AnonymousAuthenticationFilter - Set SecurityContextHolder to anonymous SecurityContext
2026-03-09 20:37:30 - DEBUG - org.springframework.security.web.FilterChainProxy - Secured POST /api/login
2026-03-09 20:37:30 - DEBUG - org.springframework.security.authentication.dao.DaoAuthenticationProvider - Authenticated user
2026-03-09 20:37:30 - DEBUG - org.springframework.security.web.FilterChainProxy - Securing POST /api/login
2026-03-09 20:37:30 - DEBUG - org.springframework.security.web.authentication.AnonymousAuthenticationFilter - Set SecurityContextHolder to anonymous SecurityContext
2026-03-09 20:37:30 - DEBUG - org.springframework.security.web.FilterChainProxy - Secured POST /api/login
2026-03-09 20:37:31 - DEBUG - org.springframework.security.authentication.dao.DaoAuthenticationProvider - Authenticated user
2026-03-09 20:37:31 - DEBUG - org.springframework.security.web.FilterChainProxy - Securing GET /api/member/order
2026-03-09 20:37:31 - DEBUG - org.springframework.security.web.authentication.AnonymousAuthenticationFilter - Set SecurityContextHolder to anonymous SecurityContext
2026-03-09 20:37:31 - DEBUG - org.springframework.security.web.FilterChainProxy - Securing POST /api/login
2026-03-09 20:37:31 - DEBUG - org.springframework.security.web.authentication.AnonymousAuthenticationFilter - Set SecurityContextHolder to anonymous SecurityContext
2026-03-09 20:37:31 - DEBUG - org.springframework.security.web.FilterChainProxy - Secured POST /api/login
2026-03-09 20:37:31 - DEBUG - org.springframework.security.authentication.dao.DaoAuthenticationProvider - Authenticated user
2026-03-09 20:37:31 - DEBUG - org.springframework.security.web.FilterChainProxy - Securing POST /api/login
2026-03-09 20:37:31 - DEBUG - org.springframework.security.web.authentication.AnonymousAuthenticationFilter - Set SecurityContextHolder to anonymous SecurityContext
2026-03-09 20:37:31 - DEBUG - org.springframework.security.web.FilterChainProxy - Secured POST /api/login
2026-03-09 20:37:32 - DEBUG - org.springframework.security.authentication.dao.DaoAuthenticationProvider - Authenticated user
2026-03-09 20:37:32 - DEBUG - org.springframework.security.web.FilterChainProxy - Securing POST /api/member/order
2026-03-09 20:37:32 - DEBUG - org.springframework.security.web.FilterChainProxy - Secured POST /api/member/order
2026-03-09 20:37:32 - DEBUG - org.springframework.security.web.FilterChainProxy - Securing POST /api/login
2026-03-09 20:37:32 - DEBUG - org.springframework.security.web.authentication.AnonymousAuthenticationFilter - Set SecurityContextHolder to anonymous SecurityContext
2026-03-09 20:37:32 - DEBUG - org.springframework.security.web.FilterChainProxy - Secured POST /api/login
2026-03-09 20:37:32 - DEBUG - org.springframework.security.authentication.dao.DaoAuthenticationProvider - Authenticated user
2026-03-09 20:37:32 - DEBUG - org.springframework.security.web.FilterChainProxy - Securing POST /api/login
2026-03-09 20:37:32 - DEBUG - org.springframework.security.web.authentication.AnonymousAuthenticationFilter - Set SecurityContextHolder to anonymous SecurityContext
2026-03-09 20:37:32 - DEBUG - org.springframework.security.web.FilterChainProxy - Secured POST /api/login
2026-03-09 20:37:33 - DEBUG - org.springframework.security.authentication.dao.DaoAuthenticationProvider - Authenticated user
2026-03-09 20:37:33 - DEBUG - org.springframework.security.web.FilterChainProxy - Securing POST /api/member/order
2026-03-09 20:37:33 - DEBUG - org.springframework.security.web.FilterChainProxy - Secured POST /api/member/order
2026-03-09 20:37:33 - DEBUG - org.springframework.security.web.FilterChainProxy - Securing POST /api/login
2026-03-09 20:37:33 - DEBUG - org.springframework.security.web.authentication.AnonymousAuthenticationFilter - Set SecurityContextHolder to anonymous SecurityContext
2026-03-09 20:37:33 - DEBUG - org.springframework.security.web.FilterChainProxy - Secured POST /api/login
2026-03-09 20:37:33 - DEBUG - org.springframework.security.authentication.dao.DaoAuthenticationProvider - Authenticated user
2026-03-09 20:37:33 - DEBUG - org.springframework.security.web.FilterChainProxy - Securing POST /api/login
2026-03-09 20:37:33 - DEBUG - org.springframework.security.web.authentication.AnonymousAuthenticationFilter - Set SecurityContextHolder to anonymous SecurityContext
2026-03-09 20:37:33 - DEBUG - org.springframework.security.web.FilterChainProxy - Secured POST /api/login
2026-03-09 20:37:34 - DEBUG - org.springframework.security.authentication.dao.DaoAuthenticationProvider - Authenticated user
2026-03-09 20:37:34 - DEBUG - org.springframework.security.web.FilterChainProxy - Securing POST /api/member/order
2026-03-09 20:37:34 - DEBUG - org.springframework.security.web.FilterChainProxy - Secured POST /api/member/order
2026-03-09 20:37:34 - DEBUG - org.springframework.security.web.FilterChainProxy - Securing POST /api/login
2026-03-09 20:37:34 - DEBUG - org.springframework.security.web.authentication.AnonymousAuthenticationFilter - Set SecurityContextHolder to anonymous SecurityContext
2026-03-09 20:37:34 - DEBUG - org.springframework.security.web.FilterChainProxy - Secured POST /api/login
2026-03-09 20:37:34 - DEBUG - org.springframework.security.authentication.dao.DaoAuthenticationProvider - Authenticated user
2026-03-09 20:37:34 - DEBUG - org.springframework.security.web.FilterChainProxy - Securing POST /api/login
2026-03-09 20:37:34 - DEBUG - org.springframework.security.web.authentication.AnonymousAuthenticationFilter - Set SecurityContextHolder to anonymous SecurityContext
2026-03-09 20:37:34 - DEBUG - org.springframework.security.web.FilterChainProxy - Secured POST /api/login
2026-03-09 20:37:35 - DEBUG - org.springframework.security.authentication.dao.DaoAuthenticationProvider - Authenticated user
2026-03-09 20:37:35 - DEBUG - org.springframework.security.web.FilterChainProxy - Securing POST /api/member/order
2026-03-09 20:37:35 - DEBUG - org.springframework.security.web.authentication.AnonymousAuthenticationFilter - Set SecurityContextHolder to anonymous SecurityContext
2026-03-09 20:37:35 - DEBUG - org.springframework.security.web.FilterChainProxy - Securing POST /api/login
2026-03-09 20:37:35 - DEBUG - org.springframework.security.web.authentication.AnonymousAuthenticationFilter - Set SecurityContextHolder to anonymous SecurityContext
2026-03-09 20:37:35 - DEBUG - org.springframework.security.web.FilterChainProxy - Secured POST /api/login
2026-03-09 20:37:35 - DEBUG - org.springframework.security.authentication.dao.DaoAuthenticationProvider - Authenticated user
2026-03-09 20:37:35 - DEBUG - org.springframework.security.web.FilterChainProxy - Securing POST /api/login
2026-03-09 20:37:35 - DEBUG - org.springframework.security.web.authentication.AnonymousAuthenticationFilter - Set SecurityContextHolder to anonymous SecurityContext
2026-03-09 20:37:35 - DEBUG - org.springframework.security.web.FilterChainProxy - Secured POST /api/login
2026-03-09 20:37:36 - DEBUG - org.springframework.security.authentication.dao.DaoAuthenticationProvider - Authenticated user
2026-03-09 20:37:36 - DEBUG - org.springframework.security.web.FilterChainProxy - Securing POST /api/member/order
2026-03-09 20:37:36 - DEBUG - org.springframework.security.web.FilterChainProxy - Secured POST /api/member/order
2026-03-09 20:37:36 - DEBUG - org.springframework.security.web.FilterChainProxy - Securing POST /api/login
2026-03-09 20:37:36 - DEBUG - org.springframework.security.web.authentication.AnonymousAuthenticationFilter - Set SecurityContextHolder to anonymous SecurityContext
2026-03-09 20:37:36 - DEBUG - org.springframework.security.web.FilterChainProxy - Secured POST /api/login
2026-03-09 20:37:36 - DEBUG - org.springframework.security.authentication.dao.DaoAuthenticationProvider - Authenticated user
2026-03-09 20:37:36 - DEBUG - org.springframework.security.web.FilterChainProxy - Securing POST /api/login
2026-03-09 20:37:36 - DEBUG - org.springframework.security.web.authentication.AnonymousAuthenticationFilter - Set SecurityContextHolder to anonymous SecurityContext
2026-03-09 20:37:36 - DEBUG - org.springframework.security.web.FilterChainProxy - Secured POST /api/login
2026-03-09 20:37:37 - DEBUG - org.springframework.security.authentication.dao.DaoAuthenticationProvider - Authenticated user
2026-03-09 20:37:37 - DEBUG - org.springframework.security.web.FilterChainProxy - Securing POST /api/login
2026-03-09 20:37:37 - DEBUG - org.springframework.security.web.authentication.AnonymousAuthenticationFilter - Set SecurityContextHolder to anonymous SecurityContext
2026-03-09 20:37:37 - DEBUG - org.springframework.security.web.FilterChainProxy - Secured POST /api/login
2026-03-09 20:37:37 - DEBUG - org.springframework.security.authentication.dao.DaoAuthenticationProvider - Authenticated user
2026-03-09 20:37:37 - DEBUG - org.springframework.security.web.FilterChainProxy - Securing POST /api/member/order
2026-03-09 20:37:37 - DEBUG - org.springframework.security.web.FilterChainProxy - Secured POST /api/member/order
2026-03-09 20:37:37 - DEBUG - org.springframework.security.web.FilterChainProxy - Securing POST /api/login
2026-03-09 20:37:37 - DEBUG - org.springframework.security.web.authentication.AnonymousAuthenticationFilter - Set SecurityContextHolder to anonymous SecurityContext
2026-03-09 20:37:37 - DEBUG - org.springframework.security.web.FilterChainProxy - Secured POST /api/login
2026-03-09 20:37:38 - DEBUG - org.springframework.security.authentication.dao.DaoAuthenticationProvider - Authenticated user
2026-03-09 20:37:38 - DEBUG - org.springframework.security.web.FilterChainProxy - Securing POST /api/login
2026-03-09 20:37:38 - DEBUG - org.springframework.security.web.authentication.AnonymousAuthenticationFilter - Set SecurityContextHolder to anonymous SecurityContext
2026-03-09 20:37:38 - DEBUG - org.springframework.security.web.FilterChainProxy - Secured POST /api/login
2026-03-09 20:37:38 - DEBUG - org.springframework.security.authentication.dao.DaoAuthenticationProvider - Authenticated user
2026-03-09 20:37:38 - DEBUG - org.springframework.security.web.FilterChainProxy - Securing POST /api/member/order
2026-03-09 20:37:38 - DEBUG - org.springframework.security.web.FilterChainProxy - Secured POST /api/member/order
2026-03-09 20:37:38 - DEBUG - org.springframework.security.web.FilterChainProxy - Securing POST /api/login
2026-03-09 20:37:38 - DEBUG - org.springframework.security.web.authentication.AnonymousAuthenticationFilter - Set SecurityContextHolder to anonymous SecurityContext
2026-03-09 20:37:38 - DEBUG - org.springframework.security.web.FilterChainProxy - Secured POST /api/login
2026-03-09 20:37:39 - DEBUG - org.springframework.security.authentication.dao.DaoAuthenticationProvider - Authenticated user
2026-03-09 20:37:39 - DEBUG - org.springframework.security.web.FilterChainProxy - Securing POST /api/login
2026-03-09 20:37:39 - DEBUG - org.springframework.security.web.authentication.AnonymousAuthenticationFilter - Set SecurityContextHolder to anonymous SecurityContext
2026-03-09 20:37:39 - DEBUG - org.springframework.security.web.FilterChainProxy - Secured POST /api/login
2026-03-09 20:37:39 - DEBUG - org.springframework.security.authentication.dao.DaoAuthenticationProvider - Authenticated user
2026-03-09 20:37:39 - DEBUG - org.springframework.security.web.FilterChainProxy - Securing GET /api/admin/order
2026-03-09 20:37:39 - DEBUG - org.springframework.security.web.access.AccessDeniedHandlerImpl - Responding with 403 status code
2026-03-09 20:37:39 - INFO - org.springframework.orm.jpa.LocalContainerEntityManagerFactoryBean - Closing JPA EntityManagerFactory for persistence unit 'default'
2026-03-09 20:37:39 - INFO - com.zaxxer.hikari.HikariDataSource - HikariPool-1 - Shutdown initiated...
2026-03-09 20:37:39 - INFO - com.zaxxer.hikari.HikariDataSource - HikariPool-1 - Shutdown completed.
2026-03-09 20:38:53 - INFO - com.gotcha.gotcha_api.controller.OrderControllerIntegrationTest - Starting OrderControllerIntegrationTest using Java 23.0.1 with PID 28852 (started by Maksym in G:\Work\gotcha-cafe\gotcha-api\gotcha-api)
2026-03-09 20:38:53 - DEBUG - com.gotcha.gotcha_api.controller.OrderControllerIntegrationTest - Running with Spring Boot v4.0.2, Spring v7.0.3
2026-03-09 20:38:53 - INFO - com.gotcha.gotcha_api.controller.OrderControllerIntegrationTest - The following 1 profile is active: "test"
2026-03-09 20:38:54 - INFO - org.springframework.data.repository.config.RepositoryConfigurationDelegate - Bootstrapping Spring Data JPA repositories in DEFAULT mode.
2026-03-09 20:38:54 - INFO - org.springframework.data.repository.config.RepositoryConfigurationDelegate - Finished Spring Data repository scanning in 105 ms. Found 6 JPA repository interfaces.
2026-03-09 20:38:58 - INFO - org.hibernate.orm.jpa - HHH008540: Processing PersistenceUnitInfo [name: default]
2026-03-09 20:38:58 - INFO - org.hibernate.orm.core - HHH000001: Hibernate ORM core version 7.2.1.Final
2026-03-09 20:38:59 - INFO - org.springframework.orm.jpa.persistenceunit.SpringPersistenceUnitInfo - No LoadTimeWeaver setup: ignoring JPA class transformer
2026-03-09 20:38:59 - INFO - com.zaxxer.hikari.HikariDataSource - HikariPool-1 - Starting...
2026-03-09 20:38:59 - INFO - com.zaxxer.hikari.pool.HikariPool - HikariPool-1 - Added connection conn0: url=jdbc:h2:mem:testdb user=POSTGRES
2026-03-09 20:38:59 - INFO - com.zaxxer.hikari.HikariDataSource - HikariPool-1 - Start completed.
2026-03-09 20:39:00 - INFO - org.hibernate.orm.connections.pooling - HHH10001005: Database info:
	Database JDBC URL [jdbc:h2:mem:testdb]
	Database driver: H2 JDBC Driver
	Database dialect: H2Dialect
	Database version: 2.4.240
	Default catalog/schema: testdb/public
	Autocommit mode: undefined/unknown
	Isolation level: READ_COMMITTED [default READ_COMMITTED]
	JDBC fetch size: 100
	Pool: DataSourceConnectionProvider
	Minimum pool size: undefined/unknown
	Maximum pool size: undefined/unknown
2026-03-09 20:39:02 - INFO - org.hibernate.orm.core - HHH000489: No JTA platform available (set 'hibernate.transaction.jta.platform' to enable JTA platform integration)
2026-03-09 20:39:02 - INFO - org.springframework.orm.jpa.LocalContainerEntityManagerFactoryBean - Initialized JPA EntityManagerFactory for persistence unit 'default'
2026-03-09 20:39:02 - INFO - org.springframework.data.jpa.repository.query.QueryEnhancerFactories - Hibernate is in classpath; If applicable, HQL parser will be used.
2026-03-09 20:39:02 - INFO - com.gotcha.gotcha_api.service.JWTService - Generated key length: 256 bits
2026-03-09 20:39:03 - INFO - org.springframework.security.config.annotation.authentication.configuration.InitializeAuthenticationProviderBeanManagerConfigurer$InitializeAuthenticationProviderManagerConfigurer - Global AuthenticationManager configured with AuthenticationProvider bean with name authProvider
2026-03-09 20:39:03 - WARN - org.springframework.security.config.annotation.authentication.configuration.InitializeUserDetailsBeanManagerConfigurer$InitializeUserDetailsManagerConfigurer - Global AuthenticationManager configured with an AuthenticationProvider bean. UserDetailsService beans will not be used by Spring Security for automatically configuring username/password login. Consider removing the AuthenticationProvider bean. Alternatively, consider using the UserDetailsService in a manually instantiated DaoAuthenticationProvider. If the current configuration is intentional, to turn off this warning, increase the logging level of 'org.springframework.security.config.annotation.authentication.configuration.InitializeUserDetailsBeanManagerConfigurer' to ERROR
2026-03-09 20:39:04 - WARN - org.springframework.boot.jpa.autoconfigure.JpaBaseConfiguration$JpaWebConfiguration - spring.jpa.open-in-view is enabled by default. Therefore, database queries may be performed during view rendering. Explicitly configure spring.jpa.open-in-view to disable this warning
2026-03-09 20:39:05 - DEBUG - org.springframework.security.web.DefaultSecurityFilterChain - Will secure any request with filters: DisableEncodeUrlFilter, WebAsyncManagerIntegrationFilter, SecurityContextHolderFilter, HeaderWriterFilter, LogoutFilter, JWTFilter, RequestCacheAwareFilter, SecurityContextHolderAwareRequestFilter, AnonymousAuthenticationFilter, SessionManagementFilter, ExceptionTranslationFilter, AuthorizationFilter
2026-03-09 20:39:06 - DEBUG - com.gotcha.gotcha_api.securityConfig.JWTFilter - Filter 'JWTFilter' configured for use
2026-03-09 20:39:06 - INFO - org.springframework.boot.test.mock.web.SpringBootMockServletContext - Initializing Spring TestDispatcherServlet ''
2026-03-09 20:39:06 - INFO - org.springframework.test.web.servlet.TestDispatcherServlet - Initializing Servlet ''
2026-03-09 20:39:06 - INFO - org.springframework.test.web.servlet.TestDispatcherServlet - Completed initialization in 0 ms
2026-03-09 20:39:06 - INFO - com.gotcha.gotcha_api.controller.OrderControllerIntegrationTest - Started OrderControllerIntegrationTest in 14.382 seconds (process running for 19.098)
2026-03-09 20:39:06 - INFO - org.springframework.orm.jpa.LocalContainerEntityManagerFactoryBean - Closing JPA EntityManagerFactory for persistence unit 'default'
2026-03-09 20:39:06 - INFO - com.zaxxer.hikari.HikariDataSource - HikariPool-1 - Shutdown initiated...
2026-03-09 20:39:06 - INFO - com.zaxxer.hikari.HikariDataSource - HikariPool-1 - Shutdown completed.
2026-03-09 20:39:29 - INFO - com.gotcha.gotcha_api.controller.OrderControllerIntegrationTest - Starting OrderControllerIntegrationTest using Java 23.0.1 with PID 24080 (started by Maksym in G:\Work\gotcha-cafe\gotcha-api\gotcha-api)
2026-03-09 20:39:29 - DEBUG - com.gotcha.gotcha_api.controller.OrderControllerIntegrationTest - Running with Spring Boot v4.0.2, Spring v7.0.3
2026-03-09 20:39:29 - INFO - com.gotcha.gotcha_api.controller.OrderControllerIntegrationTest - The following 1 profile is active: "test"
2026-03-09 20:39:30 - INFO - org.springframework.data.repository.config.RepositoryConfigurationDelegate - Bootstrapping Spring Data JPA repositories in DEFAULT mode.
2026-03-09 20:39:30 - INFO - org.springframework.data.repository.config.RepositoryConfigurationDelegate - Finished Spring Data repository scanning in 92 ms. Found 6 JPA repository interfaces.
2026-03-09 20:39:32 - INFO - org.hibernate.orm.jpa - HHH008540: Processing PersistenceUnitInfo [name: default]
2026-03-09 20:39:32 - INFO - org.hibernate.orm.core - HHH000001: Hibernate ORM core version 7.2.1.Final
2026-03-09 20:39:33 - INFO - org.springframework.orm.jpa.persistenceunit.SpringPersistenceUnitInfo - No LoadTimeWeaver setup: ignoring JPA class transformer
2026-03-09 20:39:33 - INFO - com.zaxxer.hikari.HikariDataSource - HikariPool-1 - Starting...
2026-03-09 20:39:33 - INFO - com.zaxxer.hikari.pool.HikariPool - HikariPool-1 - Added connection conn0: url=jdbc:h2:mem:testdb user=POSTGRES
2026-03-09 20:39:33 - INFO - com.zaxxer.hikari.HikariDataSource - HikariPool-1 - Start completed.
2026-03-09 20:39:34 - INFO - org.hibernate.orm.connections.pooling - HHH10001005: Database info:
	Database JDBC URL [jdbc:h2:mem:testdb]
	Database driver: H2 JDBC Driver
	Database dialect: H2Dialect
	Database version: 2.4.240
	Default catalog/schema: testdb/public
	Autocommit mode: undefined/unknown
	Isolation level: READ_COMMITTED [default READ_COMMITTED]
	JDBC fetch size: 100
	Pool: DataSourceConnectionProvider
	Minimum pool size: undefined/unknown
	Maximum pool size: undefined/unknown
2026-03-09 20:39:35 - INFO - org.hibernate.orm.core - HHH000489: No JTA platform available (set 'hibernate.transaction.jta.platform' to enable JTA platform integration)
2026-03-09 20:39:35 - INFO - org.springframework.orm.jpa.LocalContainerEntityManagerFactoryBean - Initialized JPA EntityManagerFactory for persistence unit 'default'
2026-03-09 20:39:35 - INFO - org.springframework.data.jpa.repository.query.QueryEnhancerFactories - Hibernate is in classpath; If applicable, HQL parser will be used.
2026-03-09 20:39:36 - INFO - com.gotcha.gotcha_api.service.JWTService - Generated key length: 256 bits
2026-03-09 20:39:36 - INFO - org.springframework.security.config.annotation.authentication.configuration.InitializeAuthenticationProviderBeanManagerConfigurer$InitializeAuthenticationProviderManagerConfigurer - Global AuthenticationManager configured with AuthenticationProvider bean with name authProvider
2026-03-09 20:39:36 - WARN - org.springframework.security.config.annotation.authentication.configuration.InitializeUserDetailsBeanManagerConfigurer$InitializeUserDetailsManagerConfigurer - Global AuthenticationManager configured with an AuthenticationProvider bean. UserDetailsService beans will not be used by Spring Security for automatically configuring username/password login. Consider removing the AuthenticationProvider bean. Alternatively, consider using the UserDetailsService in a manually instantiated DaoAuthenticationProvider. If the current configuration is intentional, to turn off this warning, increase the logging level of 'org.springframework.security.config.annotation.authentication.configuration.InitializeUserDetailsBeanManagerConfigurer' to ERROR
2026-03-09 20:39:37 - WARN - org.springframework.boot.jpa.autoconfigure.JpaBaseConfiguration$JpaWebConfiguration - spring.jpa.open-in-view is enabled by default. Therefore, database queries may be performed during view rendering. Explicitly configure spring.jpa.open-in-view to disable this warning
2026-03-09 20:39:37 - DEBUG - org.springframework.security.web.DefaultSecurityFilterChain - Will secure any request with filters: DisableEncodeUrlFilter, WebAsyncManagerIntegrationFilter, SecurityContextHolderFilter, HeaderWriterFilter, LogoutFilter, JWTFilter, RequestCacheAwareFilter, SecurityContextHolderAwareRequestFilter, AnonymousAuthenticationFilter, SessionManagementFilter, ExceptionTranslationFilter, AuthorizationFilter
2026-03-09 20:39:38 - DEBUG - com.gotcha.gotcha_api.securityConfig.JWTFilter - Filter 'JWTFilter' configured for use
2026-03-09 20:39:38 - INFO - org.springframework.boot.test.mock.web.SpringBootMockServletContext - Initializing Spring TestDispatcherServlet ''
2026-03-09 20:39:38 - INFO - org.springframework.test.web.servlet.TestDispatcherServlet - Initializing Servlet ''
2026-03-09 20:39:38 - INFO - org.springframework.test.web.servlet.TestDispatcherServlet - Completed initialization in 2 ms
2026-03-09 20:39:38 - INFO - com.gotcha.gotcha_api.controller.OrderControllerIntegrationTest - Started OrderControllerIntegrationTest in 9.815 seconds (process running for 12.617)
2026-03-09 20:39:39 - DEBUG - org.springframework.security.web.FilterChainProxy - Securing POST /api/login
2026-03-09 20:39:39 - DEBUG - org.springframework.security.web.authentication.AnonymousAuthenticationFilter - Set SecurityContextHolder to anonymous SecurityContext
2026-03-09 20:39:39 - DEBUG - org.springframework.security.web.FilterChainProxy - Secured POST /api/login
2026-03-09 20:39:40 - DEBUG - org.springframework.security.authentication.dao.DaoAuthenticationProvider - Authenticated user
2026-03-09 20:39:40 - DEBUG - org.springframework.security.web.FilterChainProxy - Securing POST /api/login
2026-03-09 20:39:40 - DEBUG - org.springframework.security.web.authentication.AnonymousAuthenticationFilter - Set SecurityContextHolder to anonymous SecurityContext
2026-03-09 20:39:40 - DEBUG - org.springframework.security.web.FilterChainProxy - Secured POST /api/login
2026-03-09 20:39:40 - DEBUG - org.springframework.security.authentication.dao.DaoAuthenticationProvider - Authenticated user
2026-03-09 20:39:40 - DEBUG - org.springframework.security.web.FilterChainProxy - Securing POST /api/member/order
2026-03-09 20:39:40 - DEBUG - org.springframework.security.web.FilterChainProxy - Secured POST /api/member/order
2026-03-09 20:39:41 - DEBUG - org.springframework.security.web.FilterChainProxy - Securing POST /api/login
2026-03-09 20:39:41 - DEBUG - org.springframework.security.web.authentication.AnonymousAuthenticationFilter - Set SecurityContextHolder to anonymous SecurityContext
2026-03-09 20:39:41 - DEBUG - org.springframework.security.web.FilterChainProxy - Secured POST /api/login
2026-03-09 20:39:41 - DEBUG - org.springframework.security.authentication.dao.DaoAuthenticationProvider - Authenticated user
2026-03-09 20:39:41 - DEBUG - org.springframework.security.web.FilterChainProxy - Securing POST /api/login
2026-03-09 20:39:41 - DEBUG - org.springframework.security.web.authentication.AnonymousAuthenticationFilter - Set SecurityContextHolder to anonymous SecurityContext
2026-03-09 20:39:41 - DEBUG - org.springframework.security.web.FilterChainProxy - Secured POST /api/login
2026-03-09 20:39:42 - DEBUG - org.springframework.security.authentication.dao.DaoAuthenticationProvider - Authenticated user
2026-03-09 20:39:42 - DEBUG - org.springframework.security.web.FilterChainProxy - Securing GET /api/admin/order/9999
2026-03-09 20:39:42 - DEBUG - org.springframework.security.web.FilterChainProxy - Secured GET /api/admin/order/9999
2026-03-09 20:39:42 - DEBUG - org.springframework.security.web.FilterChainProxy - Securing POST /api/login
2026-03-09 20:39:42 - DEBUG - org.springframework.security.web.authentication.AnonymousAuthenticationFilter - Set SecurityContextHolder to anonymous SecurityContext
2026-03-09 20:39:42 - DEBUG - org.springframework.security.web.FilterChainProxy - Secured POST /api/login
2026-03-09 20:39:42 - DEBUG - org.springframework.security.authentication.dao.DaoAuthenticationProvider - Authenticated user
2026-03-09 20:39:43 - DEBUG - org.springframework.security.web.FilterChainProxy - Securing POST /api/login
2026-03-09 20:39:43 - DEBUG - org.springframework.security.web.authentication.AnonymousAuthenticationFilter - Set SecurityContextHolder to anonymous SecurityContext
2026-03-09 20:39:43 - DEBUG - org.springframework.security.web.FilterChainProxy - Secured POST /api/login
2026-03-09 20:39:43 - DEBUG - org.springframework.security.authentication.dao.DaoAuthenticationProvider - Authenticated user
2026-03-09 20:39:43 - DEBUG - org.springframework.security.web.FilterChainProxy - Securing POST /api/member/order
2026-03-09 20:39:43 - DEBUG - org.springframework.security.web.FilterChainProxy - Secured POST /api/member/order
2026-03-09 20:39:43 - DEBUG - org.springframework.security.web.FilterChainProxy - Securing POST /api/login
2026-03-09 20:39:43 - DEBUG - org.springframework.security.web.authentication.AnonymousAuthenticationFilter - Set SecurityContextHolder to anonymous SecurityContext
2026-03-09 20:39:43 - DEBUG - org.springframework.security.web.FilterChainProxy - Secured POST /api/login
2026-03-09 20:39:44 - DEBUG - org.springframework.security.authentication.dao.DaoAuthenticationProvider - Authenticated user
2026-03-09 20:39:44 - DEBUG - org.springframework.security.web.FilterChainProxy - Securing POST /api/login
2026-03-09 20:39:44 - DEBUG - org.springframework.security.web.authentication.AnonymousAuthenticationFilter - Set SecurityContextHolder to anonymous SecurityContext
2026-03-09 20:39:44 - DEBUG - org.springframework.security.web.FilterChainProxy - Secured POST /api/login
2026-03-09 20:39:44 - DEBUG - org.springframework.security.authentication.dao.DaoAuthenticationProvider - Authenticated user
2026-03-09 20:39:44 - DEBUG - org.springframework.security.web.FilterChainProxy - Securing GET /api/member/order
2026-03-09 20:39:44 - DEBUG - org.springframework.security.web.FilterChainProxy - Secured GET /api/member/order
2026-03-09 20:39:44 - DEBUG - org.springframework.security.web.FilterChainProxy - Securing POST /api/login
2026-03-09 20:39:44 - DEBUG - org.springframework.security.web.authentication.AnonymousAuthenticationFilter - Set SecurityContextHolder to anonymous SecurityContext
2026-03-09 20:39:44 - DEBUG - org.springframework.security.web.FilterChainProxy - Secured POST /api/login
2026-03-09 20:39:45 - DEBUG - org.springframework.security.authentication.dao.DaoAuthenticationProvider - Authenticated user
2026-03-09 20:39:45 - DEBUG - org.springframework.security.web.FilterChainProxy - Securing POST /api/login
2026-03-09 20:39:45 - DEBUG - org.springframework.security.web.authentication.AnonymousAuthenticationFilter - Set SecurityContextHolder to anonymous SecurityContext
2026-03-09 20:39:45 - DEBUG - org.springframework.security.web.FilterChainProxy - Secured POST /api/login
2026-03-09 20:39:45 - DEBUG - org.springframework.security.authentication.dao.DaoAuthenticationProvider - Authenticated user
2026-03-09 20:39:45 - DEBUG - org.springframework.security.web.FilterChainProxy - Securing GET /api/admin/order/1
2026-03-09 20:39:45 - DEBUG - org.springframework.security.web.access.AccessDeniedHandlerImpl - Responding with 403 status code
2026-03-09 20:39:45 - DEBUG - org.springframework.security.web.FilterChainProxy - Securing POST /api/login
2026-03-09 20:39:45 - DEBUG - org.springframework.security.web.authentication.AnonymousAuthenticationFilter - Set SecurityContextHolder to anonymous SecurityContext
2026-03-09 20:39:45 - DEBUG - org.springframework.security.web.FilterChainProxy - Secured POST /api/login
2026-03-09 20:39:46 - DEBUG - org.springframework.security.authentication.dao.DaoAuthenticationProvider - Authenticated user
2026-03-09 20:39:46 - DEBUG - org.springframework.security.web.FilterChainProxy - Securing POST /api/login
2026-03-09 20:39:46 - DEBUG - org.springframework.security.web.authentication.AnonymousAuthenticationFilter - Set SecurityContextHolder to anonymous SecurityContext
2026-03-09 20:39:46 - DEBUG - org.springframework.security.web.FilterChainProxy - Secured POST /api/login
2026-03-09 20:39:46 - DEBUG - org.springframework.security.authentication.dao.DaoAuthenticationProvider - Authenticated user
2026-03-09 20:39:46 - DEBUG - org.springframework.security.web.FilterChainProxy - Securing POST /api/member/order
2026-03-09 20:39:46 - DEBUG - org.springframework.security.web.FilterChainProxy - Secured POST /api/member/order
2026-03-09 20:39:46 - DEBUG - org.springframework.security.web.FilterChainProxy - Securing POST /api/login
2026-03-09 20:39:46 - DEBUG - org.springframework.security.web.authentication.AnonymousAuthenticationFilter - Set SecurityContextHolder to anonymous SecurityContext
2026-03-09 20:39:46 - DEBUG - org.springframework.security.web.FilterChainProxy - Secured POST /api/login
2026-03-09 20:39:47 - DEBUG - org.springframework.security.authentication.dao.DaoAuthenticationProvider - Authenticated user
2026-03-09 20:39:47 - DEBUG - org.springframework.security.web.FilterChainProxy - Securing POST /api/login
2026-03-09 20:39:47 - DEBUG - org.springframework.security.web.authentication.AnonymousAuthenticationFilter - Set SecurityContextHolder to anonymous SecurityContext
2026-03-09 20:39:47 - DEBUG - org.springframework.security.web.FilterChainProxy - Secured POST /api/login
2026-03-09 20:39:47 - DEBUG - org.springframework.security.authentication.dao.DaoAuthenticationProvider - Authenticated user
2026-03-09 20:39:47 - DEBUG - org.springframework.security.web.FilterChainProxy - Securing GET /api/member/order
2026-03-09 20:39:47 - DEBUG - org.springframework.security.web.authentication.AnonymousAuthenticationFilter - Set SecurityContextHolder to anonymous SecurityContext
2026-03-09 20:39:47 - DEBUG - org.springframework.security.web.FilterChainProxy - Securing POST /api/login
2026-03-09 20:39:47 - DEBUG - org.springframework.security.web.authentication.AnonymousAuthenticationFilter - Set SecurityContextHolder to anonymous SecurityContext
2026-03-09 20:39:47 - DEBUG - org.springframework.security.web.FilterChainProxy - Secured POST /api/login
2026-03-09 20:39:48 - DEBUG - org.springframework.security.authentication.dao.DaoAuthenticationProvider - Authenticated user
2026-03-09 20:39:48 - DEBUG - org.springframework.security.web.FilterChainProxy - Securing POST /api/login
2026-03-09 20:39:48 - DEBUG - org.springframework.security.web.authentication.AnonymousAuthenticationFilter - Set SecurityContextHolder to anonymous SecurityContext
2026-03-09 20:39:48 - DEBUG - org.springframework.security.web.FilterChainProxy - Secured POST /api/login
2026-03-09 20:39:48 - DEBUG - org.springframework.security.authentication.dao.DaoAuthenticationProvider - Authenticated user
2026-03-09 20:39:48 - DEBUG - org.springframework.security.web.FilterChainProxy - Securing POST /api/member/order
2026-03-09 20:39:48 - DEBUG - org.springframework.security.web.FilterChainProxy - Secured POST /api/member/order
2026-03-09 20:39:48 - DEBUG - org.springframework.security.web.FilterChainProxy - Securing POST /api/login
2026-03-09 20:39:48 - DEBUG - org.springframework.security.web.authentication.AnonymousAuthenticationFilter - Set SecurityContextHolder to anonymous SecurityContext
2026-03-09 20:39:48 - DEBUG - org.springframework.security.web.FilterChainProxy - Secured POST /api/login
2026-03-09 20:39:49 - DEBUG - org.springframework.security.authentication.dao.DaoAuthenticationProvider - Authenticated user
2026-03-09 20:39:49 - DEBUG - org.springframework.security.web.FilterChainProxy - Securing POST /api/login
2026-03-09 20:39:49 - DEBUG - org.springframework.security.web.authentication.AnonymousAuthenticationFilter - Set SecurityContextHolder to anonymous SecurityContext
2026-03-09 20:39:49 - DEBUG - org.springframework.security.web.FilterChainProxy - Secured POST /api/login
2026-03-09 20:39:49 - DEBUG - org.springframework.security.authentication.dao.DaoAuthenticationProvider - Authenticated user
2026-03-09 20:39:49 - DEBUG - org.springframework.security.web.FilterChainProxy - Securing POST /api/member/order
2026-03-09 20:39:49 - DEBUG - org.springframework.security.web.FilterChainProxy - Secured POST /api/member/order
2026-03-09 20:39:49 - DEBUG - org.springframework.security.web.FilterChainProxy - Securing POST /api/login
2026-03-09 20:39:49 - DEBUG - org.springframework.security.web.authentication.AnonymousAuthenticationFilter - Set SecurityContextHolder to anonymous SecurityContext
2026-03-09 20:39:49 - DEBUG - org.springframework.security.web.FilterChainProxy - Secured POST /api/login
2026-03-09 20:39:50 - DEBUG - org.springframework.security.authentication.dao.DaoAuthenticationProvider - Authenticated user
2026-03-09 20:39:50 - DEBUG - org.springframework.security.web.FilterChainProxy - Securing POST /api/login
2026-03-09 20:39:50 - DEBUG - org.springframework.security.web.authentication.AnonymousAuthenticationFilter - Set SecurityContextHolder to anonymous SecurityContext
2026-03-09 20:39:50 - DEBUG - org.springframework.security.web.FilterChainProxy - Secured POST /api/login
2026-03-09 20:39:50 - DEBUG - org.springframework.security.authentication.dao.DaoAuthenticationProvider - Authenticated user
2026-03-09 20:39:50 - DEBUG - org.springframework.security.web.FilterChainProxy - Securing POST /api/member/order
2026-03-09 20:39:50 - DEBUG - org.springframework.security.web.FilterChainProxy - Secured POST /api/member/order
2026-03-09 20:39:50 - DEBUG - org.springframework.security.web.FilterChainProxy - Securing POST /api/login
2026-03-09 20:39:50 - DEBUG - org.springframework.security.web.authentication.AnonymousAuthenticationFilter - Set SecurityContextHolder to anonymous SecurityContext
2026-03-09 20:39:50 - DEBUG - org.springframework.security.web.FilterChainProxy - Secured POST /api/login
2026-03-09 20:39:51 - DEBUG - org.springframework.security.authentication.dao.DaoAuthenticationProvider - Authenticated user
2026-03-09 20:39:51 - DEBUG - org.springframework.security.web.FilterChainProxy - Securing POST /api/login
2026-03-09 20:39:51 - DEBUG - org.springframework.security.web.authentication.AnonymousAuthenticationFilter - Set SecurityContextHolder to anonymous SecurityContext
2026-03-09 20:39:51 - DEBUG - org.springframework.security.web.FilterChainProxy - Secured POST /api/login
2026-03-09 20:39:51 - DEBUG - org.springframework.security.authentication.dao.DaoAuthenticationProvider - Authenticated user
2026-03-09 20:39:51 - DEBUG - org.springframework.security.web.FilterChainProxy - Securing POST /api/member/order
2026-03-09 20:39:51 - DEBUG - org.springframework.security.web.authentication.AnonymousAuthenticationFilter - Set SecurityContextHolder to anonymous SecurityContext
2026-03-09 20:39:51 - DEBUG - org.springframework.security.web.FilterChainProxy - Securing POST /api/login
2026-03-09 20:39:51 - DEBUG - org.springframework.security.web.authentication.AnonymousAuthenticationFilter - Set SecurityContextHolder to anonymous SecurityContext
2026-03-09 20:39:51 - DEBUG - org.springframework.security.web.FilterChainProxy - Secured POST /api/login
2026-03-09 20:39:52 - DEBUG - org.springframework.security.authentication.dao.DaoAuthenticationProvider - Authenticated user
2026-03-09 20:39:52 - DEBUG - org.springframework.security.web.FilterChainProxy - Securing POST /api/login
2026-03-09 20:39:52 - DEBUG - org.springframework.security.web.authentication.AnonymousAuthenticationFilter - Set SecurityContextHolder to anonymous SecurityContext
2026-03-09 20:39:52 - DEBUG - org.springframework.security.web.FilterChainProxy - Secured POST /api/login
2026-03-09 20:39:52 - DEBUG - org.springframework.security.authentication.dao.DaoAuthenticationProvider - Authenticated user
2026-03-09 20:39:52 - DEBUG - org.springframework.security.web.FilterChainProxy - Securing POST /api/member/order
2026-03-09 20:39:52 - DEBUG - org.springframework.security.web.FilterChainProxy - Secured POST /api/member/order
2026-03-09 20:39:52 - DEBUG - org.springframework.security.web.FilterChainProxy - Securing POST /api/login
2026-03-09 20:39:52 - DEBUG - org.springframework.security.web.authentication.AnonymousAuthenticationFilter - Set SecurityContextHolder to anonymous SecurityContext
2026-03-09 20:39:52 - DEBUG - org.springframework.security.web.FilterChainProxy - Secured POST /api/login
2026-03-09 20:39:53 - DEBUG - org.springframework.security.authentication.dao.DaoAuthenticationProvider - Authenticated user
2026-03-09 20:39:53 - DEBUG - org.springframework.security.web.FilterChainProxy - Securing POST /api/login
2026-03-09 20:39:53 - DEBUG - org.springframework.security.web.authentication.AnonymousAuthenticationFilter - Set SecurityContextHolder to anonymous SecurityContext
2026-03-09 20:39:53 - DEBUG - org.springframework.security.web.FilterChainProxy - Secured POST /api/login
2026-03-09 20:39:53 - DEBUG - org.springframework.security.authentication.dao.DaoAuthenticationProvider - Authenticated user
2026-03-09 20:39:53 - DEBUG - org.springframework.security.web.FilterChainProxy - Securing POST /api/login
2026-03-09 20:39:53 - DEBUG - org.springframework.security.web.authentication.AnonymousAuthenticationFilter - Set SecurityContextHolder to anonymous SecurityContext
2026-03-09 20:39:53 - DEBUG - org.springframework.security.web.FilterChainProxy - Secured POST /api/login
2026-03-09 20:39:53 - DEBUG - org.springframework.security.authentication.dao.DaoAuthenticationProvider - Authenticated user
2026-03-09 20:39:53 - DEBUG - org.springframework.security.web.FilterChainProxy - Securing POST /api/member/order
2026-03-09 20:39:53 - DEBUG - org.springframework.security.web.FilterChainProxy - Secured POST /api/member/order
2026-03-09 20:39:54 - DEBUG - org.springframework.security.web.FilterChainProxy - Securing POST /api/login
2026-03-09 20:39:54 - DEBUG - org.springframework.security.web.authentication.AnonymousAuthenticationFilter - Set SecurityContextHolder to anonymous SecurityContext
2026-03-09 20:39:54 - DEBUG - org.springframework.security.web.FilterChainProxy - Secured POST /api/login
2026-03-09 20:39:54 - DEBUG - org.springframework.security.authentication.dao.DaoAuthenticationProvider - Authenticated user
2026-03-09 20:39:54 - DEBUG - org.springframework.security.web.FilterChainProxy - Securing POST /api/login
2026-03-09 20:39:54 - DEBUG - org.springframework.security.web.authentication.AnonymousAuthenticationFilter - Set SecurityContextHolder to anonymous SecurityContext
2026-03-09 20:39:54 - DEBUG - org.springframework.security.web.FilterChainProxy - Secured POST /api/login
2026-03-09 20:39:54 - DEBUG - org.springframework.security.authentication.dao.DaoAuthenticationProvider - Authenticated user
2026-03-09 20:39:54 - DEBUG - org.springframework.security.web.FilterChainProxy - Securing POST /api/member/order
2026-03-09 20:39:54 - DEBUG - org.springframework.security.web.FilterChainProxy - Secured POST /api/member/order
2026-03-09 20:39:55 - DEBUG - org.springframework.security.web.FilterChainProxy - Securing POST /api/login
2026-03-09 20:39:55 - DEBUG - org.springframework.security.web.authentication.AnonymousAuthenticationFilter - Set SecurityContextHolder to anonymous SecurityContext
2026-03-09 20:39:55 - DEBUG - org.springframework.security.web.FilterChainProxy - Secured POST /api/login
2026-03-09 20:39:55 - DEBUG - org.springframework.security.authentication.dao.DaoAuthenticationProvider - Authenticated user
2026-03-09 20:39:55 - DEBUG - org.springframework.security.web.FilterChainProxy - Securing POST /api/login
2026-03-09 20:39:55 - DEBUG - org.springframework.security.web.authentication.AnonymousAuthenticationFilter - Set SecurityContextHolder to anonymous SecurityContext
2026-03-09 20:39:55 - DEBUG - org.springframework.security.web.FilterChainProxy - Secured POST /api/login
2026-03-09 20:39:55 - DEBUG - org.springframework.security.authentication.dao.DaoAuthenticationProvider - Authenticated user
2026-03-09 20:39:55 - DEBUG - org.springframework.security.web.FilterChainProxy - Securing GET /api/admin/order
2026-03-09 20:39:55 - DEBUG - org.springframework.security.web.access.AccessDeniedHandlerImpl - Responding with 403 status code
2026-03-09 20:39:55 - INFO - org.springframework.orm.jpa.LocalContainerEntityManagerFactoryBean - Closing JPA EntityManagerFactory for persistence unit 'default'
2026-03-09 20:39:55 - INFO - com.zaxxer.hikari.HikariDataSource - HikariPool-1 - Shutdown initiated...
2026-03-09 20:39:55 - INFO - com.zaxxer.hikari.HikariDataSource - HikariPool-1 - Shutdown completed.
2026-03-09 20:42:26 - INFO - com.gotcha.gotcha_api.controller.OrderControllerIntegrationTest - Starting OrderControllerIntegrationTest using Java 23.0.1 with PID 7984 (started by Maksym in G:\Work\gotcha-cafe\gotcha-api\gotcha-api)
2026-03-09 20:42:26 - DEBUG - com.gotcha.gotcha_api.controller.OrderControllerIntegrationTest - Running with Spring Boot v4.0.2, Spring v7.0.3
2026-03-09 20:42:26 - INFO - com.gotcha.gotcha_api.controller.OrderControllerIntegrationTest - The following 1 profile is active: "test"
2026-03-09 20:42:27 - INFO - org.springframework.data.repository.config.RepositoryConfigurationDelegate - Bootstrapping Spring Data JPA repositories in DEFAULT mode.
2026-03-09 20:42:27 - INFO - org.springframework.data.repository.config.RepositoryConfigurationDelegate - Finished Spring Data repository scanning in 93 ms. Found 6 JPA repository interfaces.
2026-03-09 20:42:29 - INFO - org.hibernate.orm.jpa - HHH008540: Processing PersistenceUnitInfo [name: default]
2026-03-09 20:42:29 - INFO - org.hibernate.orm.core - HHH000001: Hibernate ORM core version 7.2.1.Final
2026-03-09 20:42:30 - INFO - org.springframework.orm.jpa.persistenceunit.SpringPersistenceUnitInfo - No LoadTimeWeaver setup: ignoring JPA class transformer
2026-03-09 20:42:30 - INFO - com.zaxxer.hikari.HikariDataSource - HikariPool-1 - Starting...
2026-03-09 20:42:31 - INFO - com.zaxxer.hikari.pool.HikariPool - HikariPool-1 - Added connection conn0: url=jdbc:h2:mem:testdb user=POSTGRES
2026-03-09 20:42:31 - INFO - com.zaxxer.hikari.HikariDataSource - HikariPool-1 - Start completed.
2026-03-09 20:42:31 - INFO - org.hibernate.orm.connections.pooling - HHH10001005: Database info:
	Database JDBC URL [jdbc:h2:mem:testdb]
	Database driver: H2 JDBC Driver
	Database dialect: H2Dialect
	Database version: 2.4.240
	Default catalog/schema: testdb/public
	Autocommit mode: undefined/unknown
	Isolation level: READ_COMMITTED [default READ_COMMITTED]
	JDBC fetch size: 100
	Pool: DataSourceConnectionProvider
	Minimum pool size: undefined/unknown
	Maximum pool size: undefined/unknown
2026-03-09 20:42:32 - INFO - org.hibernate.orm.core - HHH000489: No JTA platform available (set 'hibernate.transaction.jta.platform' to enable JTA platform integration)
2026-03-09 20:42:32 - INFO - org.springframework.orm.jpa.LocalContainerEntityManagerFactoryBean - Initialized JPA EntityManagerFactory for persistence unit 'default'
2026-03-09 20:42:32 - INFO - org.springframework.data.jpa.repository.query.QueryEnhancerFactories - Hibernate is in classpath; If applicable, HQL parser will be used.
2026-03-09 20:42:33 - INFO - com.gotcha.gotcha_api.service.JWTService - Generated key length: 256 bits
2026-03-09 20:42:33 - INFO - org.springframework.security.config.annotation.authentication.configuration.InitializeAuthenticationProviderBeanManagerConfigurer$InitializeAuthenticationProviderManagerConfigurer - Global AuthenticationManager configured with AuthenticationProvider bean with name authProvider
2026-03-09 20:42:33 - WARN - org.springframework.security.config.annotation.authentication.configuration.InitializeUserDetailsBeanManagerConfigurer$InitializeUserDetailsManagerConfigurer - Global AuthenticationManager configured with an AuthenticationProvider bean. UserDetailsService beans will not be used by Spring Security for automatically configuring username/password login. Consider removing the AuthenticationProvider bean. Alternatively, consider using the UserDetailsService in a manually instantiated DaoAuthenticationProvider. If the current configuration is intentional, to turn off this warning, increase the logging level of 'org.springframework.security.config.annotation.authentication.configuration.InitializeUserDetailsBeanManagerConfigurer' to ERROR
2026-03-09 20:42:34 - WARN - org.springframework.boot.jpa.autoconfigure.JpaBaseConfiguration$JpaWebConfiguration - spring.jpa.open-in-view is enabled by default. Therefore, database queries may be performed during view rendering. Explicitly configure spring.jpa.open-in-view to disable this warning
2026-03-09 20:42:35 - DEBUG - org.springframework.security.web.DefaultSecurityFilterChain - Will secure any request with filters: DisableEncodeUrlFilter, WebAsyncManagerIntegrationFilter, SecurityContextHolderFilter, HeaderWriterFilter, LogoutFilter, JWTFilter, RequestCacheAwareFilter, SecurityContextHolderAwareRequestFilter, AnonymousAuthenticationFilter, SessionManagementFilter, ExceptionTranslationFilter, AuthorizationFilter
2026-03-09 20:42:35 - DEBUG - com.gotcha.gotcha_api.securityConfig.JWTFilter - Filter 'JWTFilter' configured for use
2026-03-09 20:42:35 - INFO - org.springframework.boot.test.mock.web.SpringBootMockServletContext - Initializing Spring TestDispatcherServlet ''
2026-03-09 20:42:35 - INFO - org.springframework.test.web.servlet.TestDispatcherServlet - Initializing Servlet ''
2026-03-09 20:42:35 - INFO - org.springframework.test.web.servlet.TestDispatcherServlet - Completed initialization in 0 ms
2026-03-09 20:42:35 - INFO - com.gotcha.gotcha_api.controller.OrderControllerIntegrationTest - Started OrderControllerIntegrationTest in 10.342 seconds (process running for 13.583)
2026-03-09 20:42:36 - DEBUG - org.springframework.security.web.FilterChainProxy - Securing POST /api/login
2026-03-09 20:42:36 - DEBUG - org.springframework.security.web.authentication.AnonymousAuthenticationFilter - Set SecurityContextHolder to anonymous SecurityContext
2026-03-09 20:42:36 - DEBUG - org.springframework.security.web.FilterChainProxy - Secured POST /api/login
2026-03-09 20:42:37 - DEBUG - org.springframework.security.authentication.dao.DaoAuthenticationProvider - Authenticated user
2026-03-09 20:42:37 - DEBUG - org.springframework.security.web.FilterChainProxy - Securing POST /api/login
2026-03-09 20:42:37 - DEBUG - org.springframework.security.web.authentication.AnonymousAuthenticationFilter - Set SecurityContextHolder to anonymous SecurityContext
2026-03-09 20:42:37 - DEBUG - org.springframework.security.web.FilterChainProxy - Secured POST /api/login
2026-03-09 20:42:38 - DEBUG - org.springframework.security.authentication.dao.DaoAuthenticationProvider - Authenticated user
2026-03-09 20:42:38 - DEBUG - org.springframework.security.web.FilterChainProxy - Securing POST /api/member/order
2026-03-09 20:42:38 - DEBUG - org.springframework.security.web.FilterChainProxy - Secured POST /api/member/order
2026-03-09 20:42:38 - DEBUG - org.springframework.security.web.FilterChainProxy - Securing GET /api/member/order
2026-03-09 20:42:38 - DEBUG - org.springframework.security.web.FilterChainProxy - Secured GET /api/member/order
2026-03-09 20:42:38 - DEBUG - org.springframework.security.web.FilterChainProxy - Securing POST /api/login
2026-03-09 20:42:38 - DEBUG - org.springframework.security.web.authentication.AnonymousAuthenticationFilter - Set SecurityContextHolder to anonymous SecurityContext
2026-03-09 20:42:38 - DEBUG - org.springframework.security.web.FilterChainProxy - Secured POST /api/login
2026-03-09 20:42:38 - DEBUG - org.springframework.security.authentication.dao.DaoAuthenticationProvider - Authenticated user
2026-03-09 20:42:39 - DEBUG - org.springframework.security.web.FilterChainProxy - Securing POST /api/login
2026-03-09 20:42:39 - DEBUG - org.springframework.security.web.authentication.AnonymousAuthenticationFilter - Set SecurityContextHolder to anonymous SecurityContext
2026-03-09 20:42:39 - DEBUG - org.springframework.security.web.FilterChainProxy - Secured POST /api/login
2026-03-09 20:42:39 - DEBUG - org.springframework.security.authentication.dao.DaoAuthenticationProvider - Authenticated user
2026-03-09 20:42:39 - DEBUG - org.springframework.security.web.FilterChainProxy - Securing GET /api/admin/order/9999
2026-03-09 20:42:39 - DEBUG - org.springframework.security.web.FilterChainProxy - Secured GET /api/admin/order/9999
2026-03-09 20:42:39 - DEBUG - org.springframework.security.web.FilterChainProxy - Securing POST /api/login
2026-03-09 20:42:39 - DEBUG - org.springframework.security.web.authentication.AnonymousAuthenticationFilter - Set SecurityContextHolder to anonymous SecurityContext
2026-03-09 20:42:39 - DEBUG - org.springframework.security.web.FilterChainProxy - Secured POST /api/login
2026-03-09 20:42:39 - DEBUG - org.springframework.security.authentication.dao.DaoAuthenticationProvider - Authenticated user
2026-03-09 20:42:40 - DEBUG - org.springframework.security.web.FilterChainProxy - Securing POST /api/login
2026-03-09 20:42:40 - DEBUG - org.springframework.security.web.authentication.AnonymousAuthenticationFilter - Set SecurityContextHolder to anonymous SecurityContext
2026-03-09 20:42:40 - DEBUG - org.springframework.security.web.FilterChainProxy - Secured POST /api/login
2026-03-09 20:42:40 - DEBUG - org.springframework.security.authentication.dao.DaoAuthenticationProvider - Authenticated user
2026-03-09 20:42:40 - DEBUG - org.springframework.security.web.FilterChainProxy - Securing POST /api/member/order
2026-03-09 20:42:40 - DEBUG - org.springframework.security.web.FilterChainProxy - Secured POST /api/member/order
2026-03-09 20:42:40 - DEBUG - org.springframework.security.web.FilterChainProxy - Securing POST /api/login
2026-03-09 20:42:40 - DEBUG - org.springframework.security.web.authentication.AnonymousAuthenticationFilter - Set SecurityContextHolder to anonymous SecurityContext
2026-03-09 20:42:40 - DEBUG - org.springframework.security.web.FilterChainProxy - Secured POST /api/login
2026-03-09 20:42:41 - DEBUG - org.springframework.security.authentication.dao.DaoAuthenticationProvider - Authenticated user
2026-03-09 20:42:41 - DEBUG - org.springframework.security.web.FilterChainProxy - Securing POST /api/login
2026-03-09 20:42:41 - DEBUG - org.springframework.security.web.authentication.AnonymousAuthenticationFilter - Set SecurityContextHolder to anonymous SecurityContext
2026-03-09 20:42:41 - DEBUG - org.springframework.security.web.FilterChainProxy - Secured POST /api/login
2026-03-09 20:42:41 - DEBUG - org.springframework.security.authentication.dao.DaoAuthenticationProvider - Authenticated user
2026-03-09 20:42:41 - DEBUG - org.springframework.security.web.FilterChainProxy - Securing GET /api/member/order
2026-03-09 20:42:41 - DEBUG - org.springframework.security.web.FilterChainProxy - Secured GET /api/member/order
2026-03-09 20:42:41 - DEBUG - org.springframework.security.web.FilterChainProxy - Securing POST /api/login
2026-03-09 20:42:41 - DEBUG - org.springframework.security.web.authentication.AnonymousAuthenticationFilter - Set SecurityContextHolder to anonymous SecurityContext
2026-03-09 20:42:41 - DEBUG - org.springframework.security.web.FilterChainProxy - Secured POST /api/login
2026-03-09 20:42:42 - DEBUG - org.springframework.security.authentication.dao.DaoAuthenticationProvider - Authenticated user
2026-03-09 20:42:42 - DEBUG - org.springframework.security.web.FilterChainProxy - Securing POST /api/login
2026-03-09 20:42:42 - DEBUG - org.springframework.security.web.authentication.AnonymousAuthenticationFilter - Set SecurityContextHolder to anonymous SecurityContext
2026-03-09 20:42:42 - DEBUG - org.springframework.security.web.FilterChainProxy - Secured POST /api/login
2026-03-09 20:42:42 - DEBUG - org.springframework.security.authentication.dao.DaoAuthenticationProvider - Authenticated user
2026-03-09 20:42:42 - DEBUG - org.springframework.security.web.FilterChainProxy - Securing GET /api/admin/order/1
2026-03-09 20:42:42 - DEBUG - org.springframework.security.web.access.AccessDeniedHandlerImpl - Responding with 403 status code
2026-03-09 20:42:42 - DEBUG - org.springframework.security.web.FilterChainProxy - Securing POST /api/login
2026-03-09 20:42:42 - DEBUG - org.springframework.security.web.authentication.AnonymousAuthenticationFilter - Set SecurityContextHolder to anonymous SecurityContext
2026-03-09 20:42:42 - DEBUG - org.springframework.security.web.FilterChainProxy - Secured POST /api/login
2026-03-09 20:42:43 - DEBUG - org.springframework.security.authentication.dao.DaoAuthenticationProvider - Authenticated user
2026-03-09 20:42:43 - DEBUG - org.springframework.security.web.FilterChainProxy - Securing POST /api/login
2026-03-09 20:42:43 - DEBUG - org.springframework.security.web.authentication.AnonymousAuthenticationFilter - Set SecurityContextHolder to anonymous SecurityContext
2026-03-09 20:42:43 - DEBUG - org.springframework.security.web.FilterChainProxy - Secured POST /api/login
2026-03-09 20:42:43 - DEBUG - org.springframework.security.authentication.dao.DaoAuthenticationProvider - Authenticated user
2026-03-09 20:42:43 - DEBUG - org.springframework.security.web.FilterChainProxy - Securing POST /api/member/order
2026-03-09 20:42:43 - DEBUG - org.springframework.security.web.FilterChainProxy - Secured POST /api/member/order
2026-03-09 20:42:43 - DEBUG - org.springframework.security.web.FilterChainProxy - Securing POST /api/login
2026-03-09 20:42:43 - DEBUG - org.springframework.security.web.authentication.AnonymousAuthenticationFilter - Set SecurityContextHolder to anonymous SecurityContext
2026-03-09 20:42:43 - DEBUG - org.springframework.security.web.FilterChainProxy - Secured POST /api/login
2026-03-09 20:42:44 - DEBUG - org.springframework.security.authentication.dao.DaoAuthenticationProvider - Authenticated user
2026-03-09 20:42:44 - DEBUG - org.springframework.security.web.FilterChainProxy - Securing POST /api/login
2026-03-09 20:42:44 - DEBUG - org.springframework.security.web.authentication.AnonymousAuthenticationFilter - Set SecurityContextHolder to anonymous SecurityContext
2026-03-09 20:42:44 - DEBUG - org.springframework.security.web.FilterChainProxy - Secured POST /api/login
2026-03-09 20:42:44 - DEBUG - org.springframework.security.authentication.dao.DaoAuthenticationProvider - Authenticated user
2026-03-09 20:42:44 - DEBUG - org.springframework.security.web.FilterChainProxy - Securing GET /api/member/order
2026-03-09 20:42:44 - DEBUG - org.springframework.security.web.authentication.AnonymousAuthenticationFilter - Set SecurityContextHolder to anonymous SecurityContext
2026-03-09 20:42:44 - DEBUG - org.springframework.security.web.FilterChainProxy - Securing POST /api/login
2026-03-09 20:42:44 - DEBUG - org.springframework.security.web.authentication.AnonymousAuthenticationFilter - Set SecurityContextHolder to anonymous SecurityContext
2026-03-09 20:42:44 - DEBUG - org.springframework.security.web.FilterChainProxy - Secured POST /api/login
2026-03-09 20:42:45 - DEBUG - org.springframework.security.authentication.dao.DaoAuthenticationProvider - Authenticated user
2026-03-09 20:42:45 - DEBUG - org.springframework.security.web.FilterChainProxy - Securing POST /api/login
2026-03-09 20:42:45 - DEBUG - org.springframework.security.web.authentication.AnonymousAuthenticationFilter - Set SecurityContextHolder to anonymous SecurityContext
2026-03-09 20:42:45 - DEBUG - org.springframework.security.web.FilterChainProxy - Secured POST /api/login
2026-03-09 20:42:45 - DEBUG - org.springframework.security.authentication.dao.DaoAuthenticationProvider - Authenticated user
2026-03-09 20:42:45 - DEBUG - org.springframework.security.web.FilterChainProxy - Securing POST /api/member/order
2026-03-09 20:42:45 - DEBUG - org.springframework.security.web.FilterChainProxy - Secured POST /api/member/order
2026-03-09 20:42:45 - DEBUG - org.springframework.security.web.FilterChainProxy - Securing POST /api/login
2026-03-09 20:42:45 - DEBUG - org.springframework.security.web.authentication.AnonymousAuthenticationFilter - Set SecurityContextHolder to anonymous SecurityContext
2026-03-09 20:42:45 - DEBUG - org.springframework.security.web.FilterChainProxy - Secured POST /api/login
2026-03-09 20:42:46 - DEBUG - org.springframework.security.authentication.dao.DaoAuthenticationProvider - Authenticated user
2026-03-09 20:42:46 - DEBUG - org.springframework.security.web.FilterChainProxy - Securing POST /api/login
2026-03-09 20:42:46 - DEBUG - org.springframework.security.web.authentication.AnonymousAuthenticationFilter - Set SecurityContextHolder to anonymous SecurityContext
2026-03-09 20:42:46 - DEBUG - org.springframework.security.web.FilterChainProxy - Secured POST /api/login
2026-03-09 20:42:46 - DEBUG - org.springframework.security.authentication.dao.DaoAuthenticationProvider - Authenticated user
2026-03-09 20:42:46 - DEBUG - org.springframework.security.web.FilterChainProxy - Securing POST /api/member/order
2026-03-09 20:42:46 - DEBUG - org.springframework.security.web.FilterChainProxy - Secured POST /api/member/order
2026-03-09 20:42:46 - DEBUG - org.springframework.security.web.FilterChainProxy - Securing GET /api/admin/order
2026-03-09 20:42:46 - DEBUG - org.springframework.security.web.FilterChainProxy - Secured GET /api/admin/order
2026-03-09 20:42:46 - WARN - org.springframework.web.servlet.mvc.support.DefaultHandlerExceptionResolver - Ignoring exception, response committed already: org.springframework.http.converter.HttpMessageNotWritableException: Could not write JSON: Document nesting depth (501) exceeds the maximum allowed (500, from `StreamWriteConstraints.getMaxNestingDepth()`)
2026-03-09 20:42:46 - WARN - org.springframework.web.servlet.mvc.support.DefaultHandlerExceptionResolver - Resolved [org.springframework.http.converter.HttpMessageNotWritableException: Could not write JSON: Document nesting depth (501) exceeds the maximum allowed (500, from `StreamWriteConstraints.getMaxNestingDepth()`)]
2026-03-09 20:42:46 - DEBUG - org.springframework.security.web.FilterChainProxy - Securing POST /api/login
2026-03-09 20:42:46 - DEBUG - org.springframework.security.web.authentication.AnonymousAuthenticationFilter - Set SecurityContextHolder to anonymous SecurityContext
2026-03-09 20:42:46 - DEBUG - org.springframework.security.web.FilterChainProxy - Secured POST /api/login
2026-03-09 20:42:47 - DEBUG - org.springframework.security.authentication.dao.DaoAuthenticationProvider - Authenticated user
2026-03-09 20:42:47 - DEBUG - org.springframework.security.web.FilterChainProxy - Securing POST /api/login
2026-03-09 20:42:47 - DEBUG - org.springframework.security.web.authentication.AnonymousAuthenticationFilter - Set SecurityContextHolder to anonymous SecurityContext
2026-03-09 20:42:47 - DEBUG - org.springframework.security.web.FilterChainProxy - Secured POST /api/login
2026-03-09 20:42:47 - DEBUG - org.springframework.security.authentication.dao.DaoAuthenticationProvider - Authenticated user
2026-03-09 20:42:47 - DEBUG - org.springframework.security.web.FilterChainProxy - Securing POST /api/member/order
2026-03-09 20:42:47 - DEBUG - org.springframework.security.web.FilterChainProxy - Secured POST /api/member/order
2026-03-09 20:42:47 - DEBUG - org.springframework.security.web.FilterChainProxy - Securing POST /api/login
2026-03-09 20:42:47 - DEBUG - org.springframework.security.web.authentication.AnonymousAuthenticationFilter - Set SecurityContextHolder to anonymous SecurityContext
2026-03-09 20:42:47 - DEBUG - org.springframework.security.web.FilterChainProxy - Secured POST /api/login
2026-03-09 20:42:48 - DEBUG - org.springframework.security.authentication.dao.DaoAuthenticationProvider - Authenticated user
2026-03-09 20:42:48 - DEBUG - org.springframework.security.web.FilterChainProxy - Securing POST /api/login
2026-03-09 20:42:48 - DEBUG - org.springframework.security.web.authentication.AnonymousAuthenticationFilter - Set SecurityContextHolder to anonymous SecurityContext
2026-03-09 20:42:48 - DEBUG - org.springframework.security.web.FilterChainProxy - Secured POST /api/login
2026-03-09 20:42:48 - DEBUG - org.springframework.security.authentication.dao.DaoAuthenticationProvider - Authenticated user
2026-03-09 20:42:48 - DEBUG - org.springframework.security.web.FilterChainProxy - Securing POST /api/member/order
2026-03-09 20:42:48 - DEBUG - org.springframework.security.web.authentication.AnonymousAuthenticationFilter - Set SecurityContextHolder to anonymous SecurityContext
2026-03-09 20:42:48 - DEBUG - org.springframework.security.web.FilterChainProxy - Securing POST /api/login
2026-03-09 20:42:48 - DEBUG - org.springframework.security.web.authentication.AnonymousAuthenticationFilter - Set SecurityContextHolder to anonymous SecurityContext
2026-03-09 20:42:48 - DEBUG - org.springframework.security.web.FilterChainProxy - Secured POST /api/login
2026-03-09 20:42:49 - DEBUG - org.springframework.security.authentication.dao.DaoAuthenticationProvider - Authenticated user
2026-03-09 20:42:49 - DEBUG - org.springframework.security.web.FilterChainProxy - Securing POST /api/login
2026-03-09 20:42:49 - DEBUG - org.springframework.security.web.authentication.AnonymousAuthenticationFilter - Set SecurityContextHolder to anonymous SecurityContext
2026-03-09 20:42:49 - DEBUG - org.springframework.security.web.FilterChainProxy - Secured POST /api/login
2026-03-09 20:42:49 - DEBUG - org.springframework.security.authentication.dao.DaoAuthenticationProvider - Authenticated user
2026-03-09 20:42:49 - DEBUG - org.springframework.security.web.FilterChainProxy - Securing POST /api/member/order
2026-03-09 20:42:49 - DEBUG - org.springframework.security.web.FilterChainProxy - Secured POST /api/member/order
2026-03-09 20:42:49 - DEBUG - org.springframework.security.web.FilterChainProxy - Securing GET /api/admin/order
2026-03-09 20:42:49 - DEBUG - org.springframework.security.web.FilterChainProxy - Secured GET /api/admin/order
2026-03-09 20:42:49 - WARN - org.springframework.web.servlet.mvc.support.DefaultHandlerExceptionResolver - Ignoring exception, response committed already: org.springframework.http.converter.HttpMessageNotWritableException: Could not write JSON: Document nesting depth (501) exceeds the maximum allowed (500, from `StreamWriteConstraints.getMaxNestingDepth()`)
2026-03-09 20:42:49 - WARN - org.springframework.web.servlet.mvc.support.DefaultHandlerExceptionResolver - Resolved [org.springframework.http.converter.HttpMessageNotWritableException: Could not write JSON: Document nesting depth (501) exceeds the maximum allowed (500, from `StreamWriteConstraints.getMaxNestingDepth()`)]
2026-03-09 20:42:49 - DEBUG - org.springframework.security.web.FilterChainProxy - Securing POST /api/login
2026-03-09 20:42:49 - DEBUG - org.springframework.security.web.authentication.AnonymousAuthenticationFilter - Set SecurityContextHolder to anonymous SecurityContext
2026-03-09 20:42:49 - DEBUG - org.springframework.security.web.FilterChainProxy - Secured POST /api/login
2026-03-09 20:42:50 - DEBUG - org.springframework.security.authentication.dao.DaoAuthenticationProvider - Authenticated user
2026-03-09 20:42:50 - DEBUG - org.springframework.security.web.FilterChainProxy - Securing POST /api/login
2026-03-09 20:42:50 - DEBUG - org.springframework.security.web.authentication.AnonymousAuthenticationFilter - Set SecurityContextHolder to anonymous SecurityContext
2026-03-09 20:42:50 - DEBUG - org.springframework.security.web.FilterChainProxy - Secured POST /api/login
2026-03-09 20:42:50 - DEBUG - org.springframework.security.authentication.dao.DaoAuthenticationProvider - Authenticated user
2026-03-09 20:42:50 - DEBUG - org.springframework.security.web.FilterChainProxy - Securing POST /api/login
2026-03-09 20:42:50 - DEBUG - org.springframework.security.web.authentication.AnonymousAuthenticationFilter - Set SecurityContextHolder to anonymous SecurityContext
2026-03-09 20:42:50 - DEBUG - org.springframework.security.web.FilterChainProxy - Secured POST /api/login
2026-03-09 20:42:51 - DEBUG - org.springframework.security.authentication.dao.DaoAuthenticationProvider - Authenticated user
2026-03-09 20:42:51 - DEBUG - org.springframework.security.web.FilterChainProxy - Securing POST /api/member/order
2026-03-09 20:42:51 - DEBUG - org.springframework.security.web.FilterChainProxy - Secured POST /api/member/order
2026-03-09 20:42:51 - DEBUG - org.springframework.security.web.FilterChainProxy - Securing POST /api/login
2026-03-09 20:42:51 - DEBUG - org.springframework.security.web.authentication.AnonymousAuthenticationFilter - Set SecurityContextHolder to anonymous SecurityContext
2026-03-09 20:42:51 - DEBUG - org.springframework.security.web.FilterChainProxy - Secured POST /api/login
2026-03-09 20:42:51 - DEBUG - org.springframework.security.authentication.dao.DaoAuthenticationProvider - Authenticated user
2026-03-09 20:42:51 - DEBUG - org.springframework.security.web.FilterChainProxy - Securing POST /api/login
2026-03-09 20:42:51 - DEBUG - org.springframework.security.web.authentication.AnonymousAuthenticationFilter - Set SecurityContextHolder to anonymous SecurityContext
2026-03-09 20:42:51 - DEBUG - org.springframework.security.web.FilterChainProxy - Secured POST /api/login
2026-03-09 20:42:52 - DEBUG - org.springframework.security.authentication.dao.DaoAuthenticationProvider - Authenticated user
2026-03-09 20:42:52 - DEBUG - org.springframework.security.web.FilterChainProxy - Securing POST /api/member/order
2026-03-09 20:42:52 - DEBUG - org.springframework.security.web.FilterChainProxy - Secured POST /api/member/order
2026-03-09 20:42:52 - DEBUG - org.springframework.security.web.FilterChainProxy - Securing GET /api/admin/order
2026-03-09 20:42:52 - DEBUG - org.springframework.security.web.FilterChainProxy - Secured GET /api/admin/order
2026-03-09 20:42:52 - WARN - org.springframework.web.servlet.mvc.support.DefaultHandlerExceptionResolver - Ignoring exception, response committed already: org.springframework.http.converter.HttpMessageNotWritableException: Could not write JSON: Document nesting depth (501) exceeds the maximum allowed (500, from `StreamWriteConstraints.getMaxNestingDepth()`)
2026-03-09 20:42:52 - WARN - org.springframework.web.servlet.mvc.support.DefaultHandlerExceptionResolver - Resolved [org.springframework.http.converter.HttpMessageNotWritableException: Could not write JSON: Document nesting depth (501) exceeds the maximum allowed (500, from `StreamWriteConstraints.getMaxNestingDepth()`)]
2026-03-09 20:42:52 - DEBUG - org.springframework.security.web.FilterChainProxy - Securing POST /api/login
2026-03-09 20:42:52 - DEBUG - org.springframework.security.web.authentication.AnonymousAuthenticationFilter - Set SecurityContextHolder to anonymous SecurityContext
2026-03-09 20:42:52 - DEBUG - org.springframework.security.web.FilterChainProxy - Secured POST /api/login
2026-03-09 20:42:52 - DEBUG - org.springframework.security.authentication.dao.DaoAuthenticationProvider - Authenticated user
2026-03-09 20:42:52 - DEBUG - org.springframework.security.web.FilterChainProxy - Securing POST /api/login
2026-03-09 20:42:52 - DEBUG - org.springframework.security.web.authentication.AnonymousAuthenticationFilter - Set SecurityContextHolder to anonymous SecurityContext
2026-03-09 20:42:52 - DEBUG - org.springframework.security.web.FilterChainProxy - Secured POST /api/login
2026-03-09 20:42:53 - DEBUG - org.springframework.security.authentication.dao.DaoAuthenticationProvider - Authenticated user
2026-03-09 20:42:53 - DEBUG - org.springframework.security.web.FilterChainProxy - Securing GET /api/admin/order
2026-03-09 20:42:53 - DEBUG - org.springframework.security.web.access.AccessDeniedHandlerImpl - Responding with 403 status code
2026-03-09 20:42:53 - INFO - org.springframework.orm.jpa.LocalContainerEntityManagerFactoryBean - Closing JPA EntityManagerFactory for persistence unit 'default'
2026-03-09 20:42:53 - INFO - com.zaxxer.hikari.HikariDataSource - HikariPool-1 - Shutdown initiated...
2026-03-09 20:42:53 - INFO - com.zaxxer.hikari.HikariDataSource - HikariPool-1 - Shutdown completed.
2026-03-09 20:48:16 - INFO - com.gotcha.gotcha_api.controller.OrderControllerIntegrationTest - Starting OrderControllerIntegrationTest using Java 23.0.1 with PID 34240 (started by Maksym in G:\Work\gotcha-cafe\gotcha-api\gotcha-api)
2026-03-09 20:48:16 - DEBUG - com.gotcha.gotcha_api.controller.OrderControllerIntegrationTest - Running with Spring Boot v4.0.2, Spring v7.0.3
2026-03-09 20:48:16 - INFO - com.gotcha.gotcha_api.controller.OrderControllerIntegrationTest - The following 1 profile is active: "test"
2026-03-09 20:48:18 - INFO - org.springframework.data.repository.config.RepositoryConfigurationDelegate - Bootstrapping Spring Data JPA repositories in DEFAULT mode.
2026-03-09 20:48:18 - INFO - org.springframework.data.repository.config.RepositoryConfigurationDelegate - Finished Spring Data repository scanning in 134 ms. Found 6 JPA repository interfaces.
2026-03-09 20:48:20 - INFO - org.hibernate.orm.jpa - HHH008540: Processing PersistenceUnitInfo [name: default]
2026-03-09 20:48:20 - INFO - org.hibernate.orm.core - HHH000001: Hibernate ORM core version 7.2.1.Final
2026-03-09 20:48:21 - INFO - org.springframework.orm.jpa.persistenceunit.SpringPersistenceUnitInfo - No LoadTimeWeaver setup: ignoring JPA class transformer
2026-03-09 20:48:21 - INFO - com.zaxxer.hikari.HikariDataSource - HikariPool-1 - Starting...
2026-03-09 20:48:22 - INFO - com.zaxxer.hikari.pool.HikariPool - HikariPool-1 - Added connection conn0: url=jdbc:h2:mem:testdb user=POSTGRES
2026-03-09 20:48:22 - INFO - com.zaxxer.hikari.HikariDataSource - HikariPool-1 - Start completed.
2026-03-09 20:48:22 - INFO - org.hibernate.orm.connections.pooling - HHH10001005: Database info:
	Database JDBC URL [jdbc:h2:mem:testdb]
	Database driver: H2 JDBC Driver
	Database dialect: H2Dialect
	Database version: 2.4.240
	Default catalog/schema: testdb/public
	Autocommit mode: undefined/unknown
	Isolation level: READ_COMMITTED [default READ_COMMITTED]
	JDBC fetch size: 100
	Pool: DataSourceConnectionProvider
	Minimum pool size: undefined/unknown
	Maximum pool size: undefined/unknown
2026-03-09 20:48:23 - INFO - org.hibernate.orm.core - HHH000489: No JTA platform available (set 'hibernate.transaction.jta.platform' to enable JTA platform integration)
2026-03-09 20:48:23 - INFO - org.springframework.orm.jpa.LocalContainerEntityManagerFactoryBean - Initialized JPA EntityManagerFactory for persistence unit 'default'
2026-03-09 20:48:24 - INFO - org.springframework.data.jpa.repository.query.QueryEnhancerFactories - Hibernate is in classpath; If applicable, HQL parser will be used.
2026-03-09 20:48:24 - INFO - com.gotcha.gotcha_api.service.JWTService - Generated key length: 256 bits
2026-03-09 20:48:24 - INFO - org.springframework.security.config.annotation.authentication.configuration.InitializeAuthenticationProviderBeanManagerConfigurer$InitializeAuthenticationProviderManagerConfigurer - Global AuthenticationManager configured with AuthenticationProvider bean with name authProvider
2026-03-09 20:48:24 - WARN - org.springframework.security.config.annotation.authentication.configuration.InitializeUserDetailsBeanManagerConfigurer$InitializeUserDetailsManagerConfigurer - Global AuthenticationManager configured with an AuthenticationProvider bean. UserDetailsService beans will not be used by Spring Security for automatically configuring username/password login. Consider removing the AuthenticationProvider bean. Alternatively, consider using the UserDetailsService in a manually instantiated DaoAuthenticationProvider. If the current configuration is intentional, to turn off this warning, increase the logging level of 'org.springframework.security.config.annotation.authentication.configuration.InitializeUserDetailsBeanManagerConfigurer' to ERROR
2026-03-09 20:48:25 - WARN - org.springframework.boot.jpa.autoconfigure.JpaBaseConfiguration$JpaWebConfiguration - spring.jpa.open-in-view is enabled by default. Therefore, database queries may be performed during view rendering. Explicitly configure spring.jpa.open-in-view to disable this warning
2026-03-09 20:48:26 - DEBUG - org.springframework.security.web.DefaultSecurityFilterChain - Will secure any request with filters: DisableEncodeUrlFilter, WebAsyncManagerIntegrationFilter, SecurityContextHolderFilter, HeaderWriterFilter, LogoutFilter, JWTFilter, RequestCacheAwareFilter, SecurityContextHolderAwareRequestFilter, AnonymousAuthenticationFilter, SessionManagementFilter, ExceptionTranslationFilter, AuthorizationFilter
2026-03-09 20:48:26 - DEBUG - com.gotcha.gotcha_api.securityConfig.JWTFilter - Filter 'JWTFilter' configured for use
2026-03-09 20:48:26 - INFO - org.springframework.boot.test.mock.web.SpringBootMockServletContext - Initializing Spring TestDispatcherServlet ''
2026-03-09 20:48:26 - INFO - org.springframework.test.web.servlet.TestDispatcherServlet - Initializing Servlet ''
2026-03-09 20:48:26 - INFO - org.springframework.test.web.servlet.TestDispatcherServlet - Completed initialization in 0 ms
2026-03-09 20:48:26 - INFO - com.gotcha.gotcha_api.controller.OrderControllerIntegrationTest - Started OrderControllerIntegrationTest in 11.312 seconds (process running for 14.994)
2026-03-09 20:48:27 - DEBUG - org.springframework.security.web.FilterChainProxy - Securing POST /api/login
2026-03-09 20:48:27 - DEBUG - org.springframework.security.web.authentication.AnonymousAuthenticationFilter - Set SecurityContextHolder to anonymous SecurityContext
2026-03-09 20:48:27 - DEBUG - org.springframework.security.web.FilterChainProxy - Secured POST /api/login
2026-03-09 20:48:28 - DEBUG - org.springframework.security.authentication.dao.DaoAuthenticationProvider - Authenticated user
2026-03-09 20:48:29 - DEBUG - org.springframework.security.web.FilterChainProxy - Securing POST /api/login
2026-03-09 20:48:29 - DEBUG - org.springframework.security.web.authentication.AnonymousAuthenticationFilter - Set SecurityContextHolder to anonymous SecurityContext
2026-03-09 20:48:29 - DEBUG - org.springframework.security.web.FilterChainProxy - Secured POST /api/login
2026-03-09 20:48:29 - DEBUG - org.springframework.security.authentication.dao.DaoAuthenticationProvider - Authenticated user
2026-03-09 20:48:29 - DEBUG - org.springframework.security.web.FilterChainProxy - Securing POST /api/member/order
2026-03-09 20:48:29 - DEBUG - org.springframework.security.web.FilterChainProxy - Secured POST /api/member/order
2026-03-09 20:48:29 - DEBUG - org.springframework.security.web.FilterChainProxy - Securing GET /api/member/order
2026-03-09 20:48:29 - DEBUG - org.springframework.security.web.FilterChainProxy - Secured GET /api/member/order
2026-03-09 20:48:29 - DEBUG - org.springframework.security.web.FilterChainProxy - Securing POST /api/login
2026-03-09 20:48:29 - DEBUG - org.springframework.security.web.authentication.AnonymousAuthenticationFilter - Set SecurityContextHolder to anonymous SecurityContext
2026-03-09 20:48:29 - DEBUG - org.springframework.security.web.FilterChainProxy - Secured POST /api/login
2026-03-09 20:48:30 - DEBUG - org.springframework.security.authentication.dao.DaoAuthenticationProvider - Authenticated user
2026-03-09 20:48:30 - DEBUG - org.springframework.security.web.FilterChainProxy - Securing POST /api/login
2026-03-09 20:48:30 - DEBUG - org.springframework.security.web.authentication.AnonymousAuthenticationFilter - Set SecurityContextHolder to anonymous SecurityContext
2026-03-09 20:48:30 - DEBUG - org.springframework.security.web.FilterChainProxy - Secured POST /api/login
2026-03-09 20:48:30 - DEBUG - org.springframework.security.authentication.dao.DaoAuthenticationProvider - Authenticated user
2026-03-09 20:48:30 - DEBUG - org.springframework.security.web.FilterChainProxy - Securing GET /api/admin/order/9999
2026-03-09 20:48:30 - DEBUG - org.springframework.security.web.FilterChainProxy - Secured GET /api/admin/order/9999
2026-03-09 20:48:30 - DEBUG - org.springframework.security.web.FilterChainProxy - Securing POST /api/login
2026-03-09 20:48:30 - DEBUG - org.springframework.security.web.authentication.AnonymousAuthenticationFilter - Set SecurityContextHolder to anonymous SecurityContext
2026-03-09 20:48:30 - DEBUG - org.springframework.security.web.FilterChainProxy - Secured POST /api/login
2026-03-09 20:48:31 - DEBUG - org.springframework.security.authentication.dao.DaoAuthenticationProvider - Authenticated user
2026-03-09 20:48:31 - DEBUG - org.springframework.security.web.FilterChainProxy - Securing POST /api/login
2026-03-09 20:48:31 - DEBUG - org.springframework.security.web.authentication.AnonymousAuthenticationFilter - Set SecurityContextHolder to anonymous SecurityContext
2026-03-09 20:48:31 - DEBUG - org.springframework.security.web.FilterChainProxy - Secured POST /api/login
2026-03-09 20:48:31 - DEBUG - org.springframework.security.authentication.dao.DaoAuthenticationProvider - Authenticated user
2026-03-09 20:48:31 - DEBUG - org.springframework.security.web.FilterChainProxy - Securing POST /api/member/order
2026-03-09 20:48:31 - DEBUG - org.springframework.security.web.FilterChainProxy - Secured POST /api/member/order
2026-03-09 20:48:31 - DEBUG - org.springframework.security.web.FilterChainProxy - Securing POST /api/login
2026-03-09 20:48:31 - DEBUG - org.springframework.security.web.authentication.AnonymousAuthenticationFilter - Set SecurityContextHolder to anonymous SecurityContext
2026-03-09 20:48:31 - DEBUG - org.springframework.security.web.FilterChainProxy - Secured POST /api/login
2026-03-09 20:48:32 - DEBUG - org.springframework.security.authentication.dao.DaoAuthenticationProvider - Authenticated user
2026-03-09 20:48:32 - DEBUG - org.springframework.security.web.FilterChainProxy - Securing POST /api/login
2026-03-09 20:48:32 - DEBUG - org.springframework.security.web.authentication.AnonymousAuthenticationFilter - Set SecurityContextHolder to anonymous SecurityContext
2026-03-09 20:48:32 - DEBUG - org.springframework.security.web.FilterChainProxy - Secured POST /api/login
2026-03-09 20:48:32 - DEBUG - org.springframework.security.authentication.dao.DaoAuthenticationProvider - Authenticated user
2026-03-09 20:48:32 - DEBUG - org.springframework.security.web.FilterChainProxy - Securing GET /api/member/order
2026-03-09 20:48:32 - DEBUG - org.springframework.security.web.FilterChainProxy - Secured GET /api/member/order
2026-03-09 20:48:32 - DEBUG - org.springframework.security.web.FilterChainProxy - Securing POST /api/login
2026-03-09 20:48:32 - DEBUG - org.springframework.security.web.authentication.AnonymousAuthenticationFilter - Set SecurityContextHolder to anonymous SecurityContext
2026-03-09 20:48:32 - DEBUG - org.springframework.security.web.FilterChainProxy - Secured POST /api/login
2026-03-09 20:48:33 - DEBUG - org.springframework.security.authentication.dao.DaoAuthenticationProvider - Authenticated user
2026-03-09 20:48:33 - DEBUG - org.springframework.security.web.FilterChainProxy - Securing POST /api/login
2026-03-09 20:48:33 - DEBUG - org.springframework.security.web.authentication.AnonymousAuthenticationFilter - Set SecurityContextHolder to anonymous SecurityContext
2026-03-09 20:48:33 - DEBUG - org.springframework.security.web.FilterChainProxy - Secured POST /api/login
2026-03-09 20:48:33 - DEBUG - org.springframework.security.authentication.dao.DaoAuthenticationProvider - Authenticated user
2026-03-09 20:48:33 - DEBUG - org.springframework.security.web.FilterChainProxy - Securing GET /api/admin/order/1
2026-03-09 20:48:33 - DEBUG - org.springframework.security.web.access.AccessDeniedHandlerImpl - Responding with 403 status code
2026-03-09 20:48:33 - DEBUG - org.springframework.security.web.FilterChainProxy - Securing POST /api/login
2026-03-09 20:48:33 - DEBUG - org.springframework.security.web.authentication.AnonymousAuthenticationFilter - Set SecurityContextHolder to anonymous SecurityContext
2026-03-09 20:48:33 - DEBUG - org.springframework.security.web.FilterChainProxy - Secured POST /api/login
2026-03-09 20:48:34 - DEBUG - org.springframework.security.authentication.dao.DaoAuthenticationProvider - Authenticated user
2026-03-09 20:48:34 - DEBUG - org.springframework.security.web.FilterChainProxy - Securing POST /api/login
2026-03-09 20:48:34 - DEBUG - org.springframework.security.web.authentication.AnonymousAuthenticationFilter - Set SecurityContextHolder to anonymous SecurityContext
2026-03-09 20:48:34 - DEBUG - org.springframework.security.web.FilterChainProxy - Secured POST /api/login
2026-03-09 20:48:34 - DEBUG - org.springframework.security.authentication.dao.DaoAuthenticationProvider - Authenticated user
2026-03-09 20:48:34 - DEBUG - org.springframework.security.web.FilterChainProxy - Securing POST /api/member/order
2026-03-09 20:48:34 - DEBUG - org.springframework.security.web.FilterChainProxy - Secured POST /api/member/order
2026-03-09 20:48:34 - DEBUG - org.springframework.security.web.FilterChainProxy - Securing POST /api/login
2026-03-09 20:48:34 - DEBUG - org.springframework.security.web.authentication.AnonymousAuthenticationFilter - Set SecurityContextHolder to anonymous SecurityContext
2026-03-09 20:48:34 - DEBUG - org.springframework.security.web.FilterChainProxy - Secured POST /api/login
2026-03-09 20:48:35 - DEBUG - org.springframework.security.authentication.dao.DaoAuthenticationProvider - Authenticated user
2026-03-09 20:48:35 - DEBUG - org.springframework.security.web.FilterChainProxy - Securing POST /api/login
2026-03-09 20:48:35 - DEBUG - org.springframework.security.web.authentication.AnonymousAuthenticationFilter - Set SecurityContextHolder to anonymous SecurityContext
2026-03-09 20:48:35 - DEBUG - org.springframework.security.web.FilterChainProxy - Secured POST /api/login
2026-03-09 20:48:35 - DEBUG - org.springframework.security.authentication.dao.DaoAuthenticationProvider - Authenticated user
2026-03-09 20:48:35 - DEBUG - org.springframework.security.web.FilterChainProxy - Securing GET /api/member/order
2026-03-09 20:48:35 - DEBUG - org.springframework.security.web.authentication.AnonymousAuthenticationFilter - Set SecurityContextHolder to anonymous SecurityContext
2026-03-09 20:48:35 - DEBUG - org.springframework.security.web.FilterChainProxy - Securing POST /api/login
2026-03-09 20:48:35 - DEBUG - org.springframework.security.web.authentication.AnonymousAuthenticationFilter - Set SecurityContextHolder to anonymous SecurityContext
2026-03-09 20:48:35 - DEBUG - org.springframework.security.web.FilterChainProxy - Secured POST /api/login
2026-03-09 20:48:36 - DEBUG - org.springframework.security.authentication.dao.DaoAuthenticationProvider - Authenticated user
2026-03-09 20:48:36 - DEBUG - org.springframework.security.web.FilterChainProxy - Securing POST /api/login
2026-03-09 20:48:36 - DEBUG - org.springframework.security.web.authentication.AnonymousAuthenticationFilter - Set SecurityContextHolder to anonymous SecurityContext
2026-03-09 20:48:36 - DEBUG - org.springframework.security.web.FilterChainProxy - Secured POST /api/login
2026-03-09 20:48:36 - DEBUG - org.springframework.security.authentication.dao.DaoAuthenticationProvider - Authenticated user
2026-03-09 20:48:36 - DEBUG - org.springframework.security.web.FilterChainProxy - Securing POST /api/member/order
2026-03-09 20:48:36 - DEBUG - org.springframework.security.web.FilterChainProxy - Secured POST /api/member/order
2026-03-09 20:48:36 - DEBUG - org.springframework.security.web.FilterChainProxy - Securing POST /api/login
2026-03-09 20:48:36 - DEBUG - org.springframework.security.web.authentication.AnonymousAuthenticationFilter - Set SecurityContextHolder to anonymous SecurityContext
2026-03-09 20:48:36 - DEBUG - org.springframework.security.web.FilterChainProxy - Secured POST /api/login
2026-03-09 20:48:37 - DEBUG - org.springframework.security.authentication.dao.DaoAuthenticationProvider - Authenticated user
2026-03-09 20:48:37 - DEBUG - org.springframework.security.web.FilterChainProxy - Securing POST /api/login
2026-03-09 20:48:37 - DEBUG - org.springframework.security.web.authentication.AnonymousAuthenticationFilter - Set SecurityContextHolder to anonymous SecurityContext
2026-03-09 20:48:37 - DEBUG - org.springframework.security.web.FilterChainProxy - Secured POST /api/login
2026-03-09 20:48:37 - DEBUG - org.springframework.security.authentication.dao.DaoAuthenticationProvider - Authenticated user
2026-03-09 20:48:37 - DEBUG - org.springframework.security.web.FilterChainProxy - Securing POST /api/member/order
2026-03-09 20:48:37 - DEBUG - org.springframework.security.web.FilterChainProxy - Secured POST /api/member/order
2026-03-09 20:48:37 - DEBUG - org.springframework.security.web.FilterChainProxy - Securing GET /api/admin/order
2026-03-09 20:48:37 - DEBUG - org.springframework.security.web.FilterChainProxy - Secured GET /api/admin/order
2026-03-09 20:48:37 - WARN - org.springframework.web.servlet.mvc.support.DefaultHandlerExceptionResolver - Ignoring exception, response committed already: org.springframework.http.converter.HttpMessageNotWritableException: Could not write JSON: Document nesting depth (501) exceeds the maximum allowed (500, from `StreamWriteConstraints.getMaxNestingDepth()`)
2026-03-09 20:48:37 - WARN - org.springframework.web.servlet.mvc.support.DefaultHandlerExceptionResolver - Resolved [org.springframework.http.converter.HttpMessageNotWritableException: Could not write JSON: Document nesting depth (501) exceeds the maximum allowed (500, from `StreamWriteConstraints.getMaxNestingDepth()`)]
2026-03-09 20:48:37 - DEBUG - org.springframework.security.web.FilterChainProxy - Securing POST /api/login
2026-03-09 20:48:37 - DEBUG - org.springframework.security.web.authentication.AnonymousAuthenticationFilter - Set SecurityContextHolder to anonymous SecurityContext
2026-03-09 20:48:37 - DEBUG - org.springframework.security.web.FilterChainProxy - Secured POST /api/login
2026-03-09 20:48:38 - DEBUG - org.springframework.security.authentication.dao.DaoAuthenticationProvider - Authenticated user
2026-03-09 20:48:38 - DEBUG - org.springframework.security.web.FilterChainProxy - Securing POST /api/login
2026-03-09 20:48:38 - DEBUG - org.springframework.security.web.authentication.AnonymousAuthenticationFilter - Set SecurityContextHolder to anonymous SecurityContext
2026-03-09 20:48:38 - DEBUG - org.springframework.security.web.FilterChainProxy - Secured POST /api/login
2026-03-09 20:48:38 - DEBUG - org.springframework.security.authentication.dao.DaoAuthenticationProvider - Authenticated user
2026-03-09 20:48:38 - DEBUG - org.springframework.security.web.FilterChainProxy - Securing POST /api/member/order
2026-03-09 20:48:38 - DEBUG - org.springframework.security.web.FilterChainProxy - Secured POST /api/member/order
2026-03-09 20:48:38 - DEBUG - org.springframework.security.web.FilterChainProxy - Securing POST /api/login
2026-03-09 20:48:38 - DEBUG - org.springframework.security.web.authentication.AnonymousAuthenticationFilter - Set SecurityContextHolder to anonymous SecurityContext
2026-03-09 20:48:38 - DEBUG - org.springframework.security.web.FilterChainProxy - Secured POST /api/login
2026-03-09 20:48:39 - DEBUG - org.springframework.security.authentication.dao.DaoAuthenticationProvider - Authenticated user
2026-03-09 20:48:39 - DEBUG - org.springframework.security.web.FilterChainProxy - Securing POST /api/login
2026-03-09 20:48:39 - DEBUG - org.springframework.security.web.authentication.AnonymousAuthenticationFilter - Set SecurityContextHolder to anonymous SecurityContext
2026-03-09 20:48:39 - DEBUG - org.springframework.security.web.FilterChainProxy - Secured POST /api/login
2026-03-09 20:48:39 - DEBUG - org.springframework.security.authentication.dao.DaoAuthenticationProvider - Authenticated user
2026-03-09 20:48:39 - DEBUG - org.springframework.security.web.FilterChainProxy - Securing POST /api/member/order
2026-03-09 20:48:39 - DEBUG - org.springframework.security.web.authentication.AnonymousAuthenticationFilter - Set SecurityContextHolder to anonymous SecurityContext
2026-03-09 20:48:39 - DEBUG - org.springframework.security.web.FilterChainProxy - Securing POST /api/login
2026-03-09 20:48:39 - DEBUG - org.springframework.security.web.authentication.AnonymousAuthenticationFilter - Set SecurityContextHolder to anonymous SecurityContext
2026-03-09 20:48:39 - DEBUG - org.springframework.security.web.FilterChainProxy - Secured POST /api/login
2026-03-09 20:48:40 - DEBUG - org.springframework.security.authentication.dao.DaoAuthenticationProvider - Authenticated user
2026-03-09 20:48:40 - DEBUG - org.springframework.security.web.FilterChainProxy - Securing POST /api/login
2026-03-09 20:48:40 - DEBUG - org.springframework.security.web.authentication.AnonymousAuthenticationFilter - Set SecurityContextHolder to anonymous SecurityContext
2026-03-09 20:48:40 - DEBUG - org.springframework.security.web.FilterChainProxy - Secured POST /api/login
2026-03-09 20:48:40 - DEBUG - org.springframework.security.authentication.dao.DaoAuthenticationProvider - Authenticated user
2026-03-09 20:48:40 - DEBUG - org.springframework.security.web.FilterChainProxy - Securing POST /api/member/order
2026-03-09 20:48:40 - DEBUG - org.springframework.security.web.FilterChainProxy - Secured POST /api/member/order
2026-03-09 20:48:40 - DEBUG - org.springframework.security.web.FilterChainProxy - Securing GET /api/admin/order
2026-03-09 20:48:40 - DEBUG - org.springframework.security.web.FilterChainProxy - Secured GET /api/admin/order
2026-03-09 20:48:40 - WARN - org.springframework.web.servlet.mvc.support.DefaultHandlerExceptionResolver - Ignoring exception, response committed already: org.springframework.http.converter.HttpMessageNotWritableException: Could not write JSON: Document nesting depth (501) exceeds the maximum allowed (500, from `StreamWriteConstraints.getMaxNestingDepth()`)
2026-03-09 20:48:40 - WARN - org.springframework.web.servlet.mvc.support.DefaultHandlerExceptionResolver - Resolved [org.springframework.http.converter.HttpMessageNotWritableException: Could not write JSON: Document nesting depth (501) exceeds the maximum allowed (500, from `StreamWriteConstraints.getMaxNestingDepth()`)]
2026-03-09 20:48:40 - DEBUG - org.springframework.security.web.FilterChainProxy - Securing POST /api/login
2026-03-09 20:48:40 - DEBUG - org.springframework.security.web.authentication.AnonymousAuthenticationFilter - Set SecurityContextHolder to anonymous SecurityContext
2026-03-09 20:48:40 - DEBUG - org.springframework.security.web.FilterChainProxy - Secured POST /api/login
2026-03-09 20:48:41 - DEBUG - org.springframework.security.authentication.dao.DaoAuthenticationProvider - Authenticated user
2026-03-09 20:48:41 - DEBUG - org.springframework.security.web.FilterChainProxy - Securing POST /api/login
2026-03-09 20:48:41 - DEBUG - org.springframework.security.web.authentication.AnonymousAuthenticationFilter - Set SecurityContextHolder to anonymous SecurityContext
2026-03-09 20:48:41 - DEBUG - org.springframework.security.web.FilterChainProxy - Secured POST /api/login
2026-03-09 20:48:41 - DEBUG - org.springframework.security.authentication.dao.DaoAuthenticationProvider - Authenticated user
2026-03-09 20:48:41 - DEBUG - org.springframework.security.web.FilterChainProxy - Securing POST /api/login
2026-03-09 20:48:41 - DEBUG - org.springframework.security.web.authentication.AnonymousAuthenticationFilter - Set SecurityContextHolder to anonymous SecurityContext
2026-03-09 20:48:41 - DEBUG - org.springframework.security.web.FilterChainProxy - Secured POST /api/login
2026-03-09 20:48:42 - DEBUG - org.springframework.security.authentication.dao.DaoAuthenticationProvider - Authenticated user
2026-03-09 20:48:42 - DEBUG - org.springframework.security.web.FilterChainProxy - Securing POST /api/member/order
2026-03-09 20:48:42 - DEBUG - org.springframework.security.web.FilterChainProxy - Secured POST /api/member/order
2026-03-09 20:48:42 - DEBUG - org.springframework.security.web.FilterChainProxy - Securing GET /api/member/order
2026-03-09 20:48:42 - DEBUG - org.springframework.security.web.FilterChainProxy - Secured GET /api/member/order
2026-03-09 20:48:42 - DEBUG - org.springframework.security.web.FilterChainProxy - Securing POST /api/login
2026-03-09 20:48:42 - DEBUG - org.springframework.security.web.authentication.AnonymousAuthenticationFilter - Set SecurityContextHolder to anonymous SecurityContext
2026-03-09 20:48:42 - DEBUG - org.springframework.security.web.FilterChainProxy - Secured POST /api/login
2026-03-09 20:48:42 - DEBUG - org.springframework.security.authentication.dao.DaoAuthenticationProvider - Authenticated user
2026-03-09 20:48:43 - DEBUG - org.springframework.security.web.FilterChainProxy - Securing POST /api/login
2026-03-09 20:48:43 - DEBUG - org.springframework.security.web.authentication.AnonymousAuthenticationFilter - Set SecurityContextHolder to anonymous SecurityContext
2026-03-09 20:48:43 - DEBUG - org.springframework.security.web.FilterChainProxy - Secured POST /api/login
2026-03-09 20:48:43 - DEBUG - org.springframework.security.authentication.dao.DaoAuthenticationProvider - Authenticated user
2026-03-09 20:48:43 - DEBUG - org.springframework.security.web.FilterChainProxy - Securing POST /api/member/order
2026-03-09 20:48:43 - DEBUG - org.springframework.security.web.FilterChainProxy - Secured POST /api/member/order
2026-03-09 20:48:43 - DEBUG - org.springframework.security.web.FilterChainProxy - Securing GET /api/admin/order
2026-03-09 20:48:43 - DEBUG - org.springframework.security.web.FilterChainProxy - Secured GET /api/admin/order
2026-03-09 20:48:43 - WARN - org.springframework.web.servlet.mvc.support.DefaultHandlerExceptionResolver - Ignoring exception, response committed already: org.springframework.http.converter.HttpMessageNotWritableException: Could not write JSON: Document nesting depth (501) exceeds the maximum allowed (500, from `StreamWriteConstraints.getMaxNestingDepth()`)
2026-03-09 20:48:43 - WARN - org.springframework.web.servlet.mvc.support.DefaultHandlerExceptionResolver - Resolved [org.springframework.http.converter.HttpMessageNotWritableException: Could not write JSON: Document nesting depth (501) exceeds the maximum allowed (500, from `StreamWriteConstraints.getMaxNestingDepth()`)]
2026-03-09 20:48:43 - DEBUG - org.springframework.security.web.FilterChainProxy - Securing POST /api/login
2026-03-09 20:48:43 - DEBUG - org.springframework.security.web.authentication.AnonymousAuthenticationFilter - Set SecurityContextHolder to anonymous SecurityContext
2026-03-09 20:48:43 - DEBUG - org.springframework.security.web.FilterChainProxy - Secured POST /api/login
2026-03-09 20:48:43 - DEBUG - org.springframework.security.authentication.dao.DaoAuthenticationProvider - Authenticated user
2026-03-09 20:48:44 - DEBUG - org.springframework.security.web.FilterChainProxy - Securing POST /api/login
2026-03-09 20:48:44 - DEBUG - org.springframework.security.web.authentication.AnonymousAuthenticationFilter - Set SecurityContextHolder to anonymous SecurityContext
2026-03-09 20:48:44 - DEBUG - org.springframework.security.web.FilterChainProxy - Secured POST /api/login
2026-03-09 20:48:44 - DEBUG - org.springframework.security.authentication.dao.DaoAuthenticationProvider - Authenticated user
2026-03-09 20:48:44 - DEBUG - org.springframework.security.web.FilterChainProxy - Securing GET /api/admin/order
2026-03-09 20:48:44 - DEBUG - org.springframework.security.web.access.AccessDeniedHandlerImpl - Responding with 403 status code
2026-03-09 20:48:44 - INFO - org.springframework.orm.jpa.LocalContainerEntityManagerFactoryBean - Closing JPA EntityManagerFactory for persistence unit 'default'
2026-03-09 20:48:44 - INFO - com.zaxxer.hikari.HikariDataSource - HikariPool-1 - Shutdown initiated...
2026-03-09 20:48:44 - INFO - com.zaxxer.hikari.HikariDataSource - HikariPool-1 - Shutdown completed.
2026-03-09 20:52:07 - INFO - com.gotcha.gotcha_api.controller.OrderControllerIntegrationTest - Starting OrderControllerIntegrationTest using Java 23.0.1 with PID 33460 (started by Maksym in G:\Work\gotcha-cafe\gotcha-api\gotcha-api)
2026-03-09 20:52:07 - DEBUG - com.gotcha.gotcha_api.controller.OrderControllerIntegrationTest - Running with Spring Boot v4.0.2, Spring v7.0.3
2026-03-09 20:52:07 - INFO - com.gotcha.gotcha_api.controller.OrderControllerIntegrationTest - The following 1 profile is active: "test"
2026-03-09 20:52:08 - INFO - org.springframework.data.repository.config.RepositoryConfigurationDelegate - Bootstrapping Spring Data JPA repositories in DEFAULT mode.
2026-03-09 20:52:08 - INFO - org.springframework.data.repository.config.RepositoryConfigurationDelegate - Finished Spring Data repository scanning in 45 ms. Found 6 JPA repository interfaces.
2026-03-09 20:52:09 - INFO - org.hibernate.orm.jpa - HHH008540: Processing PersistenceUnitInfo [name: default]
2026-03-09 20:52:09 - INFO - org.hibernate.orm.core - HHH000001: Hibernate ORM core version 7.2.1.Final
2026-03-09 20:52:10 - INFO - org.springframework.orm.jpa.persistenceunit.SpringPersistenceUnitInfo - No LoadTimeWeaver setup: ignoring JPA class transformer
2026-03-09 20:52:10 - INFO - com.zaxxer.hikari.HikariDataSource - HikariPool-1 - Starting...
2026-03-09 20:52:10 - INFO - com.zaxxer.hikari.pool.HikariPool - HikariPool-1 - Added connection conn0: url=jdbc:h2:mem:testdb user=POSTGRES
2026-03-09 20:52:10 - INFO - com.zaxxer.hikari.HikariDataSource - HikariPool-1 - Start completed.
2026-03-09 20:52:10 - INFO - org.hibernate.orm.connections.pooling - HHH10001005: Database info:
	Database JDBC URL [jdbc:h2:mem:testdb]
	Database driver: H2 JDBC Driver
	Database dialect: H2Dialect
	Database version: 2.4.240
	Default catalog/schema: testdb/public
	Autocommit mode: undefined/unknown
	Isolation level: READ_COMMITTED [default READ_COMMITTED]
	JDBC fetch size: 100
	Pool: DataSourceConnectionProvider
	Minimum pool size: undefined/unknown
	Maximum pool size: undefined/unknown
2026-03-09 20:52:11 - INFO - org.hibernate.orm.core - HHH000489: No JTA platform available (set 'hibernate.transaction.jta.platform' to enable JTA platform integration)
2026-03-09 20:52:11 - INFO - org.springframework.orm.jpa.LocalContainerEntityManagerFactoryBean - Initialized JPA EntityManagerFactory for persistence unit 'default'
2026-03-09 20:52:11 - INFO - org.springframework.data.jpa.repository.query.QueryEnhancerFactories - Hibernate is in classpath; If applicable, HQL parser will be used.
2026-03-09 20:52:11 - INFO - com.gotcha.gotcha_api.service.JWTService - Generated key length: 256 bits
2026-03-09 20:52:11 - INFO - org.springframework.security.config.annotation.authentication.configuration.InitializeAuthenticationProviderBeanManagerConfigurer$InitializeAuthenticationProviderManagerConfigurer - Global AuthenticationManager configured with AuthenticationProvider bean with name authProvider
2026-03-09 20:52:11 - WARN - org.springframework.security.config.annotation.authentication.configuration.InitializeUserDetailsBeanManagerConfigurer$InitializeUserDetailsManagerConfigurer - Global AuthenticationManager configured with an AuthenticationProvider bean. UserDetailsService beans will not be used by Spring Security for automatically configuring username/password login. Consider removing the AuthenticationProvider bean. Alternatively, consider using the UserDetailsService in a manually instantiated DaoAuthenticationProvider. If the current configuration is intentional, to turn off this warning, increase the logging level of 'org.springframework.security.config.annotation.authentication.configuration.InitializeUserDetailsBeanManagerConfigurer' to ERROR
2026-03-09 20:52:12 - WARN - org.springframework.boot.jpa.autoconfigure.JpaBaseConfiguration$JpaWebConfiguration - spring.jpa.open-in-view is enabled by default. Therefore, database queries may be performed during view rendering. Explicitly configure spring.jpa.open-in-view to disable this warning
2026-03-09 20:52:12 - DEBUG - org.springframework.security.web.DefaultSecurityFilterChain - Will secure any request with filters: DisableEncodeUrlFilter, WebAsyncManagerIntegrationFilter, SecurityContextHolderFilter, HeaderWriterFilter, LogoutFilter, JWTFilter, RequestCacheAwareFilter, SecurityContextHolderAwareRequestFilter, AnonymousAuthenticationFilter, SessionManagementFilter, ExceptionTranslationFilter, AuthorizationFilter
2026-03-09 20:52:13 - DEBUG - com.gotcha.gotcha_api.securityConfig.JWTFilter - Filter 'JWTFilter' configured for use
2026-03-09 20:52:13 - INFO - org.springframework.boot.test.mock.web.SpringBootMockServletContext - Initializing Spring TestDispatcherServlet ''
2026-03-09 20:52:13 - INFO - org.springframework.test.web.servlet.TestDispatcherServlet - Initializing Servlet ''
2026-03-09 20:52:13 - INFO - org.springframework.test.web.servlet.TestDispatcherServlet - Completed initialization in 6 ms
2026-03-09 20:52:13 - INFO - com.gotcha.gotcha_api.controller.OrderControllerIntegrationTest - Started OrderControllerIntegrationTest in 6.14 seconds (process running for 7.651)
2026-03-09 20:52:14 - DEBUG - org.springframework.security.web.FilterChainProxy - Securing POST /api/login
2026-03-09 20:52:14 - DEBUG - org.springframework.security.web.authentication.AnonymousAuthenticationFilter - Set SecurityContextHolder to anonymous SecurityContext
2026-03-09 20:52:14 - DEBUG - org.springframework.security.web.FilterChainProxy - Secured POST /api/login
2026-03-09 20:52:15 - DEBUG - org.springframework.security.authentication.dao.DaoAuthenticationProvider - Authenticated user
2026-03-09 20:52:15 - DEBUG - org.springframework.security.web.FilterChainProxy - Securing POST /api/login
2026-03-09 20:52:15 - DEBUG - org.springframework.security.web.authentication.AnonymousAuthenticationFilter - Set SecurityContextHolder to anonymous SecurityContext
2026-03-09 20:52:15 - DEBUG - org.springframework.security.web.FilterChainProxy - Secured POST /api/login
2026-03-09 20:52:15 - DEBUG - org.springframework.security.authentication.dao.DaoAuthenticationProvider - Authenticated user
2026-03-09 20:52:15 - DEBUG - org.springframework.security.web.FilterChainProxy - Securing POST /api/member/order
2026-03-09 20:52:15 - DEBUG - org.springframework.security.web.FilterChainProxy - Secured POST /api/member/order
2026-03-09 20:52:15 - DEBUG - org.springframework.security.web.FilterChainProxy - Securing GET /api/member/order
2026-03-09 20:52:15 - DEBUG - org.springframework.security.web.FilterChainProxy - Secured GET /api/member/order
2026-03-09 20:52:16 - DEBUG - org.springframework.security.web.FilterChainProxy - Securing POST /api/login
2026-03-09 20:52:16 - DEBUG - org.springframework.security.web.authentication.AnonymousAuthenticationFilter - Set SecurityContextHolder to anonymous SecurityContext
2026-03-09 20:52:16 - DEBUG - org.springframework.security.web.FilterChainProxy - Secured POST /api/login
2026-03-09 20:52:16 - DEBUG - org.springframework.security.authentication.dao.DaoAuthenticationProvider - Authenticated user
2026-03-09 20:52:16 - DEBUG - org.springframework.security.web.FilterChainProxy - Securing POST /api/login
2026-03-09 20:52:16 - DEBUG - org.springframework.security.web.authentication.AnonymousAuthenticationFilter - Set SecurityContextHolder to anonymous SecurityContext
2026-03-09 20:52:16 - DEBUG - org.springframework.security.web.FilterChainProxy - Secured POST /api/login
2026-03-09 20:52:16 - DEBUG - org.springframework.security.authentication.dao.DaoAuthenticationProvider - Authenticated user
2026-03-09 20:52:16 - DEBUG - org.springframework.security.web.FilterChainProxy - Securing GET /api/admin/order/9999
2026-03-09 20:52:16 - DEBUG - org.springframework.security.web.FilterChainProxy - Secured GET /api/admin/order/9999
2026-03-09 20:52:17 - DEBUG - org.springframework.security.web.FilterChainProxy - Securing POST /api/login
2026-03-09 20:52:17 - DEBUG - org.springframework.security.web.authentication.AnonymousAuthenticationFilter - Set SecurityContextHolder to anonymous SecurityContext
2026-03-09 20:52:17 - DEBUG - org.springframework.security.web.FilterChainProxy - Secured POST /api/login
2026-03-09 20:52:17 - DEBUG - org.springframework.security.authentication.dao.DaoAuthenticationProvider - Authenticated user
2026-03-09 20:52:17 - DEBUG - org.springframework.security.web.FilterChainProxy - Securing POST /api/login
2026-03-09 20:52:17 - DEBUG - org.springframework.security.web.authentication.AnonymousAuthenticationFilter - Set SecurityContextHolder to anonymous SecurityContext
2026-03-09 20:52:17 - DEBUG - org.springframework.security.web.FilterChainProxy - Secured POST /api/login
2026-03-09 20:52:17 - DEBUG - org.springframework.security.authentication.dao.DaoAuthenticationProvider - Authenticated user
2026-03-09 20:52:17 - DEBUG - org.springframework.security.web.FilterChainProxy - Securing POST /api/member/order
2026-03-09 20:52:17 - DEBUG - org.springframework.security.web.FilterChainProxy - Secured POST /api/member/order
2026-03-09 20:52:18 - DEBUG - org.springframework.security.web.FilterChainProxy - Securing POST /api/login
2026-03-09 20:52:18 - DEBUG - org.springframework.security.web.authentication.AnonymousAuthenticationFilter - Set SecurityContextHolder to anonymous SecurityContext
2026-03-09 20:52:18 - DEBUG - org.springframework.security.web.FilterChainProxy - Secured POST /api/login
2026-03-09 20:52:18 - DEBUG - org.springframework.security.authentication.dao.DaoAuthenticationProvider - Authenticated user
2026-03-09 20:52:18 - DEBUG - org.springframework.security.web.FilterChainProxy - Securing POST /api/login
2026-03-09 20:52:18 - DEBUG - org.springframework.security.web.authentication.AnonymousAuthenticationFilter - Set SecurityContextHolder to anonymous SecurityContext
2026-03-09 20:52:18 - DEBUG - org.springframework.security.web.FilterChainProxy - Secured POST /api/login
2026-03-09 20:52:18 - DEBUG - org.springframework.security.authentication.dao.DaoAuthenticationProvider - Authenticated user
2026-03-09 20:52:18 - DEBUG - org.springframework.security.web.FilterChainProxy - Securing GET /api/member/order
2026-03-09 20:52:18 - DEBUG - org.springframework.security.web.FilterChainProxy - Secured GET /api/member/order
2026-03-09 20:52:19 - DEBUG - org.springframework.security.web.FilterChainProxy - Securing POST /api/login
2026-03-09 20:52:19 - DEBUG - org.springframework.security.web.authentication.AnonymousAuthenticationFilter - Set SecurityContextHolder to anonymous SecurityContext
2026-03-09 20:52:19 - DEBUG - org.springframework.security.web.FilterChainProxy - Secured POST /api/login
2026-03-09 20:52:19 - DEBUG - org.springframework.security.authentication.dao.DaoAuthenticationProvider - Authenticated user
2026-03-09 20:52:19 - DEBUG - org.springframework.security.web.FilterChainProxy - Securing POST /api/login
2026-03-09 20:52:19 - DEBUG - org.springframework.security.web.authentication.AnonymousAuthenticationFilter - Set SecurityContextHolder to anonymous SecurityContext
2026-03-09 20:52:19 - DEBUG - org.springframework.security.web.FilterChainProxy - Secured POST /api/login
2026-03-09 20:52:19 - DEBUG - org.springframework.security.authentication.dao.DaoAuthenticationProvider - Authenticated user
2026-03-09 20:52:19 - DEBUG - org.springframework.security.web.FilterChainProxy - Securing GET /api/admin/order/1
2026-03-09 20:52:19 - DEBUG - org.springframework.security.web.access.AccessDeniedHandlerImpl - Responding with 403 status code
2026-03-09 20:52:20 - DEBUG - org.springframework.security.web.FilterChainProxy - Securing POST /api/login
2026-03-09 20:52:20 - DEBUG - org.springframework.security.web.authentication.AnonymousAuthenticationFilter - Set SecurityContextHolder to anonymous SecurityContext
2026-03-09 20:52:20 - DEBUG - org.springframework.security.web.FilterChainProxy - Secured POST /api/login
2026-03-09 20:52:20 - DEBUG - org.springframework.security.authentication.dao.DaoAuthenticationProvider - Authenticated user
2026-03-09 20:52:20 - DEBUG - org.springframework.security.web.FilterChainProxy - Securing POST /api/login
2026-03-09 20:52:20 - DEBUG - org.springframework.security.web.authentication.AnonymousAuthenticationFilter - Set SecurityContextHolder to anonymous SecurityContext
2026-03-09 20:52:20 - DEBUG - org.springframework.security.web.FilterChainProxy - Secured POST /api/login
2026-03-09 20:52:20 - DEBUG - org.springframework.security.authentication.dao.DaoAuthenticationProvider - Authenticated user
2026-03-09 20:52:20 - DEBUG - org.springframework.security.web.FilterChainProxy - Securing POST /api/member/order
2026-03-09 20:52:20 - DEBUG - org.springframework.security.web.FilterChainProxy - Secured POST /api/member/order
2026-03-09 20:52:21 - DEBUG - org.springframework.security.web.FilterChainProxy - Securing POST /api/login
2026-03-09 20:52:21 - DEBUG - org.springframework.security.web.authentication.AnonymousAuthenticationFilter - Set SecurityContextHolder to anonymous SecurityContext
2026-03-09 20:52:21 - DEBUG - org.springframework.security.web.FilterChainProxy - Secured POST /api/login
2026-03-09 20:52:21 - DEBUG - org.springframework.security.authentication.dao.DaoAuthenticationProvider - Authenticated user
2026-03-09 20:52:21 - DEBUG - org.springframework.security.web.FilterChainProxy - Securing POST /api/login
2026-03-09 20:52:21 - DEBUG - org.springframework.security.web.authentication.AnonymousAuthenticationFilter - Set SecurityContextHolder to anonymous SecurityContext
2026-03-09 20:52:21 - DEBUG - org.springframework.security.web.FilterChainProxy - Secured POST /api/login
2026-03-09 20:52:21 - DEBUG - org.springframework.security.authentication.dao.DaoAuthenticationProvider - Authenticated user
2026-03-09 20:52:21 - DEBUG - org.springframework.security.web.FilterChainProxy - Securing GET /api/member/order
2026-03-09 20:52:21 - DEBUG - org.springframework.security.web.authentication.AnonymousAuthenticationFilter - Set SecurityContextHolder to anonymous SecurityContext
2026-03-09 20:52:22 - DEBUG - org.springframework.security.web.FilterChainProxy - Securing POST /api/login
2026-03-09 20:52:22 - DEBUG - org.springframework.security.web.authentication.AnonymousAuthenticationFilter - Set SecurityContextHolder to anonymous SecurityContext
2026-03-09 20:52:22 - DEBUG - org.springframework.security.web.FilterChainProxy - Secured POST /api/login
2026-03-09 20:52:22 - DEBUG - org.springframework.security.authentication.dao.DaoAuthenticationProvider - Authenticated user
2026-03-09 20:52:22 - DEBUG - org.springframework.security.web.FilterChainProxy - Securing POST /api/login
2026-03-09 20:52:22 - DEBUG - org.springframework.security.web.authentication.AnonymousAuthenticationFilter - Set SecurityContextHolder to anonymous SecurityContext
2026-03-09 20:52:22 - DEBUG - org.springframework.security.web.FilterChainProxy - Secured POST /api/login
2026-03-09 20:52:22 - DEBUG - org.springframework.security.authentication.dao.DaoAuthenticationProvider - Authenticated user
2026-03-09 20:52:22 - DEBUG - org.springframework.security.web.FilterChainProxy - Securing POST /api/member/order
2026-03-09 20:52:22 - DEBUG - org.springframework.security.web.FilterChainProxy - Secured POST /api/member/order
2026-03-09 20:52:23 - DEBUG - org.springframework.security.web.FilterChainProxy - Securing POST /api/login
2026-03-09 20:52:23 - DEBUG - org.springframework.security.web.authentication.AnonymousAuthenticationFilter - Set SecurityContextHolder to anonymous SecurityContext
2026-03-09 20:52:23 - DEBUG - org.springframework.security.web.FilterChainProxy - Secured POST /api/login
2026-03-09 20:52:23 - DEBUG - org.springframework.security.authentication.dao.DaoAuthenticationProvider - Authenticated user
2026-03-09 20:52:23 - DEBUG - org.springframework.security.web.FilterChainProxy - Securing POST /api/login
2026-03-09 20:52:23 - DEBUG - org.springframework.security.web.authentication.AnonymousAuthenticationFilter - Set SecurityContextHolder to anonymous SecurityContext
2026-03-09 20:52:23 - DEBUG - org.springframework.security.web.FilterChainProxy - Secured POST /api/login
2026-03-09 20:52:23 - DEBUG - org.springframework.security.authentication.dao.DaoAuthenticationProvider - Authenticated user
2026-03-09 20:52:23 - DEBUG - org.springframework.security.web.FilterChainProxy - Securing POST /api/member/order
2026-03-09 20:52:23 - DEBUG - org.springframework.security.web.FilterChainProxy - Secured POST /api/member/order
2026-03-09 20:52:23 - DEBUG - org.springframework.security.web.FilterChainProxy - Securing GET /api/admin/order
2026-03-09 20:52:23 - DEBUG - org.springframework.security.web.FilterChainProxy - Secured GET /api/admin/order
2026-03-09 20:52:23 - WARN - org.springframework.web.servlet.mvc.support.DefaultHandlerExceptionResolver - Ignoring exception, response committed already: org.springframework.http.converter.HttpMessageNotWritableException: Could not write JSON: Document nesting depth (501) exceeds the maximum allowed (500, from `StreamWriteConstraints.getMaxNestingDepth()`)
2026-03-09 20:52:23 - WARN - org.springframework.web.servlet.mvc.support.DefaultHandlerExceptionResolver - Resolved [org.springframework.http.converter.HttpMessageNotWritableException: Could not write JSON: Document nesting depth (501) exceeds the maximum allowed (500, from `StreamWriteConstraints.getMaxNestingDepth()`)]
2026-03-09 20:52:24 - DEBUG - org.springframework.security.web.FilterChainProxy - Securing POST /api/login
2026-03-09 20:52:24 - DEBUG - org.springframework.security.web.authentication.AnonymousAuthenticationFilter - Set SecurityContextHolder to anonymous SecurityContext
2026-03-09 20:52:24 - DEBUG - org.springframework.security.web.FilterChainProxy - Secured POST /api/login
2026-03-09 20:52:24 - DEBUG - org.springframework.security.authentication.dao.DaoAuthenticationProvider - Authenticated user
2026-03-09 20:52:24 - DEBUG - org.springframework.security.web.FilterChainProxy - Securing POST /api/login
2026-03-09 20:52:24 - DEBUG - org.springframework.security.web.authentication.AnonymousAuthenticationFilter - Set SecurityContextHolder to anonymous SecurityContext
2026-03-09 20:52:24 - DEBUG - org.springframework.security.web.FilterChainProxy - Secured POST /api/login
2026-03-09 20:52:25 - DEBUG - org.springframework.security.authentication.dao.DaoAuthenticationProvider - Authenticated user
2026-03-09 20:52:25 - DEBUG - org.springframework.security.web.FilterChainProxy - Securing POST /api/member/order
2026-03-09 20:52:25 - DEBUG - org.springframework.security.web.FilterChainProxy - Secured POST /api/member/order
2026-03-09 20:52:25 - DEBUG - org.springframework.security.web.FilterChainProxy - Securing POST /api/login
2026-03-09 20:52:25 - DEBUG - org.springframework.security.web.authentication.AnonymousAuthenticationFilter - Set SecurityContextHolder to anonymous SecurityContext
2026-03-09 20:52:25 - DEBUG - org.springframework.security.web.FilterChainProxy - Secured POST /api/login
2026-03-09 20:52:25 - DEBUG - org.springframework.security.authentication.dao.DaoAuthenticationProvider - Authenticated user
2026-03-09 20:52:25 - DEBUG - org.springframework.security.web.FilterChainProxy - Securing POST /api/login
2026-03-09 20:52:25 - DEBUG - org.springframework.security.web.authentication.AnonymousAuthenticationFilter - Set SecurityContextHolder to anonymous SecurityContext
2026-03-09 20:52:25 - DEBUG - org.springframework.security.web.FilterChainProxy - Secured POST /api/login
2026-03-09 20:52:26 - DEBUG - org.springframework.security.authentication.dao.DaoAuthenticationProvider - Authenticated user
2026-03-09 20:52:26 - DEBUG - org.springframework.security.web.FilterChainProxy - Securing POST /api/member/order
2026-03-09 20:52:26 - DEBUG - org.springframework.security.web.authentication.AnonymousAuthenticationFilter - Set SecurityContextHolder to anonymous SecurityContext
2026-03-09 20:52:26 - DEBUG - org.springframework.security.web.FilterChainProxy - Securing POST /api/login
2026-03-09 20:52:26 - DEBUG - org.springframework.security.web.authentication.AnonymousAuthenticationFilter - Set SecurityContextHolder to anonymous SecurityContext
2026-03-09 20:52:26 - DEBUG - org.springframework.security.web.FilterChainProxy - Secured POST /api/login
2026-03-09 20:52:26 - DEBUG - org.springframework.security.authentication.dao.DaoAuthenticationProvider - Authenticated user
2026-03-09 20:52:26 - DEBUG - org.springframework.security.web.FilterChainProxy - Securing POST /api/login
2026-03-09 20:52:26 - DEBUG - org.springframework.security.web.authentication.AnonymousAuthenticationFilter - Set SecurityContextHolder to anonymous SecurityContext
2026-03-09 20:52:26 - DEBUG - org.springframework.security.web.FilterChainProxy - Secured POST /api/login
2026-03-09 20:52:27 - DEBUG - org.springframework.security.authentication.dao.DaoAuthenticationProvider - Authenticated user
2026-03-09 20:52:27 - DEBUG - org.springframework.security.web.FilterChainProxy - Securing POST /api/member/order
2026-03-09 20:52:27 - DEBUG - org.springframework.security.web.FilterChainProxy - Secured POST /api/member/order
2026-03-09 20:52:27 - DEBUG - org.springframework.security.web.FilterChainProxy - Securing GET /api/admin/order
2026-03-09 20:52:27 - DEBUG - org.springframework.security.web.FilterChainProxy - Secured GET /api/admin/order
2026-03-09 20:52:27 - WARN - org.springframework.web.servlet.mvc.support.DefaultHandlerExceptionResolver - Ignoring exception, response committed already: org.springframework.http.converter.HttpMessageNotWritableException: Could not write JSON: Document nesting depth (501) exceeds the maximum allowed (500, from `StreamWriteConstraints.getMaxNestingDepth()`)
2026-03-09 20:52:27 - WARN - org.springframework.web.servlet.mvc.support.DefaultHandlerExceptionResolver - Resolved [org.springframework.http.converter.HttpMessageNotWritableException: Could not write JSON: Document nesting depth (501) exceeds the maximum allowed (500, from `StreamWriteConstraints.getMaxNestingDepth()`)]
2026-03-09 20:52:27 - DEBUG - org.springframework.security.web.FilterChainProxy - Securing POST /api/login
2026-03-09 20:52:27 - DEBUG - org.springframework.security.web.authentication.AnonymousAuthenticationFilter - Set SecurityContextHolder to anonymous SecurityContext
2026-03-09 20:52:27 - DEBUG - org.springframework.security.web.FilterChainProxy - Secured POST /api/login
2026-03-09 20:52:27 - DEBUG - org.springframework.security.authentication.dao.DaoAuthenticationProvider - Authenticated user
2026-03-09 20:52:27 - DEBUG - org.springframework.security.web.FilterChainProxy - Securing POST /api/login
2026-03-09 20:52:27 - DEBUG - org.springframework.security.web.authentication.AnonymousAuthenticationFilter - Set SecurityContextHolder to anonymous SecurityContext
2026-03-09 20:52:27 - DEBUG - org.springframework.security.web.FilterChainProxy - Secured POST /api/login
2026-03-09 20:52:28 - DEBUG - org.springframework.security.authentication.dao.DaoAuthenticationProvider - Authenticated user
2026-03-09 20:52:28 - DEBUG - org.springframework.security.web.FilterChainProxy - Securing POST /api/login
2026-03-09 20:52:28 - DEBUG - org.springframework.security.web.authentication.AnonymousAuthenticationFilter - Set SecurityContextHolder to anonymous SecurityContext
2026-03-09 20:52:28 - DEBUG - org.springframework.security.web.FilterChainProxy - Secured POST /api/login
2026-03-09 20:52:28 - DEBUG - org.springframework.security.authentication.dao.DaoAuthenticationProvider - Authenticated user
2026-03-09 20:52:28 - DEBUG - org.springframework.security.web.FilterChainProxy - Securing POST /api/member/order
2026-03-09 20:52:28 - DEBUG - org.springframework.security.web.FilterChainProxy - Secured POST /api/member/order
2026-03-09 20:52:28 - DEBUG - org.springframework.security.web.FilterChainProxy - Securing GET /api/member/order
2026-03-09 20:52:28 - DEBUG - org.springframework.security.web.FilterChainProxy - Secured GET /api/member/order
2026-03-09 20:52:28 - INFO - org.springframework.orm.jpa.LocalContainerEntityManagerFactoryBean - Closing JPA EntityManagerFactory for persistence unit 'default'
2026-03-09 20:52:28 - INFO - com.zaxxer.hikari.HikariDataSource - HikariPool-1 - Shutdown initiated...
2026-03-09 20:52:28 - INFO - com.zaxxer.hikari.HikariDataSource - HikariPool-1 - Shutdown completed.
2026-03-09 20:52:35 - INFO - com.gotcha.gotcha_api.controller.SubscriptionControllerIntegrationTest - Starting SubscriptionControllerIntegrationTest using Java 23.0.1 with PID 16976 (started by Maksym in G:\Work\gotcha-cafe\gotcha-api\gotcha-api)
2026-03-09 20:52:35 - DEBUG - com.gotcha.gotcha_api.controller.SubscriptionControllerIntegrationTest - Running with Spring Boot v4.0.2, Spring v7.0.3
2026-03-09 20:52:35 - INFO - com.gotcha.gotcha_api.controller.SubscriptionControllerIntegrationTest - The following 1 profile is active: "test"
2026-03-09 20:52:37 - INFO - org.springframework.data.repository.config.RepositoryConfigurationDelegate - Bootstrapping Spring Data JPA repositories in DEFAULT mode.
2026-03-09 20:52:37 - INFO - org.springframework.data.repository.config.RepositoryConfigurationDelegate - Finished Spring Data repository scanning in 87 ms. Found 6 JPA repository interfaces.
2026-03-09 20:52:39 - INFO - org.hibernate.orm.jpa - HHH008540: Processing PersistenceUnitInfo [name: default]
2026-03-09 20:52:39 - INFO - org.hibernate.orm.core - HHH000001: Hibernate ORM core version 7.2.1.Final
2026-03-09 20:52:39 - INFO - org.springframework.orm.jpa.persistenceunit.SpringPersistenceUnitInfo - No LoadTimeWeaver setup: ignoring JPA class transformer
2026-03-09 20:52:39 - INFO - com.zaxxer.hikari.HikariDataSource - HikariPool-1 - Starting...
2026-03-09 20:52:40 - INFO - com.zaxxer.hikari.pool.HikariPool - HikariPool-1 - Added connection conn0: url=jdbc:h2:mem:testdb user=POSTGRES
2026-03-09 20:52:40 - INFO - com.zaxxer.hikari.HikariDataSource - HikariPool-1 - Start completed.
2026-03-09 20:52:40 - INFO - org.hibernate.orm.connections.pooling - HHH10001005: Database info:
	Database JDBC URL [jdbc:h2:mem:testdb]
	Database driver: H2 JDBC Driver
	Database dialect: H2Dialect
	Database version: 2.4.240
	Default catalog/schema: testdb/public
	Autocommit mode: undefined/unknown
	Isolation level: READ_COMMITTED [default READ_COMMITTED]
	JDBC fetch size: 100
	Pool: DataSourceConnectionProvider
	Minimum pool size: undefined/unknown
	Maximum pool size: undefined/unknown
2026-03-09 20:52:41 - INFO - org.hibernate.orm.core - HHH000489: No JTA platform available (set 'hibernate.transaction.jta.platform' to enable JTA platform integration)
2026-03-09 20:52:42 - INFO - org.springframework.orm.jpa.LocalContainerEntityManagerFactoryBean - Initialized JPA EntityManagerFactory for persistence unit 'default'
2026-03-09 20:52:42 - INFO - org.springframework.data.jpa.repository.query.QueryEnhancerFactories - Hibernate is in classpath; If applicable, HQL parser will be used.
2026-03-09 20:52:42 - INFO - com.gotcha.gotcha_api.service.JWTService - Generated key length: 256 bits
2026-03-09 20:52:42 - INFO - org.springframework.security.config.annotation.authentication.configuration.InitializeAuthenticationProviderBeanManagerConfigurer$InitializeAuthenticationProviderManagerConfigurer - Global AuthenticationManager configured with AuthenticationProvider bean with name authProvider
2026-03-09 20:52:42 - WARN - org.springframework.security.config.annotation.authentication.configuration.InitializeUserDetailsBeanManagerConfigurer$InitializeUserDetailsManagerConfigurer - Global AuthenticationManager configured with an AuthenticationProvider bean. UserDetailsService beans will not be used by Spring Security for automatically configuring username/password login. Consider removing the AuthenticationProvider bean. Alternatively, consider using the UserDetailsService in a manually instantiated DaoAuthenticationProvider. If the current configuration is intentional, to turn off this warning, increase the logging level of 'org.springframework.security.config.annotation.authentication.configuration.InitializeUserDetailsBeanManagerConfigurer' to ERROR
2026-03-09 20:52:43 - WARN - org.springframework.boot.jpa.autoconfigure.JpaBaseConfiguration$JpaWebConfiguration - spring.jpa.open-in-view is enabled by default. Therefore, database queries may be performed during view rendering. Explicitly configure spring.jpa.open-in-view to disable this warning
2026-03-09 20:52:44 - DEBUG - org.springframework.security.web.DefaultSecurityFilterChain - Will secure any request with filters: DisableEncodeUrlFilter, WebAsyncManagerIntegrationFilter, SecurityContextHolderFilter, HeaderWriterFilter, LogoutFilter, JWTFilter, RequestCacheAwareFilter, SecurityContextHolderAwareRequestFilter, AnonymousAuthenticationFilter, SessionManagementFilter, ExceptionTranslationFilter, AuthorizationFilter
2026-03-09 20:52:44 - DEBUG - com.gotcha.gotcha_api.securityConfig.JWTFilter - Filter 'JWTFilter' configured for use
2026-03-09 20:52:44 - INFO - org.springframework.boot.test.mock.web.SpringBootMockServletContext - Initializing Spring TestDispatcherServlet ''
2026-03-09 20:52:44 - INFO - org.springframework.test.web.servlet.TestDispatcherServlet - Initializing Servlet ''
2026-03-09 20:52:44 - INFO - org.springframework.test.web.servlet.TestDispatcherServlet - Completed initialization in 0 ms
2026-03-09 20:52:44 - INFO - com.gotcha.gotcha_api.controller.SubscriptionControllerIntegrationTest - Started SubscriptionControllerIntegrationTest in 9.566 seconds (process running for 11.464)
2026-03-09 20:52:45 - DEBUG - org.springframework.security.web.FilterChainProxy - Securing POST /api/login
2026-03-09 20:52:45 - DEBUG - org.springframework.security.web.authentication.AnonymousAuthenticationFilter - Set SecurityContextHolder to anonymous SecurityContext
2026-03-09 20:52:45 - DEBUG - org.springframework.security.web.FilterChainProxy - Secured POST /api/login
2026-03-09 20:52:46 - DEBUG - org.springframework.security.authentication.dao.DaoAuthenticationProvider - Authenticated user
2026-03-09 20:52:46 - DEBUG - org.springframework.security.web.FilterChainProxy - Securing POST /api/member/subscription
2026-03-09 20:52:46 - DEBUG - org.springframework.security.web.authentication.AnonymousAuthenticationFilter - Set SecurityContextHolder to anonymous SecurityContext
2026-03-09 20:52:46 - DEBUG - org.springframework.security.web.FilterChainProxy - Securing POST /api/login
2026-03-09 20:52:46 - DEBUG - org.springframework.security.web.authentication.AnonymousAuthenticationFilter - Set SecurityContextHolder to anonymous SecurityContext
2026-03-09 20:52:46 - DEBUG - org.springframework.security.web.FilterChainProxy - Secured POST /api/login
2026-03-09 20:52:47 - DEBUG - org.springframework.security.authentication.dao.DaoAuthenticationProvider - Authenticated user
2026-03-09 20:52:47 - DEBUG - org.springframework.security.web.FilterChainProxy - Securing POST /api/member/subscription
2026-03-09 20:52:47 - DEBUG - org.springframework.security.web.FilterChainProxy - Secured POST /api/member/subscription
2026-03-09 20:52:47 - DEBUG - org.springframework.security.web.FilterChainProxy - Securing POST /api/login
2026-03-09 20:52:47 - DEBUG - org.springframework.security.web.authentication.AnonymousAuthenticationFilter - Set SecurityContextHolder to anonymous SecurityContext
2026-03-09 20:52:47 - DEBUG - org.springframework.security.web.FilterChainProxy - Secured POST /api/login
2026-03-09 20:52:47 - DEBUG - org.springframework.security.authentication.dao.DaoAuthenticationProvider - Authenticated user
2026-03-09 20:52:47 - DEBUG - org.springframework.security.web.FilterChainProxy - Securing POST /api/member/subscription
2026-03-09 20:52:47 - DEBUG - org.springframework.security.web.FilterChainProxy - Secured POST /api/member/subscription
2026-03-09 20:52:47 - DEBUG - org.springframework.security.web.FilterChainProxy - Securing POST /api/login
2026-03-09 20:52:47 - DEBUG - org.springframework.security.web.authentication.AnonymousAuthenticationFilter - Set SecurityContextHolder to anonymous SecurityContext
2026-03-09 20:52:47 - DEBUG - org.springframework.security.web.FilterChainProxy - Secured POST /api/login
2026-03-09 20:52:48 - DEBUG - org.springframework.security.authentication.dao.DaoAuthenticationProvider - Authenticated user
2026-03-09 20:52:48 - DEBUG - org.springframework.security.web.FilterChainProxy - Securing DELETE /api/member/subscription
2026-03-09 20:52:48 - DEBUG - org.springframework.security.web.authentication.AnonymousAuthenticationFilter - Set SecurityContextHolder to anonymous SecurityContext
2026-03-09 20:52:48 - DEBUG - org.springframework.security.web.FilterChainProxy - Securing POST /api/login
2026-03-09 20:52:48 - DEBUG - org.springframework.security.web.authentication.AnonymousAuthenticationFilter - Set SecurityContextHolder to anonymous SecurityContext
2026-03-09 20:52:48 - DEBUG - org.springframework.security.web.FilterChainProxy - Secured POST /api/login
2026-03-09 20:52:48 - DEBUG - org.springframework.security.authentication.dao.DaoAuthenticationProvider - Authenticated user
2026-03-09 20:52:48 - DEBUG - org.springframework.security.web.FilterChainProxy - Securing DELETE /api/member/subscription
2026-03-09 20:52:48 - DEBUG - org.springframework.security.web.FilterChainProxy - Secured DELETE /api/member/subscription
2026-03-09 20:52:48 - INFO - org.springframework.orm.jpa.LocalContainerEntityManagerFactoryBean - Closing JPA EntityManagerFactory for persistence unit 'default'
2026-03-09 20:52:48 - INFO - com.zaxxer.hikari.HikariDataSource - HikariPool-1 - Shutdown initiated...
2026-03-09 20:52:48 - INFO - com.zaxxer.hikari.HikariDataSource - HikariPool-1 - Shutdown completed.
2026-03-09 20:56:06 - INFO - com.gotcha.gotcha_api.controller.SubscriptionControllerIntegrationTest - Starting SubscriptionControllerIntegrationTest using Java 23.0.1 with PID 34292 (started by Maksym in G:\Work\gotcha-cafe\gotcha-api\gotcha-api)
2026-03-09 20:56:06 - DEBUG - com.gotcha.gotcha_api.controller.SubscriptionControllerIntegrationTest - Running with Spring Boot v4.0.2, Spring v7.0.3
2026-03-09 20:56:06 - INFO - com.gotcha.gotcha_api.controller.SubscriptionControllerIntegrationTest - The following 1 profile is active: "test"
2026-03-09 20:56:09 - INFO - org.springframework.data.repository.config.RepositoryConfigurationDelegate - Bootstrapping Spring Data JPA repositories in DEFAULT mode.
2026-03-09 20:56:09 - INFO - org.springframework.data.repository.config.RepositoryConfigurationDelegate - Finished Spring Data repository scanning in 132 ms. Found 6 JPA repository interfaces.
2026-03-09 20:56:13 - INFO - org.hibernate.orm.jpa - HHH008540: Processing PersistenceUnitInfo [name: default]
2026-03-09 20:56:13 - INFO - org.hibernate.orm.core - HHH000001: Hibernate ORM core version 7.2.1.Final
2026-03-09 20:56:14 - INFO - org.springframework.orm.jpa.persistenceunit.SpringPersistenceUnitInfo - No LoadTimeWeaver setup: ignoring JPA class transformer
2026-03-09 20:56:14 - INFO - com.zaxxer.hikari.HikariDataSource - HikariPool-1 - Starting...
2026-03-09 20:56:15 - INFO - com.zaxxer.hikari.pool.HikariPool - HikariPool-1 - Added connection conn0: url=jdbc:h2:mem:testdb user=POSTGRES
2026-03-09 20:56:15 - INFO - com.zaxxer.hikari.HikariDataSource - HikariPool-1 - Start completed.
2026-03-09 20:56:15 - INFO - org.hibernate.orm.connections.pooling - HHH10001005: Database info:
	Database JDBC URL [jdbc:h2:mem:testdb]
	Database driver: H2 JDBC Driver
	Database dialect: H2Dialect
	Database version: 2.4.240
	Default catalog/schema: testdb/public
	Autocommit mode: undefined/unknown
	Isolation level: READ_COMMITTED [default READ_COMMITTED]
	JDBC fetch size: 100
	Pool: DataSourceConnectionProvider
	Minimum pool size: undefined/unknown
	Maximum pool size: undefined/unknown
2026-03-09 20:56:17 - INFO - org.hibernate.orm.core - HHH000489: No JTA platform available (set 'hibernate.transaction.jta.platform' to enable JTA platform integration)
2026-03-09 20:56:17 - INFO - org.springframework.orm.jpa.LocalContainerEntityManagerFactoryBean - Initialized JPA EntityManagerFactory for persistence unit 'default'
2026-03-09 20:56:18 - INFO - org.springframework.data.jpa.repository.query.QueryEnhancerFactories - Hibernate is in classpath; If applicable, HQL parser will be used.
2026-03-09 20:56:18 - INFO - com.gotcha.gotcha_api.service.JWTService - Generated key length: 256 bits
2026-03-09 20:56:18 - INFO - org.springframework.security.config.annotation.authentication.configuration.InitializeAuthenticationProviderBeanManagerConfigurer$InitializeAuthenticationProviderManagerConfigurer - Global AuthenticationManager configured with AuthenticationProvider bean with name authProvider
2026-03-09 20:56:18 - WARN - org.springframework.security.config.annotation.authentication.configuration.InitializeUserDetailsBeanManagerConfigurer$InitializeUserDetailsManagerConfigurer - Global AuthenticationManager configured with an AuthenticationProvider bean. UserDetailsService beans will not be used by Spring Security for automatically configuring username/password login. Consider removing the AuthenticationProvider bean. Alternatively, consider using the UserDetailsService in a manually instantiated DaoAuthenticationProvider. If the current configuration is intentional, to turn off this warning, increase the logging level of 'org.springframework.security.config.annotation.authentication.configuration.InitializeUserDetailsBeanManagerConfigurer' to ERROR
2026-03-09 20:56:20 - WARN - org.springframework.boot.jpa.autoconfigure.JpaBaseConfiguration$JpaWebConfiguration - spring.jpa.open-in-view is enabled by default. Therefore, database queries may be performed during view rendering. Explicitly configure spring.jpa.open-in-view to disable this warning
2026-03-09 20:56:21 - DEBUG - org.springframework.security.web.DefaultSecurityFilterChain - Will secure any request with filters: DisableEncodeUrlFilter, WebAsyncManagerIntegrationFilter, SecurityContextHolderFilter, HeaderWriterFilter, LogoutFilter, JWTFilter, RequestCacheAwareFilter, SecurityContextHolderAwareRequestFilter, AnonymousAuthenticationFilter, SessionManagementFilter, ExceptionTranslationFilter, AuthorizationFilter
2026-03-09 20:56:22 - DEBUG - com.gotcha.gotcha_api.securityConfig.JWTFilter - Filter 'JWTFilter' configured for use
2026-03-09 20:56:22 - INFO - org.springframework.boot.test.mock.web.SpringBootMockServletContext - Initializing Spring TestDispatcherServlet ''
2026-03-09 20:56:22 - INFO - org.springframework.test.web.servlet.TestDispatcherServlet - Initializing Servlet ''
2026-03-09 20:56:22 - INFO - org.springframework.test.web.servlet.TestDispatcherServlet - Completed initialization in 4 ms
2026-03-09 20:56:22 - INFO - com.gotcha.gotcha_api.controller.SubscriptionControllerIntegrationTest - Started SubscriptionControllerIntegrationTest in 17.013 seconds (process running for 23.214)
2026-03-09 20:56:23 - DEBUG - org.springframework.security.web.FilterChainProxy - Securing POST /api/login
2026-03-09 20:56:23 - DEBUG - org.springframework.security.web.authentication.AnonymousAuthenticationFilter - Set SecurityContextHolder to anonymous SecurityContext
2026-03-09 20:56:23 - DEBUG - org.springframework.security.web.FilterChainProxy - Secured POST /api/login
2026-03-09 20:56:24 - DEBUG - org.springframework.security.authentication.dao.DaoAuthenticationProvider - Authenticated user
2026-03-09 20:56:24 - DEBUG - org.springframework.security.web.FilterChainProxy - Securing POST /api/member/subscription
2026-03-09 20:56:24 - DEBUG - org.springframework.security.web.authentication.AnonymousAuthenticationFilter - Set SecurityContextHolder to anonymous SecurityContext
2026-03-09 20:56:25 - DEBUG - org.springframework.security.web.FilterChainProxy - Securing POST /api/login
2026-03-09 20:56:25 - DEBUG - org.springframework.security.web.authentication.AnonymousAuthenticationFilter - Set SecurityContextHolder to anonymous SecurityContext
2026-03-09 20:56:25 - DEBUG - org.springframework.security.web.FilterChainProxy - Secured POST /api/login
2026-03-09 20:56:25 - DEBUG - org.springframework.security.authentication.dao.DaoAuthenticationProvider - Authenticated user
2026-03-09 20:56:25 - DEBUG - org.springframework.security.web.FilterChainProxy - Securing POST /api/member/subscription
2026-03-09 20:56:26 - DEBUG - org.springframework.security.web.FilterChainProxy - Secured POST /api/member/subscription
2026-03-09 20:56:27 - DEBUG - org.springframework.security.web.FilterChainProxy - Securing POST /api/login
2026-03-09 20:56:27 - DEBUG - org.springframework.security.web.authentication.AnonymousAuthenticationFilter - Set SecurityContextHolder to anonymous SecurityContext
2026-03-09 20:56:27 - DEBUG - org.springframework.security.web.FilterChainProxy - Secured POST /api/login
2026-03-09 20:56:27 - DEBUG - org.springframework.security.authentication.dao.DaoAuthenticationProvider - Authenticated user
2026-03-09 20:56:27 - DEBUG - org.springframework.security.web.FilterChainProxy - Securing POST /api/member/subscription
2026-03-09 20:56:27 - DEBUG - org.springframework.security.web.FilterChainProxy - Secured POST /api/member/subscription
2026-03-09 20:56:27 - DEBUG - org.springframework.security.web.FilterChainProxy - Securing POST /api/login
2026-03-09 20:56:27 - DEBUG - org.springframework.security.web.authentication.AnonymousAuthenticationFilter - Set SecurityContextHolder to anonymous SecurityContext
2026-03-09 20:56:27 - DEBUG - org.springframework.security.web.FilterChainProxy - Secured POST /api/login
2026-03-09 20:56:28 - DEBUG - org.springframework.security.authentication.dao.DaoAuthenticationProvider - Authenticated user
2026-03-09 20:56:28 - DEBUG - org.springframework.security.web.FilterChainProxy - Securing DELETE /api/member/subscription
2026-03-09 20:56:28 - DEBUG - org.springframework.security.web.authentication.AnonymousAuthenticationFilter - Set SecurityContextHolder to anonymous SecurityContext
2026-03-09 20:56:28 - DEBUG - org.springframework.security.web.FilterChainProxy - Securing POST /api/login
2026-03-09 20:56:28 - DEBUG - org.springframework.security.web.authentication.AnonymousAuthenticationFilter - Set SecurityContextHolder to anonymous SecurityContext
2026-03-09 20:56:28 - DEBUG - org.springframework.security.web.FilterChainProxy - Secured POST /api/login
2026-03-09 20:56:29 - DEBUG - org.springframework.security.authentication.dao.DaoAuthenticationProvider - Authenticated user
2026-03-09 20:56:29 - DEBUG - org.springframework.security.web.FilterChainProxy - Securing DELETE /api/member/subscription
2026-03-09 20:56:29 - DEBUG - org.springframework.security.web.FilterChainProxy - Secured DELETE /api/member/subscription
2026-03-09 20:56:29 - INFO - org.springframework.orm.jpa.LocalContainerEntityManagerFactoryBean - Closing JPA EntityManagerFactory for persistence unit 'default'
2026-03-09 20:56:29 - INFO - com.zaxxer.hikari.HikariDataSource - HikariPool-1 - Shutdown initiated...
2026-03-09 20:56:29 - INFO - com.zaxxer.hikari.HikariDataSource - HikariPool-1 - Shutdown completed.
